trade_date,n_active,coverage_20,breadth_positive_20,total_amount_cny,tail_loss_share
2013-01-04,2406,0.0,,207693094304.1001,0.013300083125519535
2013-01-07,2397,0.0,,182007759129.19998,0.0008343763037129745
2013-01-08,2392,0.0,,209562612310.10004,0.0004180602006688963
2013-01-09,2396,0.0,,207072212084.19986,0.0070951585976627716
2013-01-10,2387,0.0,,187882146361.69998,0.0008378718056137411
2013-01-11,2388,0.0,,202982565793.2,0.04271356783919598
2013-01-14,2394,0.0,,242384472969.90002,0.0
2013-01-15,2391,0.0,,278665777669.29987,0.0004182350480970305
2013-01-16,2391,0.0,,254774715230.39996,0.006273525721455458
2013-01-17,2391,0.0,,196746747662.80005,0.03805938937682978
2013-01-18,2397,0.0,,203425892938.10013,0.001668752607425949
2013-01-21,2397,0.0,,216345544998.5,0.003337505214851898
2013-01-22,2403,0.0,,235539408339.79993,0.04203079483978361
2013-01-23,2401,0.0,,185202517742.59998,0.005414410662224073
2013-01-24,2401,0.0,,247816346953.5,0.06538942107455227
2013-01-25,2396,0.0,,151371992025.19998,0.017111853088480802
2013-01-28,2391,0.0,,206893651548.00003,0.002091175240485153
2013-01-29,2391,0.0,,229158453961.59998,0.002091175240485153
2013-01-30,2397,0.0,,226417431481.40005,0.002920317062995411
2013-01-31,2403,0.9621306699958385,0.7729238754325259,209389725531.99997,0.02247191011235955
2013-02-01,2403,0.9721181856013317,0.8000856164383562,222039417369.40002,0.004577611319184353
2013-02-04,2404,0.9750415973377704,0.7235494880546075,262047958624.09995,0.025790349417637273
2013-02-05,2408,0.9771594684385382,0.7156821079473014,217235110169.4999,0.004568106312292359
2013-02-06,2407,0.9800581636892397,0.7409919457397203,186659259634.7,0.0008309098462816784
2013-02-07,2407,0.9879518072289156,0.7140454163162321,189293832723.39996,0.0024927295388450354
2013-02-08,2421,0.9847170590665014,0.8565436241610739,184512802546.59998,0.0004130524576621231
2013-02-18,2419,0.9847044233154196,0.7682619647355163,197464902636.59988,0.0062009094667217855
2013-02-19,2414,0.9859154929577465,0.5626050420168067,200227438540.00003,0.028583264291632146
2013-02-20,2415,0.9867494824016563,0.6911456147712967,189338246783.50006,0.0008281573498964803
2013-02-21,2416,0.9879966887417219,0.6334310850439883,239404599516.80002,0.05132450331125828
2013-02-22,2413,0.9883961873186904,0.5069182389937107,171047295830.09998,0.004973062577704103
2013-02-25,2410,0.9887966804979254,0.5132186319765002,156610992963.9,0.0024896265560165973
2013-02-26,2412,0.9888059701492538,0.5408805031446541,203616210892.0,0.019485903814262025
2013-02-27,2411,0.9892160929075072,0.5421383647798742,169694373169.69995,0.00953961012028204
2013-02-28,2409,0.9887920298879203,0.8047858942065491,214359908559.39996,0.00041511000415110004
2013-03-01,2405,0.9887733887733888,0.8359966358284272,219649326055.2,0.0004158004158004158
2013-03-04,2396,0.9887312186978298,0.5314478682988603,272637482995.1001,0.24874791318864775
2013-03-05,2399,0.9899958315964985,0.6,219993955955.3,0.00041684035014589413
2013-03-06,2399,0.9916631929970822,0.676754939050021,250678316901.59998,0.0016673614005835765
2013-03-07,2398,0.9920767306088407,0.6691887347625053,248586710284.80008,0.03336113427856547
2013-03-08,2401,0.9920866305705955,0.626784214945424,173464475824.19995,0.01790920449812578
2013-03-11,2403,0.9929255097794424,0.6554903604358759,143513309466.5,0.008739076154806492
2013-03-12,2403,0.9929255097794424,0.4786253143336127,194248409455.80005,0.10861423220973783
2013-03-13,2402,0.9933388842631141,0.3989941324392288,145631168881.4,0.01582014987510408
2013-03-14,2404,0.9970881863560732,0.3863162286191072,128744555461.39998,0.004991680532445923
2013-03-15,2403,0.9966708281315023,0.3336116910229645,181874228451.50006,0.006242197253433208
2013-03-18,2400,0.995,0.25753768844221103,150720593792.99994,0.04833333333333333
2013-03-19,2407,0.9954299958454508,0.3071786310517529,141820930343.50006,0.013294557540506855
2013-03-20,2406,0.9950124688279302,0.32706766917293234,199048030670.29993,0.00041562759767248546
2013-03-21,2407,0.9945990859991691,0.4649122807017544,195995989257.9,0.0012463647694225177
2013-03-22,2407,0.9941836310760283,0.5056414542415378,164125187699.10007,0.002077274615704196
2013-03-25,2394,0.9941520467836257,0.44915966386554623,162301242545.5,0.004177109440267335
2013-03-26,2396,0.9941569282136895,0.4563392107472712,168907424659.39996,0.01001669449081803
2013-03-27,2398,0.9945788156797332,0.4817610062893082,159487886373.20004,0.0050041701417848205
2013-03-28,2394,0.995405179615706,0.28619387326898865,189772086438.2,0.14494569757727652
2013-03-29,2391,0.9953994144709327,0.2407563025210084,134242759038.00008,0.012547051442910916
2013-04-01,2399,0.9949979157982493,0.3812316715542522,131238669067.40001,0.014589412255106295
2013-04-02,2394,0.9949874686716792,0.2611251049538203,153573844970.29993,0.06349206349206349
2013-04-03,2394,0.9949874686716792,0.17842149454240133,134480367127.1,0.04427736006683375
2013-04-08,2389,0.9949769778149854,0.19941102229701305,144340591347.8,0.021766429468396818
2013-04-09,2393,0.9958211450062683,0.2522031053294167,138787389879.7,0.008357709987463435
2013-04-10,2392,0.9954013377926422,0.21923561528769425,136934085251.70001,0.005434782608695652
2013-04-11,2393,0.9954032595068951,0.29303106633081444,118417978999.10005,0.0037609694943585457
2013-04-12,2393,0.9954032595068951,0.29848866498740556,110436178986.4,0.010447137484329294
2013-04-15,2393,0.9954032595068951,0.2434928631402183,110331641324.0,0.04053489343919766
2013-04-16,2396,0.9970784641068448,0.2658015906236919,121249633117.4,0.008764607679465776
2013-04-17,2391,0.9970723546633208,0.3540268456375839,118319939084.29999,0.0004182350480970305
2013-04-18,2387,0.9970674486803519,0.34705882352941175,124481901593.79999,0.0033514872224549644
2013-04-19,2388,0.9970686767169179,0.3170936581268375,181120675466.19995,0.0
2013-04-22,2388,0.9979061976549414,0.3054972723457826,171068459371.19995,0.008375209380234505
2013-04-23,2387,0.9974863845831587,0.21671566568668627,169465470478.1001,0.1051529116045245
2013-04-24,2386,0.9974853310980721,0.27605042016806725,169655891444.4999,0.0008382229673093043
2013-04-25,2388,0.9974874371859297,0.2577665827036104,183650575752.89996,0.05150753768844221
2013-04-26,2382,0.9970612930310663,0.19410526315789473,138473929810.0999,0.0743073047858942
2013-05-02,2381,0.996640067198656,0.314369995785925,120251056511.4,0.0251994960100798
2013-05-03,2396,0.9974958263772955,0.3903765690376569,160473430361.19995,0.0037562604340567614
2013-05-06,2394,0.9974937343358395,0.4518425460636516,175517440194.09995,0.000835421888053467
2013-05-07,2397,0.9979140592407175,0.5108695652173914,165775656831.40005,0.0050062578222778474
2013-05-08,2393,0.9974926870037609,0.604943443653121,175071923786.9999,0.001671541997492687
2013-05-09,2397,0.9970796829370046,0.6125523012552301,199390787542.59985,0.0037546933667083854
2013-05-10,2397,0.9966624947851481,0.6190874843030557,178929573435.20007,0.007509386733416771
2013-05-13,2388,0.9966499162479062,0.6445378151260505,168750426269.69995,0.0033500837520938024
2013-05-14,2391,0.9974905897114178,0.6113207547169811,162989898037.19998,0.020493517356754497
2013-05-15,2391,0.9974905897114178,0.6985324947589099,153848778390.40002,0.0012547051442910915
2013-05-16,2389,0.9970699037254082,0.8005877413937867,222840505560.09995,0.004185851820845542
2013-05-17,2385,0.9970649895178197,0.830950378469302,230627954763.49997,0.0
2013-05-20,2378,0.9970563498738436,0.859552931252636,273567269091.90015,0.007148864592094197
2013-05-21,2384,0.9970637583892618,0.8838872528397139,254357001530.50006,0.0020973154362416107
2013-05-22,2386,0.9970662196144174,0.8150483396385035,251446607709.50006,0.038977367979882646
2013-05-23,2387,0.9970674486803519,0.7668067226890757,231825293478.99994,0.007121910347716799
2013-05-24,2384,0.9966442953020134,0.8952020202020202,198981509990.29996,0.0008389261744966443
2013-05-27,2377,0.9970551114850652,0.8751054852320675,221297944051.8,0.0008413967185527977
2013-05-28,2377,0.997896508203618,0.9359190556492412,246381108780.40002,0.03954564577198149
2013-05-29,2381,0.997480050398992,0.96,231276610146.50003,0.0
2013-05-30,2381,0.998320033599328,0.9621371476651241,217663234901.39996,0.0037799244015119695
2013-05-31,2380,0.9983193277310924,0.9385521885521886,215708993869.09998,0.009243697478991597
2013-06-03,2378,0.9978973927670312,0.8912768647281921,198564229271.9001,0.026492851135407905
2013-06-04,2382,0.9987405541561712,0.7994955863808323,196335534029.5,0.06465155331654072
2013-06-05,2381,0.998740025199496,0.7783851976450799,149254192579.59998,0.004199916001679967
2013-06-06,2383,0.9991607217792698,0.6707265854682907,158484454823.80002,0.040285354595048256
2013-06-07,2376,0.9991582491582491,0.4911541701769166,169544975626.4,0.05765993265993266
2013-06-13,2367,0.9995775242923531,0.29797125950972103,160086690690.9,0.2006759611322349
2013-06-14,2372,0.9995784148397976,0.4259805989034163,152453387974.8,0.0012647554806070826
2013-06-17,2363,0.9995768091409225,0.37849280270956814,160750615612.7,0.0029623360135421074
2013-06-18,2365,0.999154334038055,0.35632670334320776,141841511179.2,0.00507399577167019
2013-06-19,2367,0.9991550485847064,0.3044397463002114,145829020082.6,0.005069708491761723
2013-06-20,2361,0.9991529013130029,0.18736752861381942,145087352788.09998,0.16010165184243966
2013-06-21,2365,0.999154334038055,0.15361828184511214,141175473382.59998,0.017758985200845664
2013-06-24,2364,0.998730964467005,0.10334603981363828,176016413839.1,0.7203891708967851
2013-06-25,2364,0.998730964467005,0.10673443456162643,209377154708.69995,0.028341793570219966
2013-06-26,2364,0.998730964467005,0.12325285895806862,178717331680.30002,0.0012690355329949238
2013-06-27,2367,0.9991550485847064,0.08921775898520085,185657779425.69995,0.08449514152936206
2013-06-28,2371,0.9991564740615774,0.08400168847615028,157822230374.1999,0.035428089413749475
2013-07-01,2374,0.9991575400168492,0.10497470489038786,139897511550.79996,0.0037910699241786015
2013-07-02,2374,0.9991575400168492,0.12099494097807757,170414328534.3,0.0008424599831508003
2013-07-03,2377,0.9991586032814472,0.12926315789473683,176049572951.30002,0.004627681952040387
2013-07-04,2370,0.9995780590717299,0.13929928239763614,186678135712.49994,0.010548523206751054
2013-07-05,2370,0.99915611814346,0.15033783783783783,167291628574.00006,0.0270042194092827
2013-07-08,2365,0.999154334038055,0.10537452391028354,147572331928.99997,0.41226215644820297
2013-07-09,2365,0.9987315010570824,0.1367485182049111,115009369379.79996,0.011416490486257928
2013-07-10,2366,0.9995773457311918,0.18773784355179704,156269411415.0,0.0016906170752324597
2013-07-11,2371,0.9991564740615774,0.2908400168847615,250435871061.20007,0.00042176296921130323
2013-07-12,2369,0.9995778809624314,0.2204391891891892,213945505750.89993,0.002110595187842972
2013-07-15,2365,0.999154334038055,0.2670334320778671,199967449133.8,0.00042283298097251583
2013-07-16,2363,0.9995768091409225,0.29678238780694327,195101745982.99994,0.0012695725772323319
2013-07-17,2364,0.9991539763113367,0.26672311600338694,199498458810.10004,0.024957698815566837
2013-07-18,2361,0.9987293519695044,0.37404580152671757,176160590385.2,0.0038119440914866584
2013-07-19,2366,0.9987320371935756,0.3228946254760897,206382300030.99994,0.12172442941673711
2013-07-22,2357,0.9983029274501485,0.6447088822779431,163983309664.2,0.0033941450997030122
2013-07-23,2357,0.9987271955876114,0.8186066270178419,216504707741.7,0.0
2013-07-24,2357,0.9987271955876114,0.7850467289719626,225200387443.29996,0.0008485362749257531
2013-07-25,2360,0.9987288135593221,0.8103521425540942,209633731419.50003,0.12838983050847458
2013-07-26,2358,0.998303647158609,0.7875955819881053,159009643971.4,0.009329940627650551
2013-07-29,2357,0.9983029274501485,0.630259243518912,156974470259.3,0.05854900296987696
2013-07-30,2359,0.9983043662568886,0.5596602972399151,155093841053.1,0.028825773632895294
2013-07-31,2362,0.9983065198983911,0.6195928753180662,142083401940.30002,0.0046570702794242165
2013-08-01,2361,0.9987293519695044,0.6980491942324003,184315015806.10004,0.0
2013-08-02,2367,0.9987325728770595,0.7280033840947546,195950075716.60004,0.0016899028305872412
2013-08-05,2361,0.9987293519695044,0.9151823579304496,174389693571.79993,0.00042354934349851756
2013-08-06,2359,0.9987282746926663,0.9274193548387096,208580245158.39996,0.0
2013-08-07,2352,0.9987244897959183,0.8454661558109834,211255242146.49994,0.041666666666666664
2013-08-08,2351,0.9987239472564866,0.7052810902896082,169536042876.10007,0.0012760527435133986
2013-08-09,2355,0.9991507430997877,0.795155121121972,188856956795.09998,0.003397027600849257
2013-08-12,2351,0.9991492981709911,0.8284376330353341,239007843069.9999,0.006805614632071459
2013-08-13,2349,0.9995742869306088,0.8202725724020443,200476862693.19998,0.0008514261387824606
2013-08-14,2353,0.9991500212494687,0.8507018290089323,208537805211.79993,0.0
2013-08-15,2350,0.9995744680851064,0.8199233716475096,186679241201.39996,0.01276595744680851
2013-08-16,2351,0.9995746490854955,0.8242553191489361,244552007001.59998,0.09357720119098256
2013-08-19,2348,0.9991482112436116,0.8188405797101449,173886571262.2,0.0008517887563884157
2013-08-20,2356,0.9991511035653651,0.693712829226848,191380860364.3,0.0029711375212224107
2013-08-21,2359,0.9991521831284442,0.7093763258379295,167735532690.80008,0.002967359050445104
2013-08-22,2356,0.9995755517826825,0.7885350318471338,179190454905.3,0.0025466893039049238
2013-08-23,2359,0.9995760915642221,0.772264631043257,217645158029.39996,0.005510809665112336
2013-08-26,2361,0.9995764506565015,0.8991525423728813,210793322914.1999,0.00042354934349851756
2013-08-27,2358,0.9995759117896522,0.9164191769198133,214076532354.2,0.0008481764206955047
2013-08-28,2356,0.9995755517826825,0.8679405520169852,260062940083.59998,0.03607809847198642
2013-08-29,2358,0.9995759117896522,0.7734408145948239,209029359369.50003,0.00551314673452078
2013-08-30,2362,0.9995766299745978,0.67429055484964,257315543421.9001,0.13336155800169347
2013-09-02,2358,0.9991518235793045,0.6578947368421053,216140834319.5999,0.04834605597964377
2013-09-03,2363,0.9995768091409225,0.6773920406435224,215420458755.3999,0.0050782903089293275
2013-09-04,2364,1.0,0.7178510998307953,222119344009.80005,0.0021150592216582064
2013-09-05,2367,1.0,0.7029995775242923,213174004386.60007,0.0012674271229404308
2013-09-06,2366,1.0,0.7104818258664413,222575595979.6,0.00253592561284869
2013-09-09,2361,1.0,0.6738670055061414,310394350951.3,0.002964845404489623
2013-09-10,2362,0.9995766299745978,0.6709021601016518,325218259069.6001,0.003810330228619814
2013-09-11,2362,0.9991532599491956,0.663135593220339,343619084440.40015,0.07535986452159187
2013-09-12,2358,0.9995759117896522,0.714891811624947,277841388771.10004,0.0033927056827820186
2013-09-13,2356,0.9995755517826825,0.808067940552017,245552414659.2,0.011035653650254669
2013-09-16,2356,0.9995755517826825,0.7418259023354564,241749783074.5,0.003395585738539898
2013-09-17,2358,0.9991518235793045,0.6536502546689303,237325503476.2,0.04792196776929601
2013-09-18,2358,0.9987277353689568,0.6484076433121019,191759021959.6,0.002544529262086514
2013-09-23,2355,0.9987261146496815,0.7278911564625851,235964012489.00006,0.0021231422505307855
2013-09-24,2359,0.9987282746926663,0.7338709677419355,272326825999.90002,0.003391267486222976
2013-09-25,2355,0.9987261146496815,0.6211734693877551,271385583327.79993,0.013163481953290871
2013-09-26,2356,0.9987266553480475,0.4980875478113047,240957744849.5,0.08488964346349745
2013-09-27,2362,0.9987298899237934,0.5485375158965663,193490800277.00003,0.02286198137171888
2013-09-30,2366,0.9991546914623838,0.6129441624365483,178652899327.40012,0.001267962806424345
2013-10-08,2369,0.9987336428872943,0.7586644125105664,236695103225.09998,0.002110595187842972
2013-10-09,2364,0.9991539763113367,0.7849280270956817,245131680669.10007,0.0
2013-10-10,2367,0.9991550485847064,0.677801268498943,278829208709.8,0.024926066751161807
2013-10-11,2368,0.9991554054054054,0.7476754015215553,277937689250.0,0.0046452702702702705
2013-10-14,2361,0.9991529013130029,0.8020347604917338,299244225168.09985,0.005082592121982211
2013-10-15,2359,0.9991521831284442,0.7704709376325838,284990639415.1,0.022467147096227214
2013-10-16,2356,0.9991511035653651,0.5607476635514018,275855215991.10004,0.17529711375212223
2013-10-17,2358,0.9991518235793045,0.5466893039049237,235003530825.19992,0.02374893977947413
2013-10-18,2362,0.9991532599491956,0.5944915254237289,193193933193.79993,0.007620660457239628
2013-10-21,2358,0.9991518235793045,0.6591680814940577,261352291924.10004,0.0016963528413910093
2013-10-22,2358,0.9991518235793045,0.6443123938879457,293239933501.9,0.05258693808312129
2013-10-23,2362,0.9995766299745978,0.5141889030072003,262565678096.40005,0.13463166807790009
2013-10-24,2366,1.0,0.5980557903634827,184399887826.79993,0.027049873203719356
2013-10-25,2352,1.0,0.4651360544217687,207869785561.7999,0.07653061224489796
2013-10-28,2356,1.0,0.366723259762309,167713081612.7,0.04966044142614601
2013-10-29,2359,1.0,0.27045358202628234,243771867689.6,0.2161933022467147
2013-10-30,2362,1.0,0.3331922099915326,192582602944.30002,0.001693480101608806
2013-10-31,2353,1.0,0.3803654908627284,183585244427.69995,0.06672333191670209
2013-11-01,2355,1.0,0.362208067940552,155359774865.10004,0.036093418259023353
2013-11-04,2348,1.0,0.35093696763202725,138368683273.29993,0.0068143100511073255
2013-11-05,2353,1.0,0.3217169570760731,164087053222.49994,0.0008499787505312367
2013-11-06,2354,1.0,0.27612574341546303,185289050879.20004,0.014443500424808835
2013-11-07,2355,1.0,0.2522292993630573,149199476813.2,0.025902335456475585
2013-11-08,2360,1.0,0.17966101694915254,144147810836.39996,0.03516949152542373
2013-11-11,2354,1.0,0.16992353440951571,124901950995.1,0.014018691588785047
2013-11-12,2361,1.0,0.1833968657348581,143733052640.40005,0.004235493434985175
2013-11-13,2358,1.0,0.1895674300254453,148689945385.30008,0.05343511450381679
2013-11-14,2353,1.0,0.22014449638759032,156969550000.10007,0.003824904377390565
2013-11-15,2354,1.0,0.2655055225148683,228820908070.09998,0.0004248088360237893
2013-11-18,2348,1.0,0.26788756388415674,268641719376.79993,0.0008517887563884157
2013-11-19,2350,1.0,0.2970212765957447,231211919971.80002,0.003829787234042553
2013-11-20,2348,1.0,0.4565587734241908,211837309964.80005,0.0008517887563884157
2013-11-21,2346,1.0,0.4629156010230179,239188915999.90005,0.008098891730605285
2013-11-22,2341,1.0,0.5578812473302007,207344079968.40005,0.009824861170439982
2013-11-25,2341,1.0,0.5822298163178129,198514051713.5999,0.007261853908586074
2013-11-26,2343,1.0,0.7516005121638925,185698101409.90002,0.005548442168160478
2013-11-27,2342,1.0,0.737403928266439,220875409792.2,0.0
2013-11-28,2339,1.0,0.827704147071398,249292905851.9,0.0021376656690893546
2013-11-29,2340,1.0,0.8576923076923076,227854218657.40002,0.00042735042735042735
2013-12-02,2340,1.0,0.5200854700854701,304175984176.49994,0.5965811965811966
2013-12-03,2346,0.9995737425404945,0.5897654584221749,212227702265.0999,0.0247229326513214
2013-12-04,2346,1.0,0.711849957374254,268201202487.59995,0.010656436487638534
2013-12-05,2346,1.0,0.7549019607843137,221189740771.80002,0.028985507246376812
2013-12-06,2347,1.0,0.8133787814230933,187522300774.80005,0.011504047720494247
2013-12-09,2342,1.0,0.8249359521776259,180821441926.70013,0.0017079419299743809
2013-12-10,2347,1.0,0.7835534725181083,197022256500.29993,0.008947592671495527
2013-12-11,2350,1.0,0.8229787234042554,188358291708.60004,0.008936170212765958
2013-12-12,2345,1.0,0.7953091684434968,167510332275.70007,0.00042643923240938164
2013-12-13,2346,1.0,0.7190963341858483,163434109617.5,0.0029838022165387893
2013-12-16,2346,1.0,0.4876385336743393,187083255200.9,0.0370843989769821
2013-12-17,2346,1.0,0.44671781756180734,149482256941.80002,0.023444160272804774
2013-12-18,2340,1.0,0.3974358974358974,128671533739.89996,0.012393162393162393
2013-12-19,2342,0.9995730145175064,0.3827424177701837,138109352074.30002,0.02049530315969257
2013-12-20,2347,0.9995739241585002,0.3209718670076726,150547815847.50006,0.0293992330634853
2013-12-23,2344,0.9995733788395904,0.2940674349125053,129753749927.70003,0.02687713310580205
2013-12-24,2350,0.9995744680851064,0.3158790974882929,138962115329.90002,0.00723404255319149
2013-12-25,2350,0.9995744680851064,0.3243933588761175,144675555561.69998,0.002553191489361702
2013-12-26,2353,0.9995750106247344,0.2261904761904762,160784108637.00003,0.040798980025499365
2013-12-27,2352,0.9995748299319728,0.2577626541897065,159875573196.6,0.0008503401360544217
2013-12-30,2353,0.9995750106247344,0.5416666666666666,158739074675.0,0.004674883127921802
2013-12-31,2352,0.9991496598639455,0.46,161529856980.90002,0.015731292517006803
2014-01-02,2354,0.9991503823279524,0.4260204081632653,157842260474.50003,0.0038232795242141037
2014-01-03,2346,0.9987212276214834,0.401195049082373,182759584914.90005,0.00980392156862745
2014-01-06,2346,0.9991474850809889,0.31356655290102387,178234074761.1,0.1534526854219949
2014-01-07,2351,0.9991492981709911,0.3001277139208174,139326233531.10004,0.0063802637175669925
2014-01-08,2348,0.9991482112436116,0.3277919863597613,173754061865.79993,0.002129471890971039
2014-01-09,2348,0.9995741056218058,0.29910524073285044,180013923665.59995,0.05792163543441227
2014-01-10,2343,0.9991463935125907,0.24177701836821872,146983094047.5,0.06572769953051644
2014-01-13,2342,0.9987190435525192,0.22488242838820008,134800502524.5,0.02604611443210931
2014-01-14,2342,0.9987190435525192,0.3099615220179564,144685085172.89996,0.003842869342442357
2014-01-15,2343,0.998719590268886,0.34786324786324785,153657523476.4999,0.0017072129748186087
2014-01-16,2338,0.9991445680068435,0.351027397260274,160875160316.90005,0.011976047904191617
2014-01-17,2342,0.9987190435525192,0.3467293715262933,143480442359.49997,0.016225448334756618
2014-01-20,2345,0.9987206823027719,0.3629376601195559,134514246321.00003,0.034541577825159916
2014-01-21,2358,0.9953350296861747,0.4115892628887942,147244306765.60004,0.001272264631043257
2014-01-22,2362,0.9949195596951735,0.46638297872340423,212851155978.90005,0.003386960203217612
2014-01-23,2372,0.9915682967959528,0.42304421768707484,209435526788.79996,0.0016863406408094434
2014-01-24,2375,0.9911578947368421,0.570518266779949,224562525216.7,0.002105263157894737
2014-01-27,2381,0.9886602267954641,0.4719626168224299,217371646782.20007,0.015119697606047878
2014-01-28,2391,0.9849435382685069,0.4445859872611465,175159312179.80005,0.018820577164366373
2014-01-29,2395,0.9828810020876827,0.461767204757859,178725486455.9,0.00918580375782881
2014-01-30,2399,0.9824927052938724,0.41026728892660164,156576377110.49994,0.02334305960817007
2014-02-07,2396,0.9828881469115192,0.5099787685774947,180075151774.40002,0.00041736227045075126
2014-02-10,2390,0.9811715481171548,0.8153518123667377,287730110923.4001,0.0008368200836820083
2014-02-11,2387,0.9824046920821115,0.8434968017057569,306680622086.0,0.016757436112274822
2014-02-12,2390,0.9824267782426779,0.8807495741056218,277956961308.5998,0.0016736401673640166
2014-02-13,2382,0.9832073887489504,0.8941076003415884,299939218733.3,0.0852225020990764
2014-02-14,2375,0.984,0.9392383397518186,243562637894.80002,0.0012631578947368421
2014-02-17,2372,0.9822934232715008,0.9545064377682403,307784118373.69995,0.0
2014-02-18,2372,0.9818718381112985,0.927436668097896,315939608519.0002,0.0021079258010118043
2014-02-19,2377,0.9806478754732857,0.9377949377949378,302049235494.4,0.010096760622633571
2014-02-20,2369,0.9818488813845504,0.912725709372313,295467515393.3001,0.04938792739552554
2014-02-21,2375,0.9814736842105263,0.9193479193479194,230617982238.10004,0.01768421052631579
2014-02-24,2377,0.9827513672696676,0.9011130136986302,254137477581.80005,0.04375262936474548
2014-02-25,2378,0.9827586206896551,0.7376979032948224,330495492714.50006,0.3423044575273339
2014-02-26,2371,0.9873471109236609,0.6304997864160615,236588145206.19995,0.013918177983973008
2014-02-27,2376,0.9886363636363636,0.547041294167731,271430883721.30008,0.08333333333333333
2014-02-28,2382,0.9903442485306465,0.5481136074607885,227837602445.79996,0.013853904282115869
2014-03-03,2379,0.992854140395124,0.6824724809483489,239356393140.3,0.0029424127784783522
2014-03-04,2385,0.9932914046121594,0.6779231743351625,239334356358.09998,0.012159329140461216
2014-03-05,2387,0.993715961457897,0.6327993254637436,218023668577.89996,0.008797653958944282
2014-03-06,2378,0.9966358284272497,0.6654008438818565,219595255505.89993,0.009251471825063078
2014-03-07,2379,0.9974779319041615,0.5870206489675516,214317861823.59995,0.020596889449348465
2014-03-10,2382,0.9974811083123426,0.3194444444444444,217146941845.3001,0.30982367758186397
2014-03-11,2379,0.9978982765868012,0.3079191238416175,179904613972.90005,0.031525851197982346
2014-03-12,2376,0.9987373737373737,0.26000842815002106,184771605556.69998,0.034511784511784514
2014-03-13,2371,0.9987347110923661,0.3458614864864865,171558947896.59995,0.007169970476592155
2014-03-14,2370,0.9987341772151899,0.27165188001689905,159531087194.5,0.01181434599156118
2014-03-17,2369,0.9987336428872943,0.2688081149619611,173156604657.09998,0.002110595187842972
2014-03-18,2371,0.9987347110923661,0.2816722972972973,200451006276.1,0.0029523407844791226
2014-03-19,2369,0.9987336428872943,0.28317836010143704,190842120828.50006,0.008442380751371888
2014-03-20,2372,0.9995784148397976,0.2366090257275411,207150292208.09995,0.1399662731871838
2014-03-21,2369,0.9995778809624314,0.33530405405405406,225350322253.89996,0.005065428450823132
2014-03-24,2355,0.9995753715498938,0.39889549702633814,224612401836.00012,0.0237791932059448
2014-03-25,2358,1.0,0.5767599660729432,205316092148.2,0.021628498727735368
2014-03-26,2357,1.0,0.5494272380144252,176534290510.0,0.002969876962240136
2014-03-27,2354,1.0,0.5182667799490229,200648826273.8,0.08666100254885302
2014-03-28,2356,1.0,0.37818336162988114,202750229451.90005,0.16213921901528014
2014-03-31,2343,1.0,0.25906956892872385,147763101184.4,0.061886470337174565
2014-04-01,2344,0.9995733788395904,0.323943661971831,137832284145.89996,0.005546075085324232
2014-04-02,2341,1.0,0.335753951302862,163765839904.60007,0.012387868432293891
2014-04-03,2346,1.0,0.3167092924126172,164780094746.5,0.014919011082693947
2014-04-04,2350,1.0,0.38340425531914896,144353612041.09998,0.001702127659574468
2014-04-08,2344,1.0,0.6424914675767918,202090922851.89996,0.005119453924914676
2014-04-09,2342,1.0,0.6810418445772843,187973933498.7,0.0017079419299743809
2014-04-10,2339,1.0,0.70884993587003,250376672055.8999,0.002992731936725096
2014-04-11,2332,1.0,0.6423670668953688,210840250064.20004,0.00986277873070326
2014-04-14,2329,1.0,0.6874194933447831,178327573317.80005,0.0034349506225848005
2014-04-15,2325,1.0,0.556989247311828,188157046352.9,0.00903225806451613
2014-04-16,2323,0.9995695221696083,0.5396210163652024,157815798750.3,0.005596211795092553
2014-04-17,2326,0.9995700773860705,0.5333333333333333,157048382667.2,0.009888220120378332
2014-04-18,2329,0.9995706311721769,0.7014604810996563,148613334327.20007,0.0047230571060541005
2014-04-21,2320,1.0,0.44655172413793104,173771270072.30005,0.03836206896551724
2014-04-22,2322,1.0,0.35400516795865633,173827098254.19995,0.03488372093023256
2014-04-23,2329,0.9995706311721769,0.3393470790378007,139174907250.8,0.021897810218978103
2014-04-24,2326,1.0,0.2837489251934652,141028789234.80002,0.03310404127257094
2014-04-25,2322,1.0,0.2665805340223945,154976821342.7,0.1020671834625323
2014-04-28,2310,0.9995670995670995,0.22477262884365526,150557058954.3,0.2670995670995671
2014-04-29,2315,1.0,0.2971922246220302,121197363838.00003,0.015550755939524838
2014-04-30,2318,1.0,0.27911993097497845,117696568724.6,0.006902502157031924
2014-05-05,2312,0.9995674740484429,0.3245348334054522,124581216700.29999,0.003027681660899654
2014-05-06,2313,1.0,0.3450064850843061,136998601693.1,0.0030263726761781237
2014-05-07,2318,1.0,0.25884383088869717,131524280437.09995,0.038395168248490076
2014-05-08,2312,1.0,0.2236159169550173,129144227542.59998,0.007352941176470588
2014-05-09,2310,1.0,0.18441558441558442,126172320873.49998,0.032467532467532464
2014-05-12,2308,1.0,0.2339688041594454,173239997794.9,0.0034662045060658577
2014-05-13,2312,1.0,0.2309688581314879,151728798945.50006,0.009515570934256055
2014-05-14,2316,1.0,0.21070811744386875,123967043398.90001,0.0038860103626943004
2014-05-15,2318,1.0,0.1798964624676445,135082415597.50002,0.04745470232959448
2014-05-16,2316,1.0,0.17832469775474957,117824301195.30005,0.023747841105354058
2014-05-19,2316,0.9995682210708118,0.16414686825053995,111238204389.5,0.011226252158894647
2014-05-20,2321,0.999569151227919,0.1629310344827586,117636214274.00003,0.004308487720809996
2014-05-21,2316,0.9995682210708118,0.23110151187904968,111379467488.39996,0.002158894645941278
2014-05-22,2321,0.999569151227919,0.2525862068965517,140913142415.3,0.0025850926324859974
2014-05-23,2318,1.0,0.31406384814495253,126286330934.0,0.001725625539257981
2014-05-26,2312,1.0,0.42387543252595156,152507896283.90002,0.0008650519031141869
2014-05-27,2316,0.9995682210708118,0.5455723542116631,137507634010.4,0.002158894645941278
2014-05-28,2313,1.0,0.8357111975789019,169029741049.29993,0.0012970168612191958
2014-05-29,2313,1.0,0.6956333765672287,168322967877.30005,0.019455252918287938
2014-05-30,2312,0.9995674740484429,0.6430116832540026,148097270614.60007,0.0034602076124567475
2014-06-03,2311,1.0,0.5599307659022068,138946186104.60004,0.00865426222414539
2014-06-04,2318,0.999137187230371,0.44041450777202074,136294389072.99998,0.0090595340811044
2014-06-05,2307,0.9995665366276549,0.6522116218560278,138062822067.6,0.0017338534893801473
2014-06-06,2307,0.9995665366276549,0.6131830008673027,141043897655.39993,0.003034243606415258
2014-06-09,2305,1.0,0.6295010845986985,133180157443.19998,0.010845986984815618
2014-06-10,2311,1.0,0.531371700562527,157699489913.49994,0.003028991778450887
2014-06-11,2308,0.9995667244367418,0.5691374078890333,160069377363.30005,0.0030329289428076256
2014-06-12,2303,1.0,0.5627442466348241,163964131953.5,0.0034737299174989146
2014-06-13,2299,0.9995650282731623,0.7406440382941688,193289763070.00003,0.0017398869073510222
2014-06-16,2300,0.9995652173913043,0.7703349282296651,194187227070.10004,0.0017391304347826088
2014-06-17,2310,1.0,0.7541125541125541,176170598677.30005,0.008658008658008658
2014-06-18,2308,0.9995667244367418,0.6913740788903338,166922785480.4001,0.016897746967071057
2014-06-19,2307,1.0,0.4664065886432596,174001036994.90002,0.13827481577806675
2014-06-20,2313,1.0,0.5404236921746649,124920128813.69995,0.0034587116299178555
2014-06-23,2308,1.0,0.5333622183708839,142655807882.6,0.002166377816291161
2014-06-24,2312,1.0,0.5155709342560554,148993552432.6,0.003027681660899654
2014-06-25,2302,1.0,0.5112945264986968,140159550475.99997,0.008688097306689836
2014-06-26,2304,0.9982638888888888,0.5343478260869565,176024451301.80002,0.00043402777777777775
2014-06-27,2306,0.9986990459670425,0.6717325227963525,196133959200.59995,0.002168256721595837
2014-06-30,2301,0.9982616253802694,0.7152808010448412,203078767840.00006,0.000434593654932638
2014-07-01,2310,0.9974025974025974,0.7578125,208592573878.50006,0.0021645021645021645
2014-07-02,2317,0.9965472593871385,0.826764833261152,219306180127.9001,0.0043159257660768235
2014-07-03,2310,0.9961038961038962,0.8053020425901782,234708184556.3,0.0030303030303030303
2014-07-04,2303,0.9960920538428137,0.8299912816041848,212068520198.40002,0.0060790273556231
2014-07-07,2306,0.9960971379011275,0.8450152372659991,202748010650.99994,0.009540329575021683
2014-07-08,2306,0.9956634865568084,0.8131533101045296,208465087731.90002,0.0026019080659150044
2014-07-09,2306,0.9960971379011275,0.6943839791031781,244384421943.70007,0.026886383347788378
2014-07-10,2305,0.9960954446854664,0.7338850174216028,205279496068.59998,0.008676789587852495
2014-07-11,2301,0.9960886571056062,0.731675392670157,206070350474.6999,0.003476749239461104
2014-07-14,2299,0.9960852544584602,0.7672489082969433,233088480881.39993,0.008264462809917356
2014-07-15,2303,0.9960920538428137,0.7994768962510898,247511704085.70007,0.029092488059053408
2014-07-16,2303,0.9960920538428137,0.8007846556233653,225560619728.50006,0.04559270516717325
2014-07-17,2298,0.9956483899042646,0.8789335664335665,176121618298.19995,0.016536118363794605
2014-07-18,2301,0.9956540634506736,0.8450458315146224,177428219740.30002,0.006953498478922208
2014-07-21,2293,0.9956389010030527,0.7906263688129654,169776616546.39996,0.01264718709114697
2014-07-22,2294,0.995640802092415,0.8064798598949212,209070688246.69998,0.00043591979075850045
2014-07-23,2302,0.996524761077324,0.7781168265039233,226201826369.70004,0.03475238922675934
2014-07-24,2303,0.9969604863221885,0.7068815331010453,254928035696.1,0.023881893182805036
2014-07-25,2309,0.996102208748376,0.7186956521739131,217579751438.3999,0.006929406669553919
2014-07-28,2309,0.9974014724989173,0.7503256621797655,329722654877.99994,0.0017323516673884798
2014-07-29,2310,0.9987012987012988,0.7693974859124404,316082906339.99994,0.0012987012987012987
2014-07-30,2309,0.9995669120831528,0.7625649913344887,301764552908.1,0.00129926375054136
2014-07-31,2319,0.9978438982319966,0.766637856525497,274546309680.1001,0.0008624407072013799
2014-08-01,2321,0.99569151227919,0.7187364777152748,312527794875.5,0.008616975441619991
2014-08-04,2320,0.9956896551724138,0.7727272727272727,278180253263.30005,0.0017241379310344827
2014-08-05,2324,0.9952667814113597,0.7747514051015997,298096290941.3,0.0008605851979345956
2014-08-06,2320,0.9952586206896552,0.8419229103508012,291657971881.1001,0.0008620689655172414
2014-08-07,2321,0.99569151227919,0.8212894850713977,286828198760.8001,0.008186126669538992
2014-08-08,2325,0.9948387096774194,0.8318201469952443,239397218123.09998,0.0012903225806451613
2014-08-11,2323,0.995264743865691,0.8373702422145328,274925557323.6001,0.00043047783039173483
2014-08-12,2319,0.9948253557567918,0.8868660598179454,287745597459.0,0.0008624407072013799
2014-08-13,2316,0.9952504317789291,0.9214750542299349,308903868157.1,0.0038860103626943004
2014-08-14,2315,0.9956803455723542,0.9310195227765726,303861159799.4999,0.008639308855291577
2014-08-15,2320,0.9948275862068966,0.949740034662045,284197299838.5,0.0017241379310344827
2014-08-18,2307,0.9956653662765497,0.9686547670875054,321350021671.50006,0.0
2014-08-19,2315,0.9956803455723542,0.9531453362255965,356503641328.59985,0.004751619870410367
2014-08-20,2318,0.994823123382226,0.9661751951431049,318263202178.7998,0.003451251078515962
2014-08-21,2322,0.9956933677863911,0.9606401384083045,311819204393.4,0.0030146425495262705
2014-08-22,2325,0.9944086021505376,0.9602076124567474,310531604356.6999,0.003010752688172043
2014-08-25,2320,0.9935344827586207,0.9123644251626898,297625544365.6,0.010344827586206896
2014-08-26,2317,0.9935261113508848,0.7858384013900955,294255769265.30005,0.0466119982736297
2014-08-27,2318,0.9943917169974116,0.7869848156182213,232323646789.7001,0.006902502157031924
2014-08-28,2311,0.9965382951103419,0.6856274424663482,236408876413.79993,0.023799221116399826
2014-08-29,2313,0.9974059662775616,0.8079757260511486,200279181985.09998,0.0034587116299178555
2014-09-01,2309,0.9982676483326115,0.7921908893709327,259096747012.09998,0.0
2014-09-02,2314,0.9982713915298185,0.8372294372294372,362527167064.5999,0.0
2014-09-03,2318,0.998274374460742,0.8578219533275713,398087329178.1,0.0004314063848144953
2014-09-04,2314,0.9978392394122731,0.931572109138155,392058439166.8002,0.000864304235090752
2014-09-05,2327,0.9982810485603781,0.9298321136461473,390591610144.00006,0.0
2014-09-09,2316,0.9978411053540587,0.8887927304197317,369902803105.49994,0.0
2014-09-10,2321,0.99569151227919,0.8818693206404155,359691145818.39996,0.003877638948728996
2014-09-11,2313,0.9961089494163424,0.8702256944444444,431007644750.99994,0.0017293558149589277
2014-09-12,2323,0.9948342660352992,0.922977066205106,346460620990.6001,0.0008609556607834697
2014-09-15,2319,0.994394135403191,0.9167389418907199,404494756168.3999,0.0008624407072013799
2014-09-16,2317,0.9952524816573155,0.746313963573287,494430603737.99994,0.2468709538195943
2014-09-17,2323,0.9948342660352992,0.7585460839463436,335405424819.4,0.004735256134309083
2014-09-18,2319,0.9952565761103924,0.7876949740034662,300983287176.69995,0.00258732212160414
2014-09-19,2319,0.9961190168175937,0.835930735930736,303079759417.8999,0.0
2014-09-22,2308,0.9965337954939342,0.7447826086956522,317001457629.2998,0.011265164644714038
2014-09-23,2311,0.9965382951103419,0.8319583152409901,297222007125.2,0.0012981393336218088
2014-09-24,2312,0.9965397923875432,0.9283854166666666,384587545840.7003,0.0012975778546712802
2014-09-25,2317,0.9961156668105309,0.9137781629116117,404970363118.4999,0.001294777729823047
2014-09-26,2326,0.9957007738607051,0.9322107081174439,322237365834.49994,0.003869303525365434
2014-09-29,2316,0.9956822107081175,0.9258456201214224,371433003266.9999,0.0030224525043177895
2014-09-30,2336,0.9948630136986302,0.9087779690189329,347597101550.0,0.003424657534246575
2014-10-08,2321,0.994829814735028,0.9051537462104807,387667512386.5002,0.0012925463162429987
2014-10-09,2329,0.9927007299270073,0.898356401384083,446898949275.5999,0.0017174753112924003
2014-10-10,2326,0.9914015477214101,0.8516912402428447,416886228552.1001,0.005588993981083405
2014-10-13,2311,0.9913457377758547,0.8219118288956787,377814544923.8002,0.004759844223279966
2014-10-14,2313,0.993514915693904,0.7959094865100087,368424430901.7001,0.005620406398616515
2014-10-15,2318,0.9930974978429681,0.7867072111207646,364837219336.69995,0.003882657463330457
2014-10-16,2322,0.9939707149009475,0.7391681109185442,411595276309.59985,0.037467700258397935
2014-10-17,2324,0.9939759036144579,0.6173160173160173,377301189173.1998,0.0391566265060241
2014-10-20,2329,0.9939888364104766,0.6263498920086393,301521619681.7,0.004293688278231
2014-10-21,2328,0.9939862542955327,0.7579948141745895,307426658043.69995,0.014604810996563574
2014-10-22,2333,0.9939991427346764,0.6308753773178094,289578737743.5,0.02186026575225032
2014-10-23,2322,0.9935400516795866,0.4837451235370611,292968733190.9,0.05770887166236004
2014-10-24,2324,0.9935456110154905,0.4456474664356864,235552209036.30005,0.015920826161790018
2014-10-27,2322,0.9939707149009475,0.5463604852686309,238841002665.49994,0.020241171403962102
2014-10-28,2328,0.9935567010309279,0.6208387375702551,329594080025.80005,0.000859106529209622
2014-10-29,2318,0.993960310612597,0.6124131944444444,451998520898.4999,0.0004314063848144953
2014-10-30,2327,0.9926944563816072,0.6242424242424243,433270689546.39996,0.00558659217877095
2014-10-31,2332,0.9927101200686106,0.6112311015118791,453249651889.8,0.0047169811320754715
2014-11-03,2330,0.9931330472103004,0.6106309420916163,422182498866.80005,0.0017167381974248926
2014-11-04,2333,0.992284612087441,0.5511879049676026,425622909567.99994,0.014144877839691384
2014-11-05,2342,0.9940222032450897,0.46563573883161513,379858118957.2001,0.003842869342442357
2014-11-06,2342,0.9953031596925704,0.4877734877734878,354904000294.5,0.0017079419299743809
2014-11-07,2348,0.9953151618398637,0.45314505776636715,466579482367.1002,0.011499148211243612
2014-11-10,2339,0.9952971355280035,0.5,435521737413.9999,0.003847798204360838
2014-11-11,2343,0.9953051643192489,0.36792452830188677,574557065221.3,0.2667520273154076
2014-11-12,2346,0.9953111679454391,0.4235546038543897,374638621184.6001,0.0008525149190110827
2014-11-13,2345,0.9953091684434968,0.4502999143101971,451260063113.0001,0.07377398720682303
2014-11-14,2348,0.9953151618398637,0.4766795036371416,338776291270.1001,0.032793867120954
2014-11-17,2332,0.9952830188679245,0.46014648858250756,349932788861.3,0.003001715265866209
2014-11-18,2335,0.995289079229122,0.5133390705679862,314915652818.8,0.004282655246252677
2014-11-19,2331,0.9952809952809952,0.6297413793103448,322502815844.1001,0.001716001716001716
2014-11-20,2315,0.9952483801295896,0.7157118055555556,291560443868.7999,0.0008639308855291577
2014-11-21,2318,0.994823123382226,0.7502168256721596,365507967942.39996,0.0004314063848144953
2014-11-24,2314,0.9948141745894555,0.761511728931364,574974779458.7001,0.000864304235090752
2014-11-25,2312,0.995242214532872,0.7105606258148631,523873367496.8001,0.004325259515570935
2014-11-26,2314,0.996542783059637,0.6673894189071986,566052663689.5002,0.0025929127052722557
2014-11-27,2304,0.9965277777777778,0.7060104529616724,609390209569.5999,0.002170138888888889
2014-11-28,2309,0.996535296665223,0.7027379400260756,700048052010.9,0.0043308791684712
2014-12-01,2297,0.9978232477144101,0.5776614310645725,679832806927.4001,0.04440574662603396
2014-12-02,2308,0.9982668977469671,0.6631944444444444,662767060872.0001,0.0012998266897746968
2014-12-03,2322,0.9956933677863911,0.7097750865051903,897255074615.0,0.0103359173126615
2014-12-04,2315,0.9961123110151188,0.7224631396357328,868887814865.8,0.0008639308855291577
2014-12-05,2324,0.9948364888123924,0.615916955017301,1050306359035.4001,0.2508605851979346
2014-12-08,2315,0.9952483801295896,0.5685763888888888,960526396213.0999,0.039308855291576676
2014-12-09,2315,0.9952483801295896,0.5464409722222222,1243235352923.1003,0.47257019438444925
2014-12-10,2324,0.9952667814113597,0.6074362300043233,839372499505.7,0.004302925989672977
2014-12-11,2324,0.9944061962134251,0.7247944612721765,775524368393.3,0.010327022375215147
2014-12-12,2329,0.9944182052382997,0.7767702936096719,682956461339.2003,0.008587376556462
2014-12-15,2333,0.994856408058294,0.7832830676432572,696291938494.4999,0.005572224603514788
2014-12-16,2344,0.9944539249146758,0.7443157443157443,776702952762.0999,0.005546075085324232
2014-12-17,2340,0.9948717948717949,0.6533505154639175,889835337850.0999,0.014957264957264958
2014-12-18,2329,0.9948475740661228,0.6335779024600777,720659036887.7003,0.022756547874624302
2014-12-19,2328,0.9944158075601375,0.5455723542116631,784733481425.2004,0.062285223367697595
2014-12-22,2326,0.9944110060189166,0.38737570255079984,917096696489.0,0.5382631126397248
2014-12-23,2330,0.9944206008583691,0.3159257660768235,625314356246.7003,0.16609442060085836
2014-12-24,2326,0.9948409286328461,0.3444252376836647,570294766087.6,0.02708512467755804
2014-12-25,2328,0.9948453608247423,0.3588082901554404,567528324945.1,0.001718213058419244
2014-12-26,2328,0.9948453608247423,0.37694300518134716,709856371068.8,0.00429553264604811
2014-12-29,2324,0.9944061962134251,0.35828645607961923,817229270949.6002,0.10499139414802065
2014-12-30,2344,0.9948805460750854,0.30403087478559176,655447441705.3003,0.10238907849829351
2014-12-31,2345,0.9936034115138592,0.296137339055794,640571775616.0999,0.011940298507462687
2015-01-05,2347,0.9936088623775032,0.30102915951972553,827576240375.5002,0.02812100553898594
2015-01-06,2345,0.9940298507462687,0.3886743886743887,819708202958.8999,0.00767590618336887
2015-01-07,2349,0.9944657300979141,0.3745719178082192,664928330343.8,0.005534269902085994
2015-01-08,2347,0.994034938219003,0.5280754393484783,621063928837.9999,0.014912654452492544
2015-01-09,2344,0.9953071672354948,0.3587655379339906,684112104627.2997,0.008105802047781569
2015-01-12,2341,0.9944468175993165,0.27190721649484534,557043646860.3,0.07005553182400684
2015-01-13,2339,0.9948696023941855,0.26342930812204557,459714033622.99994,0.0025651988029072254
2015-01-14,2337,0.9948652118100129,0.2021505376344086,447005626158.09985,0.012836970474967908
2015-01-15,2332,0.9948542024013722,0.22887931034482759,516705382313.8,0.005574614065180103
2015-01-16,2340,0.9944444444444445,0.31327889987107865,611910376197.7,0.001282051282051282
2015-01-19,2332,0.9948542024013722,0.2025862068965517,685459689312.1998,0.3048885077186964
2015-01-20,2332,0.9944253859348199,0.40965933592065545,691880335271.5,0.005574614065180103
2015-01-21,2334,0.991859468723222,0.7360691144708423,791090097328.1,0.0
2015-01-22,2339,0.9897392047883711,0.8501079913606912,696081120167.9999,0.00042753313381787086
2015-01-23,2340,0.9884615384615385,0.767833981841764,696593983063.0,0.021367521367521368
2015-01-26,2343,0.9871959026888605,0.7812364894076956,628483312567.9,0.0012804097311139564
2015-01-27,2348,0.9867972742759795,0.7790246007768666,712805980419.9998,0.002555366269165247
2015-01-28,2359,0.9877066553624417,0.7969957081545065,593519889019.2999,0.010173802458668928
2015-01-29,2361,0.9894112664125371,0.8261986301369864,515934410130.0,0.0063532401524777635
2015-01-30,2361,0.9894112664125371,0.7761130136986302,497643822441.3999,0.043202033036848796
2015-02-02,2356,0.9885398981324278,0.7054529841133533,456212564796.9999,0.04159592529711375
2015-02-03,2361,0.98856416772554,0.7035132819194516,505936895306.2999,0.0038119440914866584
2015-02-04,2360,0.9889830508474576,0.681662382176521,522756175038.3002,0.002542372881355932
2015-02-05,2354,0.9889549702633815,0.6675257731958762,619193129715.7001,0.008071367884451997
2015-02-06,2355,0.9889596602972399,0.6127093173035638,490982324564.8999,0.08747346072186836
2015-02-09,2350,0.9893617021276596,0.6709677419354839,425863110098.7,0.04468085106382979
2015-02-10,2351,0.9889408762228838,0.6490322580645161,391252150436.10004,0.0076563164610803916
2015-02-11,2360,0.9898305084745763,0.7178938356164384,404134407197.2,0.00211864406779661
2015-02-12,2363,0.9894202285230639,0.7241231822070145,430959993913.6001,0.0008463817181548879
2015-02-13,2368,0.988597972972973,0.7492524562152926,552811807299.2998,0.0008445945945945946
2015-02-16,2376,0.9886363636363636,0.9208173690932312,532071252676.8001,0.0012626262626262627
2015-02-17,2402,0.984179850124896,0.8358714043993232,503742456936.5,0.0016652789342214821
2015-02-25,2394,0.9862155388471178,0.7390936044049131,508985083320.7999,0.03007518796992481
2015-02-26,2397,0.9858156028368794,0.7261955141768938,586903105717.1,0.0020859407592824365
2015-02-27,2396,0.9874791318864775,0.8009298393913779,612039522334.7,0.00041736227045075126
2015-03-02,2388,0.9878559463986599,0.7939805002119542,783556922142.8,0.0004187604690117253
2015-03-03,2389,0.9878610297195479,0.7427966101694915,833343366612.7001,0.016324822101297615
2015-03-04,2391,0.9878711836051861,0.8365791701947503,682490242347.8999,0.0029276453366792136
2015-03-05,2383,0.9882501049097776,0.8636942675159236,729200618091.6001,0.003357112882920688
2015-03-06,2382,0.9886649874055415,0.8819532908704883,643115803781.0001,0.07178841309823678
2015-03-09,2376,0.9886363636363636,0.9259259259259259,646254704556.3,0.005471380471380472
2015-03-10,2380,0.9882352941176471,0.9081632653061225,642551363240.2001,0.0033613445378151263
2015-03-11,2383,0.9882501049097776,0.9036093418259024,635013380357.9004,0.014267729752412925
2015-03-12,2378,0.988645920941968,0.9272649936197362,722151881970.0,0.0248107653490328
2015-03-13,2370,0.9886075949367089,0.9675629534784465,661191729151.7999,0.0008438818565400844
2015-03-16,2363,0.9881506559458316,0.9841541755888651,897796436956.3999,0.0016927634363097758
2015-03-17,2363,0.9877274650867541,0.988860325621251,1098654346102.2996,0.0021159542953872196
2015-03-18,2367,0.9873257287705957,0.9905862216516902,1103692304249.4,0.0008449514152936206
2015-03-19,2364,0.983502538071066,0.9879569892473118,1088161725081.6003,0.0012690355329949238
2015-03-20,2373,0.9827222924568058,0.9888507718696398,1146563881266.9001,0.001685630004214075
2015-03-23,2359,0.9889783806697753,0.9897128161165881,1207445968306.4001,0.000847816871555744
2015-03-24,2368,0.987331081081081,0.9841745081266039,1416238560415.1006,0.0029560810810810812
2015-03-25,2364,0.9873096446700508,0.9854327335047129,1237148517769.2996,0.0038071065989847717
2015-03-26,2357,0.986423419601188,0.9810752688172043,1180147749685.2002,0.1247348324140857
2015-03-27,2362,0.9868755292125317,0.9811239811239811,932160395937.1998,0.00846740050804403
2015-03-30,2346,0.9867860187553282,0.9732181425485961,1199492373707.5002,0.030690537084398978
2015-03-31,2359,0.986858838490886,0.9789518900343642,1275162278167.8,0.005510809665112336
2015-04-01,2360,0.986864406779661,0.9845427221983684,1110055360303.2,0.001694915254237288
2015-04-02,2353,0.9872503187420314,0.9879466207490314,1215061125692.5996,0.0021249468763280916
2015-04-03,2365,0.986892177589852,0.99528706083976,1237841554088.7002,0.0008456659619450317
2015-04-07,2348,0.9872231686541738,0.9956859361518551,1386072077154.2998,0.0017035775127768314
2015-04-08,2350,0.9872340425531915,0.9913793103448276,1524931605403.4998,0.07531914893617021
2015-04-09,2340,0.9876068376068377,0.9852877542189529,1465382145586.0999,0.062393162393162394
2015-04-10,2342,0.9867634500426985,0.9917784508870618,1232447192403.9,0.002134927412467976
2015-04-13,2341,0.9880392994446817,0.9900562040639862,1420065625217.3003,0.006407518154634771
2015-04-14,2346,0.9880647911338448,0.9831751509922347,1423357358973.1003,0.0370843989769821
2015-04-15,2329,0.9892657793044225,0.9522569444444444,1328362115876.7998,0.45985401459854014
2015-04-16,2329,0.9927007299270073,0.9329584775086506,1191167381633.1997,0.011592958351223702
2015-04-17,2337,0.9948652118100129,0.9363440860215054,1502158001635.4,0.020967051775780916
2015-04-20,2336,0.9957191780821918,0.8955288048151333,1773431957691.2996,0.2341609589041096
2015-04-21,2346,0.9970161977834612,0.9144933732364259,1410680229430.9,0.0076726342710997444
2015-04-22,2360,0.9932203389830508,0.9249146757679181,1627845919646.5002,0.00211864406779661
2015-04-23,2368,0.9919763513513513,0.9212430821626224,1649569842550.6997,0.0029560810810810812
2015-04-24,2375,0.9877894736842106,0.9407502131287298,1555788767661.2002,0.01263157894736842
2015-04-27,2380,0.9869747899159664,0.9425287356321839,1610197618352.0002,0.017226890756302522
2015-04-28,2383,0.9874108266890474,0.874203144921377,1673378562565.9004,0.37138061267310113
2015-04-29,2386,0.9874266554903605,0.9087436332767402,1277671817394.6995,0.006705783738474434
2015-04-30,2381,0.9874002519949601,0.8494257762654189,1319354525582.9001,0.015539689206215875
2015-05-04,2374,0.9869418702611626,0.8173282116944088,1214903251660.2996,0.02148272957034541
2015-05-05,2365,0.986892177589852,0.662382176520994,1339775383011.5,0.3171247357293869
2015-05-06,2365,0.986892177589852,0.5205655526992288,1231784193613.8997,0.09217758985200845
2015-05-07,2366,0.9868977176669484,0.460813704496788,965264743228.5997,0.2628909551986475
2015-05-08,2364,0.9868866328257191,0.6485212173167595,1070996032494.2,0.0012690355329949238
2015-05-11,2376,0.9869528619528619,0.7168443496801705,1381811632013.8994,0.0012626262626262627
2015-05-12,2385,0.9865828092243186,0.6846578835529111,1511871040686.7996,0.0029350104821802936
2015-05-13,2377,0.985275557425326,0.7092228864218617,1510388929244.3,0.02103491796381994
2015-05-14,2375,0.984,0.848951647411211,1364044413992.2002,0.02568421052631579
2015-05-15,2387,0.9794721407624634,0.7792985457656116,1302646971304.9004,0.044407205697528276
2015-05-18,2373,0.9776654024441636,0.7831896551724138,1227145419159.7996,0.008006742520016857
2015-05-19,2374,0.976832350463353,0.869340232858991,1389944539583.2002,0.005054759898904802
2015-05-20,2379,0.9810844892812106,0.8436161096829478,1618880066876.0002,0.004203446826397646
2015-05-21,2379,0.9840269020596889,0.8547629218282785,1518944810906.6997,0.004623791509037411
2015-05-22,2367,0.9881706801858893,0.8828559213339033,1956630686789.4998,0.02746092099704267
2015-05-25,2344,0.988481228668942,0.9395770392749244,1989169025698.6997,0.029436860068259386
2015-05-26,2354,0.9881053525913339,0.945829750644884,2109100879956.3003,0.0
2015-05-27,2359,0.9851632047477745,0.9651462994836488,2104845435758.5,0.011021619330224672
2015-05-28,2354,0.9817332200509771,0.889225443530939,2358646459757.8,0.679269328802039
2015-05-29,2348,0.9804088586030665,0.8801042571676803,1853386943690.0,0.03492333901192504
2015-06-01,2334,0.980719794344473,0.9296636085626911,1761985710395.3003,0.015852613538988862
2015-06-02,2334,0.9802913453299057,0.9742132867132867,1926520331634.5996,0.017566409597257925
2015-06-03,2331,0.9798369798369798,0.9824868651488616,1973901770948.4,0.05190905190905191
2015-06-04,2338,0.9798973481608212,0.9860323003055435,1983084359185.8003,0.1394354148845167
2015-06-05,2332,0.9798456260720412,0.9855579868708971,2251528869073.0996,0.023156089193825044
2015-06-08,2316,0.9801381692573402,0.9770925110132158,2260025410636.1,0.24395509499136442
2015-06-09,2321,0.981042654028436,0.971453667105841,1931562345201.1006,0.04782421370099095
2015-06-10,2331,0.9785499785499786,0.9785181937746602,1815556807675.4,0.00858000858000858
2015-06-11,2339,0.9794784095767421,0.9794849410737669,1794693497811.4001,0.002992731936725096
2015-06-12,2344,0.9795221843003413,0.980836236933798,1963273869372.3003,0.024744027303754267
2015-06-15,2333,0.9807115302186027,0.9506118881118881,1993660521619.5,0.26360908701243035
2015-06-16,2344,0.9803754266211604,0.8872932985204526,1699041929057.4,0.5593003412969283
2015-06-17,2347,0.9791222837665104,0.8929503916449086,1534571656116.3005,0.014912654452492544
2015-06-18,2345,0.9791044776119403,0.7735191637630662,1459877626819.2998,0.40341151385927504
2015-06-19,2349,0.9799914857386122,0.5608166811468288,1284618560157.9004,0.7990634312473393
2015-06-23,2357,0.979210861264319,0.5090987868284229,1296113575934.901,0.09970301230377598
2015-06-24,2371,0.9827077182623366,0.4905579399141631,1489002512164.8003,0.017292281737663433
2015-06-25,2371,0.9865035849852383,0.3420265070542967,1549050002748.0007,0.5191902150991143
2015-06-26,2387,0.9849183074989527,0.2696724797958316,1340788389144.6,0.9434436531210725
2015-06-29,2371,0.9839730071699705,0.17573939134162023,1533184518608.8997,0.8249683677773092
2015-06-30,2355,0.9804670912951168,0.1736682546556951,1660636616525.6995,0.030573248407643312
2015-07-01,2366,0.978021978021978,0.1063094209161625,1527503551374.9,0.738799661876585
2015-07-02,2339,0.9781958101752886,0.07648601398601398,1286325469823.6997,0.8422402736212057
2015-07-03,2292,0.9768760907504364,0.05225547119249665,1150606602471.5,0.8259162303664922
2015-07-06,2242,0.9754683318465656,0.04252400548696845,1549896743586.4001,0.6454058876003568
2015-07-07,2044,0.973091976516634,0.02513826043237808,1076054345240.9001,0.9202544031311155
2015-07-08,1489,0.9704499664204164,0.021453287197231833,1113782939340.2002,0.7689724647414372
2015-07-09,1363,0.9743213499633162,0.03614457831325301,949520139418.4001,0.0007336757153338225
2015-07-10,1425,0.9782456140350877,0.04949784791965567,926691425505.6003,0.0
2015-07-13,1770,0.984180790960452,0.05281285878300804,1172140186599.5,0.007909604519774011
2015-07-14,2022,0.9861523244312562,0.054663991975927785,1320247417322.5005,0.11869436201780416
2015-07-15,2117,0.9858290033065659,0.04647819837086727,1244418177075.0002,0.7359470949456779
2015-07-16,2134,0.985941893158388,0.039923954372623575,1076897700409.3998,0.08106841611996252
2015-07-17,2173,0.9866543948458353,0.05457089552238806,1099746425601.3997,0.0050621260929590425
2015-07-20,2240,0.9870535714285714,0.06919945725915876,1319110604135.9995,0.016964285714285713
2015-07-21,2263,0.9863013698630136,0.06810035842293907,1206492069717.2,0.011931064958020326
2015-07-22,2281,0.9872862779482683,0.06660746003552398,1283354415450.7002,0.006137658921525646
2015-07-23,2275,0.9898901098901098,0.09902309058614565,1397272193733.6003,0.0013186813186813187
2015-07-24,2281,0.9925471284524331,0.15282685512367492,1586534855888.8,0.08066637439719421
2015-07-27,2274,0.9964819700967458,0.11915269196822595,1388267687160.0005,0.9138082673702727
2015-07-28,2274,0.9978012313104662,0.07756721022476862,1302602990338.6,0.5299032541776605
2015-07-29,2285,0.9978118161925602,0.18333333333333332,1079637233770.1001,0.00787746170678337
2015-07-30,2290,0.9978165938864629,0.2437636761487965,1156254527022.2998,0.29213973799126636
2015-07-31,2299,0.9973901696389734,0.3632795464457043,877965962930.8002,0.20269682470639408
2015-08-03,2285,0.9991247264770241,0.3718791064388962,847733682330.1997,0.5890590809628009
2015-08-04,2281,0.9991231915826392,0.6072838964458096,905963960121.1,0.013590530469092503
2015-08-05,2289,0.9982525120139799,0.6761487964989059,959939349822.7001,0.05679335954565312
2015-08-06,2293,0.9973833406018316,0.694796676869261,706905376583.9,0.07501090274749236
2015-08-07,2295,0.9978213507625272,0.7248908296943232,893715093955.3003,0.004357298474945534
2015-08-10,2294,0.9978204010462075,0.72870249017038,1226544352960.9998,0.0017436791630340018
2015-08-11,2296,0.997822299651568,0.7337407245744216,1334774105376.1997,0.008710801393728223
2015-08-12,2297,0.9982585981715281,0.8286088094199738,1102937255956.2998,0.12973443622115804
2015-08-13,2302,0.9969591659426585,0.8605664488017429,1076033132562.6001,0.0047784535186794095
2015-08-14,2314,0.9982713915298185,0.7913419913419913,1221193838127.4006,0.009075194468452896
2015-08-17,2317,0.9965472593871385,0.7639670853183196,1186675271320.8003,0.04013810962451446
2015-08-18,2315,0.9982721382289417,0.4192990047598442,1388945285230.5005,0.8997840172786177
2015-08-19,2320,0.9982758620689656,0.46545768566493956,1145952243815.9998,0.007327586206896552
2015-08-20,2323,0.9978476108480413,0.2364106988783434,981756918960.2,0.4244511407662505
2015-08-21,2327,0.9982810485603781,0.15109771846749892,868746927757.7001,0.7546196819939837
2015-08-24,2327,0.9978513107004727,0.12360034453057708,630352445575.9999,0.9763644177051999
2015-08-25,2320,0.9995689655172414,0.08020698576972833,645031203145.7002,0.9426724137931034
2015-08-26,2309,0.9987007362494587,0.035993061578490894,893129412985.9005,0.534430489389346
2015-08-27,2291,0.9969445656918376,0.05560420315236427,764743046141.7,0.04146660846791794
2015-08-28,2301,0.9973924380704041,0.1289760348583878,898878832825.7997,0.0047805302042590175
2015-08-31,2302,0.9995655951346655,0.13776618861364623,796141280739.2998,0.5417028670721112
2015-09-01,2301,0.9995654063450674,0.04434782608695652,725139523426.4999,0.7857453281182095
2015-09-02,2306,0.9991326973113617,0.03428819444444445,748274124457.2001,0.45013009540329574
2015-09-07,2298,0.9982593559617058,0.03007846556233653,602246644531.1002,0.08703220191470844
2015-09-08,2320,0.9982758620689656,0.035837651122625214,523598527770.3,0.0125
2015-09-09,2327,0.9974215728405672,0.03532959931064197,844012485170.8999,0.006875805758487323
2015-09-10,2336,0.9978595890410958,0.03003003003003003,610226267995.4001,0.09118150684931507
2015-09-11,2340,0.9978632478632479,0.033832976445396144,515544096659.89984,0.008547008547008548
2015-09-14,2339,0.9982898674647285,0.020985010706638114,680275585333.7998,0.8764429243266353
2015-09-15,2344,0.9982935153583617,0.01452991452991453,477204656487.2998,0.7158703071672355
2015-09-16,2344,0.9995733788395904,0.019632949210414,566214050190.1001,0.009812286689419795
2015-09-17,2345,0.9991471215351813,0.023047375160051217,697489038797.7,0.11087420042643924
2015-09-18,2348,0.9982964224872232,0.020904436860068258,472069814986.5,0.02385008517887564
2015-09-21,2355,0.9987261146496815,0.04549319727891157,572732114708.4001,0.009341825902335456
2015-09-22,2368,0.9966216216216216,0.08601694915254238,672216720323.6001,0.01097972972972973
2015-09-23,2351,0.9991492981709911,0.21711366538952745,578612230816.5999,0.03317737133134836
2015-09-24,2357,0.9983029274501485,0.56353591160221,550015055657.8,0.011455239711497667
2015-09-25,2365,0.9987315010570824,0.5677392040643523,561322486653.5999,0.43847780126849895
2015-09-28,2357,0.9995757318625371,0.47495755517826826,404149786719.10004,0.01230377598642342
2015-09-29,2362,0.9991532599491956,0.19745762711864406,420515282615.6998,0.0842506350550381
2015-09-30,2368,0.9995777027027027,0.320659062103929,371006724385.10004,0.029138513513513514
2015-10-08,2368,0.9987331081081081,0.7243128964059197,587011927526.9998,0.0059121621621621625
2015-10-09,2378,0.9995794785534062,0.8098443416070678,596031120298.4001,0.010513036164844407
2015-10-12,2375,0.9987368421052631,0.9047217537942664,924079207189.7001,0.00631578947368421
2015-10-13,2372,0.9991568296795953,0.8620253164556962,765750896446.3997,0.0096964586846543
2015-10-14,2375,0.9987368421052631,0.7247048903878583,768639466064.8998,0.03368421052631579
2015-10-15,2357,0.9991514637250742,0.8895966029723992,825125068859.0,0.004666949512091642
2015-10-16,2357,0.9991514637250742,0.913375796178344,993466572648.7001,0.0016970725498515061
2015-10-19,2345,0.9991471215351813,0.9389671361502347,996129088078.9999,0.011940298507462687
2015-10-20,2348,0.9995741056218058,0.9471665956540264,904404081221.1997,0.002555366269165247
2015-10-21,2355,0.9983014861995754,0.8855806039982986,1171028449688.1997,0.8246284501061572
2015-10-22,2368,0.9978885135135135,0.9348286077020737,892369659738.8,0.004222972972972973
2015-10-23,2379,0.9978982765868012,0.9460825610783488,1040541402702.0,0.003362757461118117
2015-10-26,2388,0.9979061976549414,0.9370541334452371,1106616266037.1997,0.03098827470686767
2015-10-27,2389,0.9983256592716618,0.9283018867924528,992678181380.8,0.009208874005860193
2015-10-28,2393,0.9987463435018805,0.9288702928870293,916120612850.1,0.19598829920601754
2015-10-29,2411,0.9975114060555786,0.9301455301455301,749337499086.3999,0.004977187888842804
2015-10-30,2410,0.9987551867219917,0.9455754050685501,801594096806.6003,0.01991701244813278
2015-11-02,2408,0.9975083056478405,0.9208992506244796,742611084577.4,0.19601328903654486
2015-11-03,2412,0.9966832504145937,0.9363560732113144,625622982911.7999,0.02943615257048093
2015-11-04,2427,0.9967037494849609,0.9557668458040512,993151279009.9999,0.00041203131437989287
2015-11-05,2425,0.9979381443298969,0.9462809917355371,1372924991120.5005,0.007422680412371134
2015-11-06,2425,0.9975257731958763,0.954940057875155,1173660728812.5999,0.0004123711340206186
2015-11-09,2437,0.9975379565038982,0.9407651172357054,1367557806059.9001,0.0024620434961017644
2015-11-10,2451,0.9979600163198694,0.9415372035977105,1254574037606.1997,0.006119951040391677
2015-11-11,2449,0.9971416904859126,0.9508599508599509,1141136661302.7998,0.0016333197223356473
2015-11-12,2461,0.9967492889069484,0.933958418263351,1231096751418.5996,0.004469727752945957
2015-11-13,2466,0.9979724249797243,0.8667208451848842,1136948764157.5,0.2197891321978913
2015-11-16,2466,0.9979724249797243,0.8963835839089801,908199435874.1996,0.004866180048661801
2015-11-17,2471,0.9971671388101983,0.8583603896103896,1271860615968.4001,0.04208822339133954
2015-11-18,2477,0.9967702866370609,0.9343863912515188,942962302300.6,0.124343964473153
2015-11-19,2478,0.9967715899919289,0.9036437246963562,859995457288.4,0.002421307506053269
2015-11-20,2476,0.997172859450727,0.8776832725799919,1079392271468.8002,0.0024232633279483036
2015-11-23,2486,0.997184231697506,0.8660750302541347,1073148843529.9005,0.06436041834271923
2015-11-24,2486,0.998390989541432,0.8654311039484287,858569377401.7002,0.005229283990345938
2015-11-25,2501,0.998000799680128,0.9399038461538461,1019773834293.4998,0.0023990403838464614
2015-11-26,2500,0.9976,0.9149959903769046,1106475242383.9001,0.0204
2015-11-27,2497,0.999199038846616,0.7246492985971944,1141890277719.7,0.7661193432118543
2015-11-30,2509,0.9988043045037863,0.7825219473264166,982139268009.9001,0.022319649262654444
2015-12-01,2512,0.9980095541401274,0.8041483845233347,841838608577.4996,0.07484076433121019
2015-12-02,2516,0.9976152623211447,0.6302788844621514,838010164901.5001,0.11049284578696343
2015-12-03,2513,0.9980103461997613,0.70414673046252,794767784635.6002,0.0015917230401910067
2015-12-04,2517,0.9976162097735399,0.5925925925925926,822543708254.9001,0.006356773937226857
2015-12-07,2525,0.998019801980198,0.5948412698412698,749807759604.4,0.005940594059405941
2015-12-08,2535,0.9972386587771204,0.5011867088607594,788065983870.7998,0.10927021696252466
2015-12-09,2538,0.9956658786446021,0.4040364068064899,717020031675.6001,0.04846335697399527
2015-12-10,2547,0.9933254809579898,0.37470355731225297,727845889246.2001,0.030231645072634473
2015-12-11,2539,0.993304450571091,0.4274385408406027,631812480191.1996,0.06183536825521859
2015-12-14,2549,0.9933307179285995,0.43009478672985785,671128221979.0,0.010984699882306787
2015-12-15,2553,0.9933411672542107,0.4948738170347003,713572169813.9999,0.003133568350959655
2015-12-16,2560,0.993359375,0.5835627211954385,727198651952.6,0.002734375
2015-12-17,2555,0.9933463796477495,0.5831363278171788,995139880605.6998,0.0015655577299412916
2015-12-18,2553,0.9941245593419507,0.5193065405831363,957899890083.1003,0.010967489228358794
2015-12-21,2553,0.9941245593419507,0.5878644602048857,941277715309.5999,0.01135918527222875
2015-12-22,2561,0.9925810230378759,0.5680566483084186,872910879981.7001,0.004295197188598204
2015-12-23,2567,0.9898714452668484,0.46320346320346323,995250109261.1,0.04830541488118426
2015-12-24,2560,0.990234375,0.47534516765285995,748257842609.4004,0.019140625
2015-12-25,2579,0.9899185730903451,0.7794751273012143,682886346632.7002,0.009305932531989143
2015-12-28,2577,0.9906868451688009,0.6748922835879357,893288161947.2001,0.15948777648428406
2015-12-29,2573,0.9898950641274776,0.7118178248920298,657163826555.6998,0.00777302759424796
2015-12-30,2569,0.9883223043985987,0.7640803465931469,721311605251.0,0.0070066173608407945
2015-12-31,2586,0.9860788863109049,0.5941176470588235,685637839205.6003,0.0699922660479505
2016-01-04,2592,0.9864969135802469,0.2538130621822448,594861004172.4,0.9328703703703703
2016-01-05,2593,0.9876590821442345,0.18937914877001172,809763831457.3003,0.2795989201696876
2016-01-06,2597,0.9896033885252215,0.31634241245136185,698349045163.2001,0.0023103581055063534
2016-01-07,2588,0.990726429675425,0.13494539781591264,187560561890.69998,0.9528593508500772
2016-01-08,2597,0.9892183288409704,0.16154145581938498,759804458861.6001,0.044666923373122835
2016-01-11,2591,0.9907371671169433,0.09855862874951304,662290926763.7,0.8039367039752991
2016-01-12,2590,0.9907335907335907,0.06547155105222136,549841527681.0002,0.10463320463320464
2016-01-13,2586,0.9911059551430781,0.047990635973468594,517970352838.79987,0.3843774168600155
2016-01-14,2601,0.9903883121876201,0.051630434782608696,551211180166.9998,0.00922722029988466
2016-01-15,2605,0.9896353166986565,0.03801396431342126,537359744924.80005,0.41343570057581575
2016-01-18,2589,0.9907300115874855,0.037037037037037035,471822763475.6,0.014677481653147934
2016-01-19,2600,0.9926923076923077,0.047655947307245254,582296310505.3,0.0038461538461538464
2016-01-20,2607,0.9938626774069812,0.04554226167502894,595060661457.1,0.025700038358266206
2016-01-21,2602,0.9938508839354343,0.03557617942768755,535307274937.7001,0.4269792467332821
2016-01-22,2606,0.9934765924788949,0.04016994978756277,445739568921.1001,0.01650038372985418
2016-01-25,2610,0.9923371647509579,0.0416988416988417,422255060203.5001,0.008812260536398468
2016-01-26,2612,0.9931087289433385,0.03238242097147263,522085423690.7001,0.8728943338437979
2016-01-27,2605,0.9942418426103646,0.032046332046332046,509372018311.10016,0.11362763915547025
2016-01-28,2609,0.995783825220391,0.027328714395688992,398763505804.8002,0.5212725182062092
2016-01-29,2611,0.9946380697050938,0.02849441663457836,427992531937.8998,0.009191880505553428
2016-02-01,2603,0.9950057625816365,0.037065637065637064,369929032736.1,0.09373799462159048
2016-02-02,2597,0.9961494031574895,0.051797448782373405,402819103994.6001,0.0023103581055063534
2016-02-03,2595,0.9965317919075144,0.03905645784996133,375756918688.4,0.006936416184971098
2016-02-04,2598,0.9953810623556582,0.10982211910286156,441442538508.2002,0.0023094688221709007
2016-02-05,2599,0.9957676029242016,0.08616692426584235,362963087271.9,0.031550596383224314
2016-02-15,2597,0.9953792837889873,0.2518375241779497,328445832258.19995,0.008086253369272238
2016-02-16,2596,0.9965331278890601,0.3803633552377271,499592275830.6002,0.0007704160246533128
2016-02-17,2612,0.9957886676875957,0.6155324875048058,569108852756.4998,0.0030627871362940277
2016-02-18,2613,0.9946421737466513,0.4355521354367064,589942275579.3997,0.003827018752391887
2016-02-19,2609,0.9950172479877347,0.6494607087827426,481317867287.00024,0.0038328861632809506
2016-02-22,2597,0.9942241047362341,0.6920991479473276,601635734045.6,0.0015402387370042356
2016-02-23,2595,0.994990366088632,0.45701006971340047,572599001977.4003,0.01348747591522158
2016-02-24,2586,0.9957463263727765,0.5168932038834951,580044235739.7001,0.03209590100541377
2016-02-25,2584,0.9957430340557275,0.3054799844539448,665229542702.9001,0.9055727554179567
2016-02-26,2580,0.9961240310077519,0.245136186770428,485814198106.2001,0.060852713178294576
2016-02-29,2577,0.9961195188203337,0.10634982469809116,461054262043.7998,0.7229336437718277
2016-03-01,2582,0.9953524399690162,0.321011673151751,462403753611.39996,0.014329976762199844
2016-03-02,2590,0.9945945945945946,0.6444099378881988,613164457183.6001,0.003088803088803089
2016-03-03,2587,0.9953614224971009,0.8240776699029126,663503354160.7,0.006571318129107074
2016-03-04,2591,0.9953685835584717,0.5362543621558744,640514601312.4,0.3589347742184485
2016-03-07,2584,0.9961300309597523,0.6721056721056721,478778173350.7001,0.001934984520123839
2016-03-08,2590,0.9953667953667954,0.5764158262218774,532657882893.80005,0.007722007722007722
2016-03-09,2589,0.9945925067593665,0.45941747572815533,426480466644.1,0.1104673619157976
2016-03-10,2599,0.9949980761831474,0.30162412993039445,354945860082.89996,0.04232397075798384
2016-03-11,2605,0.9942418426103646,0.32432432432432434,304005003755.7001,0.014971209213051824
2016-03-14,2607,0.9946298427311085,0.4978789047435403,503598924174.20013,0.0038358266206367474
2016-03-15,2610,0.9946360153256705,0.2854391371340524,427732650235.6998,0.02528735632183908
2016-03-16,2614,0.9954093343534812,0.21983089930822444,423188828713.1999,0.01262433052792655
2016-03-17,2616,0.9942660550458715,0.32602845059592467,571712930457.4001,0.0015290519877675841
2016-03-18,2609,0.9950172479877347,0.45839753466872113,816353385980.2,0.0
2016-03-21,2599,0.9953828395536745,0.4847313490529571,902996169947.4996,0.0007695267410542517
2016-03-22,2594,0.9946029298380878,0.48875968992248064,756660377855.3,0.0026985350809560524
2016-03-23,2601,0.9938485198000769,0.5168278529980658,669877637448.6,0.0038446751249519417
2016-03-24,2588,0.9930448222565688,0.867704280155642,737441564637.8997,0.04095826893353941
2016-03-25,2589,0.9938200077249904,0.9012825495530509,553381204998.3002,0.01197373503283121
2016-03-28,2585,0.993036750483559,0.9403973509933775,625638424543.3997,0.014700193423597678
2016-03-29,2576,0.9930124223602484,0.8995308835027365,537128702473.1998,0.07763975155279502
2016-03-30,2576,0.9930124223602484,0.8647380766223612,627896966820.6001,0.002329192546583851
2016-03-31,2586,0.9922660479505027,0.8686671862821512,696529909872.1001,0.004253673627223511
2016-04-01,2573,0.9926156237854644,0.898590446358653,582585741691.0,0.01671200932763311
2016-04-05,2570,0.9929961089494164,0.9036050156739812,713229460906.2998,0.002723735408560311
2016-04-06,2563,0.9941474834178697,0.9050235478806907,700999463011.2002,0.005072181037846274
2016-04-07,2564,0.9937597503900156,0.9364207221350078,698155464425.7,0.02418096723868955
2016-04-08,2566,0.9945440374123149,0.9439655172413793,584616071141.3999,0.02260327357755261
2016-04-11,2560,0.99375,0.96187106918239,666966351401.0996,0.00390625
2016-04-12,2563,0.9949278189621538,0.932156862745098,582151186208.7,0.03316426063207179
2016-04-13,2575,0.9941747572815534,0.95546875,823190238250.4003,0.0011650485436893205
2016-04-14,2566,0.9961028838659393,0.9624413145539906,624354007689.4003,0.0027279812938425566
2016-04-15,2567,0.9945461628359953,0.9467293380336859,585277322484.1996,0.004285157771717959
2016-04-18,2566,0.9941543257989088,0.8600548804390435,556941029852.7998,0.02533125487139517
2016-04-19,2569,0.9957181782794862,0.7615324472243941,505689117063.2,0.00506033476060724
2016-04-20,2569,0.9949396652393928,0.4780907668231612,799937773056.9,0.5916699104710004
2016-04-21,2567,0.995714842228282,0.3810641627543036,541632670777.3001,0.05609661082976237
2016-04-22,2571,0.9949436017113964,0.49569976544175137,422124149280.4999,0.023726176584986387
2016-04-25,2573,0.9953361834434512,0.4338149160484186,390776780129.4,0.014380101049358725
2016-04-26,2572,0.9957231726283048,0.5122998828582584,381713719250.89996,0.00583203732503888
2016-04-27,2575,0.9957281553398059,0.608034321372855,427640698755.39996,0.005048543689320388
2016-04-28,2576,0.9949534161490683,0.4202106905969567,431195638586.5002,0.008928571428571428
2016-04-29,2580,0.9949612403100775,0.40670042851577715,366245324544.6001,0.005426356589147287
2016-05-03,2583,0.9949670925280681,0.5529182879377432,537038434486.1001,0.003097173828881146
2016-05-04,2589,0.9945925067593665,0.44310679611650483,535111270653.6999,0.003089996137504828
2016-05-05,2587,0.9945883262466177,0.4411193159735717,473907011253.6,0.0023192887514495554
2016-05-06,2588,0.9938176197836167,0.32426127527216175,661203081507.3999,0.3937403400309119
2016-05-09,2585,0.9938104448742746,0.2016348773841962,498996546950.60004,0.4460348162475822
2016-05-10,2587,0.993428681870893,0.15447470817120623,346144582433.40015,0.041747197526091996
2016-05-11,2587,0.9930421337456513,0.15064227325807708,392594028969.1001,0.05450328565906455
2016-05-12,2585,0.9926499032882011,0.13367108339828526,379900280216.0001,0.03172147001934236
2016-05-13,2586,0.9934261407579273,0.12300506033476061,347188683112.60016,0.009667440061871617
2016-05-16,2585,0.9945841392649903,0.14352392065344224,361721060220.2998,0.005802707930367505
2016-05-17,2594,0.9938319198149576,0.15128006206361522,430756517736.80005,0.01233616037008481
2016-05-18,2591,0.9942107294480895,0.1125776397515528,415993486890.00006,0.22115013508297954
2016-05-19,2589,0.9938200077249904,0.1760590750097163,375364296831.1,0.004634994206257242
2016-05-20,2590,0.9938223938223938,0.22727272727272727,365520238457.99994,0.005019305019305019
2016-05-23,2584,0.9945820433436533,0.24124513618677043,418959621377.5999,0.0015479876160990713
2016-05-24,2584,0.9949690402476781,0.23026059898872034,371272638731.89984,0.011996904024767802
2016-05-25,2592,0.9949845679012346,0.1915471112834432,371329220943.0,0.008101851851851851
2016-05-26,2597,0.9953792837889873,0.21005802707930368,391197072517.2,0.0026954177897574125
2016-05-27,2594,0.9957594448727833,0.21525358110723963,378293715324.10004,0.007710100231303007
2016-05-30,2606,0.9950115118956255,0.21288083301195526,333559518745.90015,0.009976976208749041
2016-05-31,2600,0.9957692307692307,0.2421784472769409,630868450086.6002,0.0015384615384615385
2016-06-01,2595,0.9957610789980732,0.25425696594427244,654108037753.2001,0.0007707129094412332
2016-06-02,2588,0.9961360123647605,0.26415826221877425,560714325062.2002,0.00115919629057187
2016-06-03,2604,0.9957757296466974,0.5025067489394524,644644187439.5002,0.004224270353302612
2016-06-06,2604,0.9953917050691244,0.8009259259259259,527940067737.0001,0.0049923195084485405
2016-06-07,2614,0.995026778882938,0.790080738177624,509075192645.50006,0.0034429992348890587
2016-06-08,2612,0.9938744257274119,0.7862095531587057,545788361224.8,0.016845329249617153
2016-06-13,2613,0.9942594718714122,0.50846805234796,588974856708.7,0.5365480290853425
2016-06-14,2612,0.9950229709035222,0.5521354367064255,412627553770.69995,0.009188361408882083
2016-06-15,2613,0.9954075774971297,0.6389850057670127,572968703905.6,0.002296211251435132
2016-06-16,2613,0.9954075774971297,0.6036139946174548,593907208356.7998,0.006505931879066207
2016-06-17,2610,0.9957854406130269,0.8268564832627934,570439525901.1001,0.006130268199233717
2016-06-20,2612,0.9957886676875957,0.8100730488273741,500077912790.3002,0.014165390505359877
2016-06-21,2611,0.9954040597472232,0.7302808772604849,592742230435.0999,0.032171581769437
2016-06-22,2620,0.9950381679389313,0.7406981204449559,485936180357.2,0.004198473282442748
2016-06-23,2617,0.9946503630110813,0.7783326930464848,523507170684.5001,0.009935040122277417
2016-06-24,2627,0.9950513894175866,0.7119357306809487,646999231062.0999,0.007613247049866768
2016-06-27,2619,0.9950362733867889,0.8046815042210284,583118347501.0002,0.001145475372279496
2016-06-28,2630,0.9954372623574145,0.8495034377387318,665054049349.5999,0.0038022813688212928
2016-06-29,2633,0.9950626661602735,0.8858778625954199,644263706687.9001,0.0018989745537409798
2016-06-30,2635,0.9946869070208728,0.7115604731018695,575148661277.1997,0.02922201138519924
2016-07-01,2642,0.9947009841029523,0.686834094368341,520272521141.9998,0.003785011355034065
2016-07-04,2638,0.9950720242608037,0.7382857142857143,658535149571.1001,0.0037907505686125853
2016-07-05,2643,0.9947029890276201,0.7550399391403575,707937248298.4004,0.0037835792659856224
2016-07-06,2641,0.9943203332071185,0.7757044935262757,663568950518.4,0.004922377887163953
2016-07-07,2645,0.9950850661625709,0.7758358662613982,733199941171.3003,0.0060491493383742915
2016-07-08,2644,0.9943267776096822,0.7881323697223279,590121600766.2001,0.009833585476550681
2016-07-11,2646,0.9947089947089947,0.9281914893617021,699549002424.6,0.04497354497354497
2016-07-12,2651,0.994718973972086,0.9283276450511946,734408618566.7997,0.007921539041870993
2016-07-13,2650,0.9932075471698113,0.8795592705167173,728773127012.3,0.0037735849056603774
2016-07-14,2654,0.9932177844762623,0.8736722306525038,587728053684.8,0.004144687264506406
2016-07-15,2655,0.9939736346516007,0.8537324744221296,567774210198.2001,0.009416195856873822
2016-07-18,2651,0.994341757827235,0.832701062215478,557506763660.8,0.016220294228592985
2016-07-19,2660,0.9943609022556391,0.8775047258979206,516472267157.1001,0.004511278195488722
2016-07-20,2658,0.9943566591422122,0.8346575860764283,505041700784.90015,0.005267118133935289
2016-07-21,2657,0.9954836281520512,0.8544423440453687,556420566311.8,0.011290929619872036
2016-07-22,2668,0.9943778110944528,0.8341500188465888,539586969805.4999,0.022113943028485756
2016-07-25,2660,0.9954887218045113,0.7628398791540786,491426800166.69995,0.02142857142857143
2016-07-26,2673,0.9947624392068837,0.7645731477999248,484845778898.19995,0.0018705574261129816
2016-07-27,2665,0.9951219512195122,0.5041478129713424,806028641822.0996,0.5095684803001876
2016-07-28,2679,0.9951474430757745,0.4778694673668417,556561729436.5,0.01605076521089959
2016-07-29,2677,0.9951438177063877,0.4451951951951952,431125779904.49994,0.01867762420620097
2016-08-01,2684,0.9959016393442623,0.2716049382716049,417063233377.7998,0.0763785394932936
2016-08-02,2694,0.9951744617668894,0.2845953002610966,322235323240.3999,0.005196733481811433
2016-08-03,2689,0.9955373744886575,0.2812850205453866,381489148562.30005,0.0026031982149497955
2016-08-04,2686,0.9955323901712584,0.30067314884068813,404520355111.1998,0.0007446016381236039
2016-08-05,2691,0.9955406911928651,0.2963792459873087,402050466289.39996,0.0037160906726124115
2016-08-08,2699,0.9955539088551315,0.35132117603275026,413973490543.8999,0.007410151908114116
2016-08-09,2712,0.9941002949852508,0.33086053412462907,463019571425.8002,0.0003687315634218289
2016-08-10,2712,0.9933628318584071,0.28396436525612473,468216398852.09985,0.003687315634218289
2016-08-11,2711,0.9937292511988196,0.23496659242761692,450142841696.4999,0.011434894872740686
2016-08-12,2717,0.9926389400073611,0.27956989247311825,426446788599.40027,0.002208317997791682
2016-08-15,2717,0.9922708870077291,0.41097922848664686,750501753638.8003,0.001104158998895841
2016-08-16,2724,0.9922907488986784,0.41731409544950054,709126891354.6998,0.004038179148311307
2016-08-17,2724,0.9919236417033774,0.4378238341968912,618348702070.3998,0.0047723935389133625
2016-08-18,2732,0.9908491947291361,0.4229774658293314,635036990510.8999,0.0018301610541727673
2016-08-19,2724,0.9908223201174743,0.5009262689885142,536324411575.8999,0.006240822320117474
2016-08-22,2727,0.9915658232489916,0.42529585798816566,533992004200.00024,0.04107077374404107
2016-08-23,2731,0.990845844013182,0.3706577974870658,459887052868.7999,0.006957158549981692
2016-08-24,2740,0.9912408759124087,0.7083946980854198,448738576589.19995,0.0036496350364963502
2016-08-25,2725,0.9908256880733946,0.6618518518518518,510787257697.9002,0.008073394495412844
2016-08-26,2724,0.9900881057268722,0.7404523544679273,475205817661.5001,0.008076358296622614
2016-08-29,2721,0.9897096655641309,0.8577794281470479,431882338000.9999,0.012862918044836457
2016-08-30,2731,0.9897473452947638,0.8094709581945986,422426832796.6001,0.007323324789454412
2016-08-31,2734,0.9893928310168252,0.7903881700554528,441009859380.69995,0.0036576444769568397
2016-09-01,2737,0.9890390938984289,0.7081640192094569,454767876367.30005,0.009499451954694921
2016-09-02,2730,0.9901098901098901,0.7195708472068072,430789812479.7001,0.006593406593406593
2016-09-05,2742,0.9901531728665208,0.6589318600368325,409846830512.1,0.005470459518599562
2016-09-06,2737,0.9908659115820241,0.6843657817109144,532154365850.3001,0.0014614541468761417
2016-09-07,2737,0.9905005480453051,0.700848395426042,560358375489.8003,0.005480453050785532
2016-09-08,2739,0.990872581234027,0.8142962417096536,448910464744.7,0.004381161007667032
2016-09-09,2734,0.9915874177029993,0.6905201032829215,480860938839.9,0.010241404535479151
2016-09-12,2729,0.991572004397215,0.3325942350332594,539615546600.7002,0.17075851960425065
2016-09-13,2727,0.9911991199119912,0.3407325194228635,396684875524.10004,0.004033736707004034
2016-09-14,2727,0.9908324165749909,0.3182827535159141,374600577743.99994,0.012467913458012467
2016-09-19,2723,0.9911861917003305,0.37347165616895145,345423935932.99994,0.001836210062431142
2016-09-20,2737,0.9905005480453051,0.36407229804500185,355915328523.70013,0.00401899890390939
2016-09-21,2730,0.9912087912087912,0.4312638580931264,351516980154.4,0.004395604395604396
2016-09-22,2722,0.9915503306392358,0.4305298258614302,416971223674.3,0.0003673769287288758
2016-09-23,2721,0.9904446894524072,0.41150278293135434,395529282183.19995,0.01470047776552738
2016-09-26,2727,0.991932526585992,0.3534195933456562,424810097283.9001,0.09754308764209754
2016-09-27,2743,0.992344148742253,0.3666421748714181,350176369224.5999,0.007291286912139993
2016-09-28,2742,0.9916119620714807,0.33394630378815743,305078230419.80005,0.004741064916119621
2016-09-29,2739,0.9923329682365827,0.35908756438557765,323099919702.4,0.004016064257028112
2016-09-30,2746,0.9912600145666424,0.37178545187362233,298378415459.50006,0.005826656955571741
2016-10-10,2752,0.9916424418604651,0.535360938072554,453938208382.8,0.007267441860465116
2016-10-11,2745,0.9923497267759562,0.5958149779735683,463131677318.4998,0.0007285974499089253
2016-10-12,2769,0.9902491874322861,0.574033552151714,425139329984.19995,0.0021668472372697724
2016-10-13,2765,0.9905967450271248,0.4881343556042351,431902235574.69995,0.0014466546112115732
2016-10-14,2765,0.9905967450271248,0.48229280759401244,423324560996.6998,0.0054249547920434
2016-10-17,2769,0.9898880462260744,0.3980299160890186,463396266848.9999,0.008306247742867461
2016-10-18,2769,0.9902491874322861,0.562363238512035,482511598546.8002,0.002527988443481401
2016-10-19,2764,0.9913169319826338,0.7781021897810219,494857017492.1999,0.001447178002894356
2016-10-20,2768,0.9909682080924855,0.7568355814801312,474650308406.4,0.006502890173410405
2016-10-21,2776,0.9906340057636888,0.7665454545454545,505693901031.5,0.0036023054755043226
2016-10-24,2781,0.9910104279036318,0.7489114658925979,563741868688.8,0.002876663070837828
2016-10-25,2780,0.9910071942446043,0.7960072595281307,539003569026.6002,0.0028776978417266188
2016-10-26,2794,0.9896206156048676,0.7486437613019892,547456229065.3999,0.010737294201861132
2016-10-27,2794,0.9899785254115963,0.705350686912509,453930183163.7999,0.004294917680744453
2016-10-28,2798,0.9899928520371694,0.6696750902527075,511252070636.90027,0.017869907076483203
2016-10-31,2798,0.9892780557541101,0.8135838150289018,435141932413.0,0.020014295925661188
2016-11-01,2803,0.9896539422047806,0.8237202595529921,483869910069.0,0.0007135212272565109
2016-11-02,2792,0.9888968481375359,0.7888446215139442,548469240807.0,0.0064469914040114614
2016-11-03,2800,0.9907142857142858,0.8010093727469358,640977134463.0,0.002142857142857143
2016-11-04,2814,0.9900497512437811,0.7587939698492462,566682336510.0,0.013148542999289269
2016-11-07,2812,0.9889758179231863,0.6245954692556634,511432068924.0,0.007467994310099573
2016-11-08,2801,0.9903605855051767,0.6319394376351839,525931580528.0,0.0032131381649410924
2016-11-09,2803,0.9903674634320371,0.5605187319884726,653510612628.0,0.0017838030681412772
2016-11-10,2803,0.9903674634320371,0.6412103746397695,655050344118.0,0.0028540849090260435
2016-11-11,2806,0.9896650035637918,0.6769895570759813,760177203436.0,0.007127583749109052
2016-11-14,2809,0.9911000355998576,0.7658045977011494,767822659856.0,0.014595941616233536
2016-11-15,2804,0.9903708987161198,0.715880446525027,630651584483.0,0.0046362339514978606
2016-11-16,2802,0.9900071377587437,0.7325162220620043,627309356189.0,0.010706638115631691
2016-11-17,2798,0.9896354538956398,0.6861682918020946,545556701118.0,0.006433166547533953
2016-11-18,2798,0.9889206576125804,0.7000361402240693,544151321843.0,0.004646175839885632
2016-11-21,2799,0.9892818863879957,0.6547490068616829,593094013238.0,0.005001786352268668
2016-11-22,2810,0.9886120996441281,0.6947444204463643,663525089922.0,0.003202846975088968
2016-11-23,2813,0.9879132598649129,0.6833393306944944,679825280840.0,0.008887308922858158
2016-11-24,2810,0.9889679715302491,0.6480748470672903,633607500439.0,0.009608540925266904
2016-11-25,2808,0.9878917378917379,0.7198990627253065,612213412542.0,0.008547008547008548
2016-11-28,2807,0.9893124332027076,0.7220021606049694,641846512793.0,0.01923762023512647
2016-11-29,2810,0.9886120996441281,0.5759539236861051,690085307053.0,0.028113879003558717
2016-11-30,2822,0.9875974486180015,0.6010046645138142,563653257168.0,0.015946137491141033
2016-12-01,2819,0.987229514012061,0.5900107797340999,559575201014.0,0.0035473572188719402
2016-12-02,2822,0.9872430900070872,0.4379038047379756,597198031772.0,0.049255846917080084
2016-12-05,2823,0.9872476089266737,0.39181916038751347,510929507614.0,0.03790294013460857
2016-12-06,2840,0.9862676056338028,0.36415565869332384,419965601081.0,0.005633802816901409
2016-12-07,2829,0.9872746553552492,0.4983888292158969,437636666073.0,0.0021208907741251328
2016-12-08,2837,0.9866055692633063,0.353340478742408,454620290695.0,0.007049700387733521
2016-12-09,2835,0.9865961199294533,0.3103324991061852,486744531361.0,0.01869488536155203
2016-12-12,2831,0.9862239491345814,0.15436962750716332,651490177857.0,0.5605793006004945
2016-12-13,2844,0.9866385372714487,0.17248752672843906,457786567402.0,0.011954992967651195
2016-12-14,2848,0.9856039325842697,0.16636978981118633,468762392620.0,0.014044943820224719
2016-12-15,2844,0.9869901547116737,0.18061987887424297,458254608764.0,0.004922644163150493
2016-12-16,2842,0.9869809992962703,0.2014260249554367,433668555149.0,0.0063335679099225895
2016-12-19,2836,0.9880112834978844,0.2027123483226267,399480876281.0,0.016572637517630464
2016-12-20,2844,0.9862869198312236,0.17575757575757575,384334527697.0,0.01230661040787623
2016-12-21,2854,0.9863349684653119,0.19644760213143872,429658341302.0,0.005956552207428171
2016-12-22,2844,0.9866385372714487,0.20420527441197434,397124326292.0,0.005274261603375527
2016-12-23,2849,0.9863109863109863,0.1708185053380783,404823665105.0,0.05265005265005265
2016-12-26,2850,0.9863157894736843,0.1814300960512273,378421654808.0,0.011578947368421053
2016-12-27,2864,0.9863826815642458,0.22265486725663716,363234213554.0,0.006284916201117319
2016-12-28,2865,0.9860383944153578,0.22973451327433628,351636922672.0,0.008376963350785341
2016-12-29,2872,0.9846796657381616,0.20685997171145687,342809329635.0,0.009401114206128134
2016-12-30,2887,0.9840665050225147,0.2576557550158395,343531497797.0,0.011776931070315206
2017-01-03,2877,0.9850538755648245,0.3193366266760762,359498953374.0,0.006256517205422315
2017-01-04,2888,0.9844182825484764,0.3566654941962715,450806474907.0,0.002770083102493075
2017-01-05,2885,0.984055459272097,0.29904896090172595,450249689456.0,0.006932409012131715
2017-01-06,2891,0.9837426496022138,0.3069620253164557,454897091401.0,0.04565894154271878
2017-01-09,2893,0.9830625648116142,0.3470464135021097,415514194138.0,0.010369858278603527
2017-01-10,2895,0.9848013816925734,0.6660820764643984,417599932090.0,0.009671848013816925
2017-01-11,2896,0.9830801104972375,0.5742887249736565,404570850231.0,0.03280386740331492
2017-01-12,2903,0.9824319669307613,0.5585553997194951,363770070019.0,0.018601446779193936
2017-01-13,2904,0.981404958677686,0.39263157894736844,383664149441.0,0.09056473829201102
2017-01-16,2908,0.9803988995873453,0.1971238162048404,521681734973.0,0.4040577716643741
2017-01-17,2912,0.9804258241758241,0.21681260945709283,355558291526.0,0.006181318681318681
2017-01-18,2912,0.9821428571428571,0.22272727272727272,316670702221.0,0.019574175824175824
2017-01-19,2914,0.981811942347289,0.18629849702901083,297852563354.0,0.01956074124914207
2017-01-20,2921,0.9804861348853132,0.22311452513966482,322888976263.0,0.002396439575487847
2017-01-23,2919,0.9804727646454265,0.31236897274633124,331711337819.0,0.0041109969167523125
2017-01-24,2928,0.9795081967213115,0.28661087866108786,305971462600.0,0.011270491803278689
2017-01-25,2931,0.9802115319003752,0.28054298642533937,283363970941.0,0.010917775503241215
2017-01-26,2941,0.9806188371302278,0.3248959778085992,269759901626.0,0.007480448826929616
2017-02-03,2930,0.9812286689419796,0.31756521739130433,239964677947.0,0.00955631399317406
2017-02-06,2932,0.980218281036835,0.3475991649269311,329090600254.0,0.0034106412005457027
2017-02-07,2935,0.9802385008517888,0.2933611400764685,351021195451.0,0.002385008517887564
2017-02-08,2946,0.9799728445349627,0.28299272601316244,386325720156.0,0.0006788866259334691
2017-02-09,2947,0.9796403121818799,0.3082784897817804,458436203914.0,0.0027146250424160165
2017-02-10,2943,0.9802922188243289,0.33830155979202775,498321500571.0,0.013251783893985729
2017-02-13,2958,0.9790398918187965,0.3428867403314917,484358480576.0,0.0037187288708586883
2017-02-14,2945,0.9806451612903225,0.3542243767313019,431070270536.0,0.0027164685908319186
2017-02-15,2955,0.9807106598984772,0.3837129054520359,519477541806.0,0.009137055837563452
2017-02-16,2951,0.9820399864452728,0.4941338854382333,451334531474.0,0.005083022704168078
2017-02-17,2955,0.9810490693739424,0.562262849258365,499269110813.0,0.020642978003384094
2017-02-20,2932,0.9809004092769441,0.8584840055632823,498410186951.0,0.015347885402455661
2017-02-21,2949,0.981010512037979,0.8620808848945731,498686631710.0,0.001017293997965412
2017-02-22,2941,0.9823189391363482,0.8909657320872274,501799340223.0,0.0023801428085685142
2017-02-23,2953,0.9827294277006434,0.9017918676774638,517835742743.0,0.0077886894683372844
2017-02-24,2952,0.9840785907859079,0.8774526678141136,476179280647.0,0.006097560975609756
2017-02-27,2951,0.9850898000677737,0.8156174750601995,467090279290.0,0.01253812267028126
2017-02-28,2952,0.9867886178861789,0.8465499485066942,419054571531.0,0.00508130081300813
2017-03-01,2957,0.9881636794048022,0.8514715947980835,496249775114.0,0.006763611768684477
2017-03-02,2960,0.9871621621621621,0.7799452429842574,486647869521.0,0.007094594594594595
2017-03-03,2961,0.9881796690307328,0.8010936431989063,449375473403.0,0.009456264775413711
2017-03-06,2969,0.9878747052879757,0.8083873167405387,478874215049.0,0.001684068710003368
2017-03-07,2973,0.9889001009081736,0.8153061224489796,495822433990.0,0.0026908846283215607
2017-03-08,2967,0.989551735760027,0.7561307901907357,455871525513.0,0.0047185709470845974
2017-03-09,2961,0.9902060114826072,0.638130968622101,450414471305.0,0.0121580547112462
2017-03-10,2971,0.989902389767755,0.6191771506290378,417951194504.0,0.004039044092898014
2017-03-13,2971,0.9888926287445304,0.6147038801906058,474577340422.0,0.001682935038707506
2017-03-14,2972,0.9899057873485868,0.6179469748470429,459995983130.0,0.004037685060565276
2017-03-15,2969,0.9892219602559784,0.6561116785835887,442576969521.0,0.0057258336140114515
2017-03-16,2972,0.9902422611036339,0.6772001359157322,550418849993.0,0.001009421265141319
2017-03-17,2980,0.9895973154362416,0.6809087826381824,600220307772.0,0.012751677852348993
2017-03-20,2965,0.9895446880269815,0.6370143149284253,495673807265.0,0.008094435075885328
2017-03-21,2983,0.988602078444519,0.5815530688368938,496604039653.0,0.004693261816962789
2017-03-22,2975,0.9885714285714285,0.5059503570214213,545994044557.0,0.0033613445378151263
2017-03-23,2986,0.9876088412592097,0.5083079009833842,578802395665.0,0.011386470194239785
2017-03-24,2990,0.9859531772575251,0.5118724559023067,562658927749.0,0.006354515050167224
2017-03-27,2997,0.9853186519853186,0.5380968506603454,537374331215.0,0.01334668001334668
2017-03-28,2994,0.9856379425517702,0.4889867841409692,465965978461.0,0.01837007348029392
2017-03-29,3002,0.9860093271152565,0.42195945945945945,540182762581.0,0.06662225183211193
2017-03-30,2997,0.984984984984985,0.3326558265582656,582324278146.0,0.11444778111444778
2017-03-31,3000,0.986,0.3299526707234618,463699279638.0,0.039
2017-04-05,2994,0.9863059452237809,0.36403657297663394,575954776663.0,0.008016032064128256
2017-04-06,2996,0.9849799732977303,0.3632666892578787,553260141021.0,0.003671562082777036
2017-04-07,3002,0.9843437708194537,0.3871404399323181,566328617504.0,0.013990672884743505
2017-04-10,2991,0.9852892009361418,0.37902952154733627,625544018089.0,0.1190237378803076
2017-04-11,2995,0.9859766277128548,0.4080596004063664,710477896041.0,0.012353923205342237
2017-04-12,3008,0.9860372340425532,0.34322319622387054,653414531864.0,0.06017287234042553
2017-04-13,2996,0.9846461949265688,0.3583050847457627,494203892758.0,0.009012016021361816
2017-04-14,3002,0.9850099933377748,0.30402434900236724,511548986398.0,0.04063957361758828
2017-04-17,3019,0.9857568731368003,0.22916666666666666,500591643568.0,0.14971844981782048
2017-04-18,3017,0.9857474312230693,0.22898453261600538,468082928278.0,0.052701358965860125
2017-04-19,3021,0.9864283349884144,0.19463087248322147,493712943605.0,0.05163853028798411
2017-04-20,3012,0.9857237715803453,0.1852475581003705,465165280885.0,0.034528552456839307
2017-04-21,3016,0.985079575596817,0.18882531134298217,382675803764.0,0.03879310344827586
2017-04-24,3008,0.9863696808510638,0.13549039433771487,411898813197.0,0.2237367021276596
2017-04-25,3015,0.9857379767827529,0.13492597577388965,386939356427.0,0.01658374792703151
2017-04-26,3024,0.9857804232804233,0.14726601811472662,430663976223.0,0.016534391534391533
2017-04-27,3024,0.9851190476190477,0.16012084592145015,521041577707.0,0.014219576719576719
2017-04-28,3022,0.985771012574454,0.17556226921785834,416546324167.0,0.010589013898080741
2017-05-02,2995,0.9863105175292154,0.21123899796885579,401650050763.0,0.01736227045075125
2017-05-03,3019,0.9854256376283538,0.19798319327731093,431466665270.0,0.020536601523683338
2017-05-04,3017,0.9860788863109049,0.14487394957983193,453212495578.0,0.01557838912827312
2017-05-05,3017,0.9864103413987405,0.11995967741935484,436445991928.0,0.04640371229698376
2017-05-08,3017,0.9864103413987405,0.10013440860215053,419247736201.0,0.1329134902220749
2017-05-09,3013,0.9860604049120478,0.11948838774823292,348161888491.0,0.016262860935944243
2017-05-10,3017,0.9864103413987405,0.09307795698924731,402525909965.0,0.07225720914816043
2017-05-11,3027,0.9861248761149654,0.10854271356783919,426939500157.0,0.03964321110009911
2017-05-12,3016,0.9864058355437666,0.10823529411764705,373808873176.0,0.009946949602122016
2017-05-15,3017,0.9864103413987405,0.13776881720430106,349723585053.0,0.008617832283725556
2017-05-16,3012,0.9860557768924303,0.20976430976430976,460855435662.0,0.004648074369189907
2017-05-17,3011,0.986051145798738,0.2462108454024924,473703458968.0,0.004649618067087346
2017-05-18,3016,0.9864058355437666,0.24067226890756302,400207533725.0,0.02486737400530504
2017-05-19,3028,0.9864597093791282,0.25677937730164047,353872578692.0,0.017173051519154558
2017-05-22,3033,0.9861523244312562,0.20728853226345703,387119489332.0,0.1341905703923508
2017-05-23,3040,0.9868421052631579,0.209,420643718800.0,0.26842105263157895
2017-05-24,3037,0.9874876522884426,0.217405801933978,342395700795.0,0.014487981560750741
2017-05-25,3033,0.987800857237059,0.22930574098798398,428742727112.0,0.016815034619188922
2017-05-26,3038,0.9871626069782752,0.19573191063687895,379669745096.0,0.012179065174456879
2017-05-31,3032,0.9871372031662269,0.17607751419979953,389115006036.0,0.018799472295514513
2017-06-01,3031,0.9874628835367866,0.13564984964918142,382119517404.0,0.23589574397888485
2017-06-02,3030,0.9871287128712871,0.15880976262119692,341361638912.0,0.011881188118811881
2017-06-05,3022,0.9877564526803442,0.18056951423785594,322075789939.0,0.004301786896095301
2017-06-06,3022,0.9877564526803442,0.2234505862646566,298202886813.0,0.008934480476505625
2017-06-07,3027,0.9881070366699702,0.3808090939485122,456319694278.0,0.0013214403700033035
2017-06-08,3030,0.9881188118811881,0.3453573814295257,427062286754.0,0.00825082508250825
2017-06-09,3035,0.9891268533772652,0.44403730846102596,405661096892.0,0.005930807248764415
2017-06-12,3035,0.9887973640856672,0.4085304898367211,387548047987.0,0.06886326194398681
2017-06-13,3034,0.9891232696110744,0.4958347217594135,357254936652.0,0.0042847725774555045
2017-06-14,3040,0.9901315789473685,0.4893687707641196,382682545553.0,0.00625
2017-06-15,3038,0.990125082290981,0.4305186170212766,413247042049.0,0.0032916392363396972
2017-06-16,3048,0.9888451443569554,0.39416058394160586,363607680059.0,0.00426509186351706
2017-06-19,3050,0.9891803278688525,0.4829300629764667,351456757200.0,0.005901639344262295
2017-06-20,3063,0.9888997714658831,0.4872895344998349,399073166416.0,0.00555011426705844
2017-06-21,3066,0.9895629484670581,0.6558998022412657,393211132048.0,0.006196999347684279
2017-06-22,3066,0.9885844748858448,0.744638733091389,478657616838.0,0.043052837573385516
2017-06-23,3064,0.9895561357702349,0.7133905013192612,405994213017.0,0.009138381201044387
2017-06-26,3062,0.9898758981058132,0.7337512372154404,439479591731.0,0.002939255388634879
2017-06-27,3073,0.9886104783599089,0.7300855826201448,383611678195.0,0.0026033192320208264
2017-06-28,3073,0.9886104783599089,0.6823568136932192,371983714843.0,0.00878620240807029
2017-06-29,3061,0.9898725906566481,0.8452145214521453,351817909732.0,0.0019601437438745506
2017-06-30,3070,0.990228013029316,0.8167763157894737,337969418203.0,0.0029315960912052116
2017-07-03,3069,0.9902248289345064,0.8094768015794669,369990663380.0,0.004235907461713913
2017-07-04,3067,0.9895663514835344,0.7825370675453048,384445032418.0,0.005216824258232801
2017-07-05,3077,0.9899252518687033,0.6992777413000657,410157479639.0,0.004549886252843679
2017-07-06,3070,0.9892508143322476,0.7092525518603885,476553905759.0,0.001954397394136808
2017-07-07,3069,0.988595633756924,0.7224785761371127,466359971550.0,0.004561746497230368
2017-07-10,3062,0.9905290659699543,0.7530497856907352,500651271353.0,0.043762246897452645
2017-07-11,3074,0.9902407286922577,0.6084099868593955,457803643034.0,0.038386467143786594
2017-07-12,3073,0.9908883826879271,0.5688013136288999,448913849221.0,0.010087862024080702
2017-07-13,3067,0.9905445060319531,0.4815668202764977,438344264449.0,0.01728073035539615
2017-07-14,3063,0.9915115899444988,0.4622983207112282,385679405578.0,0.025465230166503428
2017-07-17,3069,0.9908765070055393,0.21703387043735614,569603208931.0,0.5933528836754643
2017-07-18,3057,0.9914949296696107,0.24348399868030354,412227324562.0,0.015047432122996402
2017-07-19,3059,0.9915004903563256,0.2871744147708539,524417529775.0,0.004249754821837201
2017-07-20,3058,0.9911706998037934,0.36159683272847243,503271935581.0,0.0035971223021582736
2017-07-21,3066,0.9902152641878669,0.36001317523056653,444005173646.0,0.007501630789302022
2017-07-24,3072,0.9912109375,0.34614121510673235,492758025308.0,0.008138020833333334
2017-07-25,3072,0.9905598958333334,0.33158067696352284,434316561430.0,0.0078125
2017-07-26,3074,0.9908913467794405,0.35029546946815493,460694958404.0,0.00520494469746259
2017-07-27,3083,0.9922153746350957,0.38182412553121936,552420626798.0,0.007460265974699967
2017-07-28,3082,0.9918883841661259,0.3702976774615636,458815713875.0,0.0016223231667748216
2017-07-31,3087,0.9909297052154195,0.36220987250735537,540276909651.0,0.0058309037900874635
2017-08-01,3092,0.9902975420439845,0.3791639451338994,541868737073.0,0.006144890038809832
2017-08-02,3100,0.9896774193548387,0.31877444589308995,584566213776.0,0.011612903225806452
2017-08-03,3106,0.9900193174500966,0.3339837398373984,522439613012.0,0.006117192530585963
2017-08-04,3104,0.9896907216494846,0.3037109375,567168231797.0,0.017074742268041235
2017-08-07,3104,0.9896907216494846,0.3330078125,459646051658.0,0.004510309278350515
2017-08-08,3109,0.9893856545513027,0.391742522756827,527015272564.0,0.008684464458025088
2017-08-09,3116,0.9890885750962772,0.41044776119402987,497279079224.0,0.0054557124518613605
2017-08-10,3118,0.9887748556767159,0.36036328251702887,523852053122.0,0.011545862732520847
2017-08-11,3121,0.9884652355014418,0.29529983792544573,535885484701.0,0.07593719961550785
2017-08-14,3128,0.9888107416879796,0.7432913029421274,472009702969.0,0.002237851662404092
2017-08-15,3120,0.989423076923077,0.7369614512471655,455157744076.0,0.002564102564102564
2017-08-16,3130,0.9897763578274761,0.7088444157520981,491044103159.0,0.006389776357827476
2017-08-17,3126,0.989443378119002,0.7193663110248949,525309238508.0,0.0006397952655150352
2017-08-18,3129,0.9891339085969958,0.7163166397415186,479948201993.0,0.009587727708533078
2017-08-21,3137,0.9885240675804909,0.7220251531763947,455465793161.0,0.0015938795027095952
2017-08-22,3135,0.9881977671451355,0.7133634602969657,484637573215.0,0.004146730462519936
2017-08-23,3141,0.9879019420566698,0.6928778601353529,430900011903.0,0.013371537726838587
2017-08-24,3141,0.9885386819484241,0.5413848631239936,407565448026.0,0.012416427889207259
2017-08-25,3147,0.9888782967905942,0.6548843187660668,466124471204.0,0.002542103590721322
2017-08-28,3150,0.9898412698412699,0.7042976266837716,640620330653.0,0.0019047619047619048
2017-08-29,3151,0.9904792129482703,0.6856776674142903,565204940513.0,0.006664550936210727
2017-08-30,3152,0.9907994923857868,0.7531219980787704,561050988054.0,0.005710659898477157
2017-08-31,3153,0.990802410402791,0.7471190781049936,545648345666.0,0.001585791309863622
2017-09-01,3166,0.9911560328490209,0.7855321861057999,640486241038.0,0.00410612760581175
2017-09-04,3159,0.9920861031972144,0.7571793235481813,646163260309.0,0.012662234884457106
2017-09-05,3168,0.9921085858585859,0.7492841234489341,562360908852.0,0.005681818181818182
2017-09-06,3162,0.9924098671726755,0.741555130656469,600969524907.0,0.005060088551549652
2017-09-07,3165,0.9921011058451816,0.7697452229299363,628486857245.0,0.005687203791469194
2017-09-08,3162,0.99146110056926,0.8555023923444977,552421777332.0,0.008538899430740038
2017-09-11,3166,0.9911560328490209,0.8100701083492671,589286861572.0,0.003790271636133923
2017-09-12,3162,0.9905123339658444,0.7848020434227331,756673164539.0,0.01865907653383934
2017-09-13,3165,0.9908372827804107,0.7822066326530612,539206927229.0,0.0034755134281200632
2017-09-14,3171,0.9908546199936928,0.7208784213876511,585819891935.0,0.005361084831283507
2017-09-15,3169,0.9902177343010413,0.7246653919694073,565015369751.0,0.031555695803092455
2017-09-18,3173,0.991175543649543,0.7077901430842607,515958974766.0,0.010400252127324299
2017-09-19,3185,0.9915227629513343,0.7283090563647878,523613731120.0,0.004709576138147566
2017-09-20,3184,0.990891959798995,0.7771790808240887,541354779037.0,0.002826633165829146
2017-09-21,3194,0.990920475892298,0.7661927330173776,552207714662.0,0.024420788979336257
2017-09-22,3206,0.9900187149095446,0.6559546313799622,487037288990.0,0.009669369931378666
2017-09-25,3208,0.9894014962593516,0.48739760554505357,468066540853.0,0.046758104738154616
2017-09-26,3214,0.9884878655880522,0.4686811457349701,401165777814.0,0.039514623522090855
2017-09-27,3211,0.9897228277795079,0.49307740717432347,417777752574.0,0.003114294612270321
2017-09-28,3217,0.9903636928815667,0.4278091650973007,441209639812.0,0.009014609884986011
2017-09-29,3223,0.9888302823456407,0.4430498901788516,434085594935.0,0.007446478436239528
2017-10-09,3222,0.9888268156424581,0.48148148148148145,537745399076.0,0.0074487895716946
2017-10-10,3217,0.9891202984146721,0.5634820867379007,541904779194.0,0.004973577867578489
2017-10-11,3220,0.9900621118012423,0.5282308657465495,568234238523.0,0.02701863354037267
2017-10-12,3219,0.9906803355079217,0.535277516462841,481121322618.0,0.010872941907424665
2017-10-13,3228,0.9897769516728625,0.5796557120500783,458429883275.0,0.004337050805452293
2017-10-16,3226,0.9897706137631742,0.3626683369871594,545565937915.0,0.09888406695598265
2017-10-17,3224,0.9897642679900744,0.40363522406769037,389223572732.0,0.006823821339950372
2017-10-18,3229,0.9888510374729018,0.33573441904165363,441777938314.0,0.02322700526478786
2017-10-19,3229,0.9888510374729018,0.2953335421233949,433102092804.0,0.023846392071848868
2017-10-20,3226,0.9885306881587105,0.3603010348071496,362470669987.0,0.0049597024178549285
2017-10-23,3230,0.9894736842105263,0.3645181476846058,383515889329.0,0.004024767801857585
2017-10-24,3220,0.9894409937888199,0.35530445699937224,407046588313.0,0.01987577639751553
2017-10-25,3232,0.989480198019802,0.358974358974359,389096088608.0,0.001547029702970297
2017-10-26,3230,0.9897832817337461,0.41319987488270254,511823584042.0,0.0058823529411764705
2017-10-27,3236,0.9901112484548825,0.4004369538077403,462827507653.0,0.009888751545117428
2017-10-30,3240,0.9904320987654321,0.3418510439389218,561888959924.0,0.17716049382716048
2017-10-31,3246,0.9901417128773875,0.38736776602364653,431643452190.0,0.005545286506469501
2017-11-01,3256,0.9901719901719902,0.36879652605459057,481534136632.0,0.0042997542997543
2017-11-02,3266,0.9898958971218617,0.35818125579956694,469767118344.0,0.021739130434782608
2017-11-03,3271,0.989911342097218,0.30111179740580607,465065719033.0,0.020483032711708957
2017-11-06,3270,0.9886850152905199,0.29167955459325706,464567448323.0,0.008868501529051987
2017-11-07,3276,0.989010989010989,0.2737654320987654,525542274017.0,0.0030525030525030525
2017-11-08,3277,0.9896246566981995,0.2821461609620722,558042688089.0,0.0051876716509002135
2017-11-09,3283,0.9896436186414864,0.30840258541089566,481747452105.0,0.0021321961620469083
2017-11-10,3283,0.9893390191897654,0.2857142857142857,567660280160.0,0.0024367956137678953
2017-11-13,3280,0.9890243902439024,0.3591245376078915,596022795853.0,0.009146341463414634
2017-11-14,3283,0.9896436186414864,0.3293321021852878,603184892329.0,0.02193116052391106
2017-11-15,3287,0.9887435351384241,0.3323076923076923,523982464639.0,0.039853970185579554
2017-11-16,3274,0.9890042761148442,0.3536133415688697,490418780542.0,0.032376298106292
2017-11-17,3281,0.9884181651935385,0.22417514646931852,645632197495.0,0.35324596159707405
2017-11-20,3275,0.9893129770992366,0.2212962962962963,488962608314.0,0.017404580152671757
2017-11-21,3278,0.9884075655887736,0.22839506172839505,562168527171.0,0.014032946918852958
2017-11-22,3285,0.9878234398782344,0.2120184899845917,565672825056.0,0.012480974124809741
2017-11-23,3278,0.987797437461867,0.16399011735639282,554087982769.0,0.10951799877974375
2017-11-24,3274,0.9886988393402566,0.16558541859746678,440073914769.0,0.02535125229077581
2017-11-27,3280,0.9890243902439024,0.1680024660912454,431039628688.0,0.06829268292682927
2017-11-28,3265,0.9895865237366003,0.181058495821727,371140127272.0,0.005513016845329249
2017-11-29,3275,0.989618320610687,0.18420240666460969,456746433506.0,0.011603053435114504
2017-11-30,3274,0.9899205864386073,0.18667078062326442,402324834176.0,0.011912034208918754
2017-12-01,3275,0.9902290076335878,0.2294172062904718,387413418257.0,0.003969465648854962
2017-12-04,3268,0.9902080783353733,0.17645241038318912,407026437461.0,0.11107711138310894
2017-12-05,3274,0.9899205864386073,0.12588707189139153,482328983192.0,0.1731826511912034
2017-12-06,3266,0.9908144519289651,0.1276266996291718,393135128133.0,0.006429883649724434
2017-12-07,3263,0.9920318725099602,0.1152301513747297,349833652160.0,0.00827459393196445
2017-12-08,3270,0.9920489296636086,0.13070283600493218,372711624175.0,0.0030581039755351682
2017-12-11,3260,0.9914110429447853,0.14727722772277227,401801502720.0,0.0018404907975460123
2017-12-12,3257,0.9920171937365674,0.13618074899411947,378427260156.0,0.023334356770033773
2017-12-13,3256,0.9923218673218673,0.1720829464562055,335911539937.0,0.00214987714987715
2017-12-14,3264,0.9932598039215687,0.17890191239975323,357938588057.0,0.0015318627450980392
2017-12-15,3272,0.9932762836185819,0.2876923076923077,376365926759.0,0.012530562347188265
2017-12-18,3271,0.9935799449709569,0.2483076923076923,342460067218.0,0.03271170895750535
2017-12-19,3273,0.9938893981057134,0.2871195819243775,332765947329.0,0.005194011610143599
2017-12-20,3282,0.994210847044485,0.2448666870977628,362405631265.0,0.015843997562461912
2017-12-21,3271,0.9941913787832467,0.3520910209102091,384933556740.0,0.005197187404463467
2017-12-22,3285,0.9948249619482497,0.3237454100367197,337171515331.0,0.0091324200913242
2017-12-25,3284,0.9948233861144945,0.327517600244873,381202231000.0,0.03136419001218027
2017-12-26,3279,0.9942055504727051,0.302760736196319,364358641365.0,0.004879536444037816
2017-12-27,3282,0.9939061547836685,0.2774371551195586,409894887929.0,0.014625228519195612
2017-12-28,3281,0.9951234379762267,0.31669218989280246,424162337417.0,0.007010057909174032
2017-12-29,3293,0.9936228363194656,0.3147921760391198,365695696175.0,0.013058001822046765
2018-01-02,3282,0.9939061547836685,0.4699570815450644,445253925362.0,0.0042656916514320535
2018-01-03,3286,0.9936092513694461,0.714854517611026,531394307241.0,0.00426049908703591
2018-01-04,3296,0.9927184466019418,0.671760391198044,496130191545.0,0.0054611650485436895
2018-01-05,3296,0.9921116504854369,0.6844036697247706,498776921390.0,0.006067961165048544
2018-01-08,3301,0.9921235989094214,0.6018320610687022,558216931060.0,0.007573462587094819
2018-01-09,3302,0.9936402180496668,0.5288021944529107,482210242125.0,0.0036341611144760752
2018-01-10,3306,0.9924379915305506,0.5455653764096312,516095415472.0,0.013309134906231096
2018-01-11,3311,0.9930534581697372,0.5474452554744526,477035684155.0,0.006342494714587738
2018-01-12,3314,0.9942667471333736,0.5083459787556904,461103385692.0,0.015691007845503924
2018-01-15,3299,0.9942406789936344,0.35,585391179583.0,0.14943922400727494
2018-01-16,3305,0.9936459909228442,0.4110840438489647,535016709485.0,0.01059001512859304
2018-01-17,3305,0.9933434190620273,0.395370088333841,609681554991.0,0.03207261724659607
2018-01-18,3299,0.9936344346771749,0.4743746186699207,484550770780.0,0.009396786905122764
2018-01-19,3313,0.9915484455176578,0.4672754946727549,541120061596.0,0.012677331723513431
2018-01-22,3312,0.9933574879227053,0.5224924012158054,516904607307.0,0.030193236714975844
2018-01-23,3303,0.9936421435059037,0.617611212675198,521146013806.0,0.00696336663639116
2018-01-24,3311,0.9939595288432498,0.5937405044059556,600488795456.0,0.006342494714587738
2018-01-25,3304,0.9936440677966102,0.6104173012488577,581049754836.0,0.009079903147699757
2018-01-26,3302,0.9951544518473653,0.5553864881314668,501641001708.0,0.010902483343428226
2018-01-29,3301,0.9954559224477431,0.4297017650639075,554891550824.0,0.036655558921538926
2018-01-30,3291,0.9957459738681252,0.374122673176686,437410751023.0,0.02552415679124886
2018-01-31,3291,0.9954421148587056,0.24114774114774115,493710325114.0,0.18474627772713462
2018-02-01,3290,0.996048632218845,0.15196826365578273,566641841475.0,0.4088145896656535
2018-02-02,3247,0.9953803510933169,0.1454207920792079,462444017264.0,0.0816137973514013
2018-02-05,3203,0.9943802684982829,0.13877551020408163,447134879286.0,0.0633780830471433
2018-02-06,3198,0.9940587867417136,0.08839257628184964,559093705768.0,0.6147592245153221
2018-02-07,3183,0.9943449575871819,0.09352290679304898,526182478018.0,0.043355325164938736
2018-02-08,3177,0.9937047529115518,0.08584098828001267,411646232505.0,0.016052880075542966
2018-02-09,3186,0.9943502824858758,0.052083333333333336,493671036610.0,0.22630257376020088
2018-02-12,3201,0.993439550140581,0.09213836477987421,349465232637.0,0.006560449859418931
2018-02-13,3208,0.9943890274314214,0.09122257053291537,346929820912.0,0.020885286783042394
2018-02-14,3210,0.9950155763239875,0.09956167814652474,236723942712.0,0.019626168224299065
2018-02-22,3224,0.9956575682382134,0.11370716510903427,325027226025.0,0.00620347394540943
2018-02-23,3224,0.9956575682382134,0.12087227414330218,332415968824.0,0.004652605459057072
2018-02-26,3250,0.9950769230769231,0.13790970933828076,466983784308.0,0.003384615384615385
2018-02-27,3258,0.9953959484346224,0.13937711995066296,460882890354.0,0.009515039901780233
2018-02-28,3258,0.9953959484346224,0.13197656490903484,424722501286.0,0.012584407612031922
2018-03-01,3250,0.9950769230769231,0.1583178726035869,432290815780.0,0.0021538461538461538
2018-03-02,3263,0.9944836040453571,0.1522342064714946,416655727648.0,0.01195219123505976
2018-03-05,3258,0.9938612645794966,0.21309450277949352,386191295480.0,0.00798035604665439
2018-03-06,3254,0.9938537185003073,0.24489795918367346,498132695869.0,0.001229256299938537
2018-03-07,3263,0.9944836040453571,0.3063174114021572,428310638651.0,0.003677597303095311
2018-03-08,3254,0.9950829748002459,0.5917232859789994,402846405335.0,0.002458512599877074
2018-03-09,3261,0.9957068383931309,0.7234370187865722,511857913846.0,0.0018399264029438822
2018-03-12,3261,0.9963201471941122,0.7842413050169282,606768789071.0,0.0018399264029438822
2018-03-13,3260,0.9957055214723927,0.8739987677141097,502187527489.0,0.014723926380368098
2018-03-14,3256,0.9966216216216216,0.8724191063174114,445607246885.0,0.01812039312039312
2018-03-15,3266,0.9963257807715861,0.8441917639827904,435103366075.0,0.04807103490508267
2018-03-16,3268,0.9966340269277846,0.9284617746392385,395886388177.0,0.0055079559363525096
2018-03-19,3273,0.9969446990528567,0.897333741955256,396729357368.0,0.012221203788573174
2018-03-20,3273,0.9966391689581424,0.8850398528510116,402027445400.0,0.005194011610143599
2018-03-21,3277,0.9966432712847116,0.8668095529699938,481393979002.0,0.010375343301800427
2018-03-22,3276,0.9972527472527473,0.8093051729415366,423690554878.0,0.011904761904761904
2018-03-23,3284,0.9972594397076736,0.4958778625954198,634874401844.0,0.6345919610231425
2018-03-26,3288,0.9975669099756691,0.43567073170731707,470792548760.0,0.01551094890510949
2018-03-27,3274,0.9972510690287111,0.5577335375191425,540355210054.0,0.0015271838729383018
2018-03-28,3279,0.9972552607502287,0.5434250764525994,499848170048.0,0.0326318999695029
2018-03-29,3274,0.9990836896762371,0.5239987771323754,478847104096.0,0.00855222968845449
2018-03-30,3278,0.9978645515558268,0.6138795475389789,496718154462.0,0.0012202562538133007
2018-04-02,3285,0.9984779299847792,0.6073170731707317,574456551056.0,0.00821917808219178
2018-04-03,3285,0.997869101978691,0.5216595485051861,482872040833.0,0.0121765601217656
2018-04-04,3290,0.997872340425532,0.534267438318611,471873682159.0,0.019452887537993922
2018-04-09,3292,0.9978736330498177,0.4925418569254186,436675438011.0,0.015188335358444714
2018-04-10,3295,0.997268588770865,0.4126597687157638,485150928471.0,0.040667678300455236
2018-04-11,3291,0.9969614099058037,0.38524839987808596,481513839117.0,0.007292616226071103
2018-04-12,3300,0.9966666666666667,0.39191243539069626,428598248733.0,0.02
2018-04-13,3295,0.9969650986342944,0.42800608828006087,396228048803.0,0.023065250379362672
2018-04-16,3296,0.9969660194174758,0.43609251369446134,450537194918.0,0.03610436893203883
2018-04-17,3293,0.9966595809292439,0.33607556368068253,466250524781.0,0.13695718190100212
2018-04-18,3283,0.9966494060310691,0.3536063569682152,494316352990.0,0.014620773682607372
2018-04-19,3283,0.9966494060310691,0.335880195599022,483094762505.0,0.010051781906792567
2018-04-20,3289,0.9957433870477349,0.27236641221374047,447229010492.0,0.13986013986013987
2018-04-23,3301,0.9960617994547107,0.24300486618004866,393743299459.0,0.06513177824901545
2018-04-24,3302,0.9957601453664445,0.6104014598540146,452273557225.0,0.0036341611144760752
2018-04-25,3301,0.9963647379581945,0.5509273335360292,419420949775.0,0.006361708573159649
2018-04-26,3302,0.9963658388855239,0.3364741641337386,424915041907.0,0.08964264082374318
2018-04-27,3311,0.9954696466324373,0.36347087378640774,411943168703.0,0.04077318030806403
2018-05-02,3297,0.997270245677889,0.3007907542579075,385064004179.0,0.06551410373066424
2018-05-03,3310,0.9969788519637462,0.2872727272727273,407308227587.0,0.009969788519637462
2018-05-04,3309,0.9969779389543669,0.26886935434980297,360336558100.0,0.015412511332728921
2018-05-07,3312,0.9969806763285024,0.3737129012719564,421766346786.0,0.005736714975845411
2018-05-08,3311,0.9969797644216248,0.4316873674644047,443593745329.0,0.0033222591362126247
2018-05-09,3311,0.9966777408637874,0.43606060606060604,382441395394.0,0.007852612503775294
2018-05-10,3316,0.996984318455971,0.44615849969751964,412552554858.0,0.005729794933655006
2018-05-11,3326,0.9969933854479855,0.34469240048250904,413994579913.0,0.03638003607937462
2018-05-14,3328,0.9966947115384616,0.34579439252336447,407074613423.0,0.03485576923076923
2018-05-15,3329,0.9969960949234005,0.41217234106658635,377981962915.0,0.0039050765995794533
2018-05-16,3335,0.9970014992503748,0.4384962406015038,401725590884.0,0.010794602698650674
2018-05-17,3332,0.996998799519808,0.5574954846478025,356966865784.0,0.012004801920768308
2018-05-18,3337,0.9973029667365898,0.5288461538461539,376050871060.0,0.008690440515433023
2018-05-21,3334,0.9964007198560288,0.5936183022275737,461021568665.0,0.004799040191961607
2018-05-22,3337,0.9970032963739887,0.721370604147881,438105426108.0,0.003895714713814804
2018-05-23,3333,0.996999699969997,0.7044839000902798,460609455371.0,0.025202520252025202
2018-05-24,3330,0.996996996996997,0.5840361445783132,382129889668.0,0.009009009009009009
2018-05-25,3335,0.9970014992503748,0.5109774436090225,398376344586.0,0.02908545727136432
2018-05-28,3343,0.9976069398743643,0.5622188905547226,397880354807.0,0.057134310499551304
2018-05-29,3339,0.9976040730757711,0.5175622936055239,407488118611.0,0.05241090146750524
2018-05-30,3333,0.9975997599759976,0.3341353383458647,437829762996.0,0.3552355235523552
2018-05-31,3326,0.9975947083583885,0.3640747438215793,407035770381.0,0.009019843656043296
2018-06-01,3333,0.9972997299729973,0.3345367027677497,375306053783.0,0.05670567056705671
2018-06-04,3334,0.9979004199160167,0.25578599338743613,345508990439.0,0.04109178164367126
2018-06-05,3343,0.9985043374214777,0.2843019772318754,370580155802.0,0.008674842955429255
2018-06-06,3334,0.9979004199160167,0.2939585211902615,359801548927.0,0.007798440311937612
2018-06-07,3327,0.998497144574692,0.25496688741721857,359967354763.0,0.020739404869251576
2018-06-08,3330,0.9981981981981982,0.2608303249097473,353932163253.0,0.016816816816816817
2018-06-11,3331,0.9972981086760733,0.24864539434075858,320736285055.0,0.03212248574001801
2018-06-12,3336,0.9970023980815348,0.2312086590499098,350875619375.0,0.01498800959232614
2018-06-13,3339,0.9973045822102425,0.1945945945945946,342724907633.0,0.0631925726265349
2018-06-14,3332,0.9975990396158463,0.19193742478941034,317187082845.0,0.031512605042016806
2018-06-15,3332,0.9972989195678271,0.13481793560036112,355806802119.0,0.15786314525810324
2018-06-19,3312,0.9975845410628019,0.053268765133171914,473181059147.0,0.7922705314009661
2018-06-20,3321,0.9969888587774767,0.06553911205073996,348013857125.0,0.0340258958145137
2018-06-21,3319,0.9966857487194938,0.06469165659008465,356159094382.0,0.21994576679722808
2018-06-22,3320,0.9975903614457832,0.07336956521739131,299160416272.0,0.02078313253012048
2018-06-25,3321,0.9975910870219813,0.07214005433142168,307749589730.0,0.020475760313158686
2018-06-26,3330,0.9972972972972973,0.07497741644083107,325675167283.0,0.016216216216216217
2018-06-27,3341,0.9964082609997007,0.07119255031541004,326061582236.0,0.025441484585453457
2018-06-28,3343,0.9970086748429554,0.08760876087608761,305980440782.0,0.049655997606939874
2018-06-29,3354,0.9967203339296362,0.10140592282381095,342957758974.0,0.005963029218843173
2018-07-02,3366,0.9967320261437909,0.10312965722801788,357485341723.0,0.04188948306595366
2018-07-03,3378,0.9967436352871522,0.12384912384912385,393760183923.0,0.014209591474245116
2018-07-04,3377,0.9970387918270655,0.07632907632907633,329569104528.0,0.08883624518803672
2018-07-05,3385,0.9970457902511078,0.05570370370370371,315357858627.0,0.14948301329394387
2018-07-06,3379,0.9973364900858243,0.06943620178041543,356263933394.0,0.02574726250369932
2018-07-09,3389,0.9970492770728828,0.09884581237052383,325823154550.0,0.00944231336677486
2018-07-10,3398,0.9964685108887581,0.12522150029533372,326089991790.0,0.0073572689817539725
2018-07-11,3388,0.9976387249114522,0.09437869822485206,341091130790.0,0.09710743801652892
2018-07-12,3393,0.9976422045387563,0.15686853766617428,415718118868.0,0.0038314176245210726
2018-07-13,3396,0.9973498233215548,0.16061411278417478,366028104290.0,0.015312131919905771
2018-07-16,3407,0.9973583798062812,0.22454384932313126,325339526356.0,0.02670971529204579
2018-07-17,3402,0.9976484420928865,0.5907483794932233,308602043130.0,0.006172839506172839
2018-07-18,3406,0.9967704051673517,0.5151693667157584,337340669722.0,0.01849677040516735
2018-07-19,3406,0.997651203758074,0.6032960565038258,310917661660.0,0.0364063417498532
2018-07-20,3416,0.9973653395784543,0.5908423833284414,348283620278.0,0.00585480093676815
2018-07-23,3413,0.9976560210958101,0.6428781204111601,410969062889.0,0.03164371520656314
2018-07-24,3415,0.9976573938506589,0.6979747578514822,492720888996.0,0.00322108345534407
2018-07-25,3415,0.9976573938506589,0.7390666275315527,397216857600.0,0.007320644216691069
2018-07-26,3415,0.9979502196193265,0.7723004694835681,380185889643.0,0.029282576866764276
2018-07-27,3414,0.9976567076742824,0.6009982384028185,310614327530.0,0.027826596367896896
2018-07-30,3418,0.9970743124634289,0.5839201877934272,326591918644.0,0.06787595084844938
2018-07-31,3410,0.9979472140762463,0.5066118131060828,273084701984.0,0.01847507331378299
2018-08-01,3423,0.9979550102249489,0.5081967213114754,328400670799.0,0.03856266432953549
2018-08-02,3425,0.9976642335766424,0.49282996780801874,379059184888.0,0.1597080291970803
2018-08-03,3433,0.9982522575007282,0.4190253866355413,284631432810.0,0.05942324497524031
2018-08-06,3438,0.9982547993019197,0.24096736596736595,290785158445.0,0.11867364746945899
2018-08-07,3436,0.9988358556461001,0.317016317016317,316522797213.0,0.006402793946449359
2018-08-08,3433,0.9985435479172735,0.39498249708284716,305150041138.0,0.07893970288377512
2018-08-09,3450,0.998840579710145,0.3728961114335461,346939304944.0,0.004057971014492754
2018-08-10,3439,0.9985460889793545,0.37565521258008155,288158847531.0,0.007269555103227682
2018-08-13,3438,0.9988365328679465,0.3791496796738497,300540150688.0,0.006399069226294357
2018-08-14,3440,0.998546511627907,0.3604075691411936,268476750075.0,0.005813953488372093
2018-08-15,3442,0.9982568274259151,0.28550640279394646,277894604307.0,0.03166763509587449
2018-08-16,3447,0.999129677980853,0.3060394889663182,270594102903.0,0.03510298810559907
2018-08-17,3448,0.9985498839907193,0.17920418239907057,265413816171.0,0.06380510440835267
2018-08-20,3453,0.9991311902693311,0.15681159420289856,264626448479.0,0.02664349840718216
2018-08-21,3456,0.9991319444444444,0.13061106284390386,280732097438.0,0.00636574074074074
2018-08-22,3458,0.9991324465008675,0.10043415340086831,229222061379.0,0.024869866975130134
2018-08-23,3454,0.9991314418066011,0.10982323964068386,252103942840.0,0.006948465547191662
2018-08-24,3457,0.9994214636968469,0.114616497829233,239085254239.0,0.011570726063060458
2018-08-27,3462,0.9991334488734835,0.19861231569817867,323142521743.0,0.004910456383593298
2018-08-28,3459,0.9982653946227233,0.19345496669562698,291327394667.0,0.009829430471234461
2018-08-29,3459,0.9985544955189362,0.24522292993630573,246242103746.0,0.011274934952298352
2018-08-30,3461,0.9985553308292401,0.3058449074074074,253358594779.0,0.03322739092747761
2018-08-31,3462,0.9985557481224726,0.30720277697425513,248411947283.0,0.038128249566724434
2018-09-03,3473,0.9982723869853153,0.4239976925295645,242947012136.0,0.01641232363950475
2018-09-04,3466,0.9979803808424698,0.3226366001734605,267827403996.0,0.0028851702250432777
2018-09-05,3468,0.9982698961937716,0.3217793183131138,258666846421.0,0.015859284890426758
2018-09-06,3469,0.9979821274142404,0.21346042749855576,249515071583.0,0.009801095416546555
2018-09-07,3467,0.9979809633689068,0.2014450867052023,271994553442.0,0.00980674935102394
2018-09-10,3458,0.9982648930017352,0.13876013904982618,247727441478.0,0.06622325043377675
2018-09-11,3465,0.9982683982683983,0.14657415437987859,221038905294.0,0.021356421356421358
2018-09-12,3468,0.9976931949250288,0.20953757225433525,217760334997.0,0.008362168396770472
2018-09-13,3478,0.9979873490511788,0.296168251224431,260847468312.0,0.008913168487636573
2018-09-14,3474,0.9979850316637882,0.35015863859244306,250804599899.0,0.04058721934369603
2018-09-17,3471,0.9974070872947277,0.23743500866551126,206838970991.0,0.06367041198501873
2018-09-18,3483,0.9974160206718347,0.2630972941853771,253630532569.0,0.006316393913293138
2018-09-19,3477,0.996836353178027,0.3825735718407386,319847841582.0,0.003738855335058959
2018-09-20,3474,0.9971214738054116,0.33371824480369516,250443783773.0,0.008923431203223949
2018-09-21,3486,0.9962707974756168,0.43190325367117766,321407585675.0,0.006024096385542169
2018-09-25,3487,0.9968454258675079,0.286536248561565,242360272060.0,0.008890163464295957
2018-09-26,3494,0.996565540927304,0.29236071223434806,310305148956.0,0.004006868918145392
2018-09-27,3490,0.9965616045845272,0.23375503162737205,285961223531.0,0.06017191977077364
2018-09-28,3493,0.9968508445462353,0.3759333716255026,263087072187.0,0.0071571714858288
2018-10-08,3487,0.9971322053340981,0.2459016393442623,288669964086.0,0.2073415543447089
2018-10-09,3499,0.996856244641326,0.26605504587155965,231726267214.0,0.014575593026579023
2018-10-10,3504,0.9971461187214612,0.21951917572982255,235892617287.0,0.014269406392694063
2018-10-11,3500,0.9968571428571429,0.10174835196331328,358254931155.0,0.808
2018-10-12,3504,0.9971461187214612,0.12421293646250715,308720956879.0,0.07648401826484018
2018-10-15,3506,0.9965772960638904,0.10045792787635947,238649712694.0,0.05790074158585282
2018-10-16,3507,0.9965782720273738,0.10185979971387697,235895403578.0,0.09780439121756487
2018-10-17,3514,0.9971542401821286,0.11044520547945205,258404289068.0,0.02703471826977803
2018-10-18,3504,0.9968607305936074,0.07300314915545376,239601875610.0,0.20234018264840184
2018-10-19,3506,0.9965772960638904,0.08843732112192329,286859672739.0,0.015972618368511125
2018-10-22,3508,0.9971493728620296,0.16866781017724414,421780602810.0,0.0011402508551881414
2018-10-23,3508,0.9968643101482326,0.18072633686016584,357492371307.0,0.02993158494868871
2018-10-24,3500,0.9974285714285714,0.14179318246920652,297028327231.0,0.014285714285714285
2018-10-25,3505,0.9971469329529244,0.12389127324749642,292445623271.0,0.023965763195435093
2018-10-26,3502,0.9977155910908052,0.12192329708070979,282519670729.0,0.01513420902341519
2018-10-29,3507,0.998003992015968,0.08571428571428572,255293158729.0,0.05189620758483034
2018-10-30,3510,0.998005698005698,0.10533828147302313,310800730311.0,0.009971509971509971
2018-10-31,3506,0.9985738733599544,0.12082262210796915,314739016229.0,0.002852253280091272
2018-11-01,3508,0.9982896237172177,0.1544831524842947,383197309648.0,0.004561003420752566
2018-11-02,3511,0.9980062660210767,0.18236301369863014,451070632670.0,0.002563372258615779
2018-11-05,3518,0.9985787379192723,0.32479362368346143,393447026217.0,0.0034110289937464467
2018-11-06,3523,0.9985807550383197,0.3177942012507106,313802961964.0,0.02128867442520579
2018-11-07,3523,0.9982969060459835,0.2766562411145863,338893820275.0,0.008515469770082317
2018-11-08,3533,0.9983017265779791,0.7102353274737737,296513646754.0,0.005943956977073309
2018-11-09,3530,0.998300283286119,0.7301362088535754,274196605217.0,0.014164305949008499
2018-11-12,3537,0.9985863726321742,0.8448471121177803,339117086228.0,0.0036754311563471868
2018-11-13,3539,0.9985871715173777,0.8975664968873798,455393383131.0,0.0019779598756710934
2018-11-14,3536,0.9983031674208145,0.8971671388101983,410805186310.0,0.009615384615384616
2018-11-15,3544,0.998589164785553,0.9485730432325515,403770969119.0,0.004514672686230248
2018-11-16,3548,0.9983089064261556,0.9424054206662902,475494113332.0,0.0031003382187147687
2018-11-19,3544,0.998589164785553,0.8974286521616276,440002357530.0,0.014672686230248307
2018-11-20,3553,0.998592738530819,0.8799323562570462,421795399673.0,0.11173656065296932
2018-11-21,3549,0.9983093829247676,0.8938752469658482,347068285224.0,0.011270780501549732
2018-11-22,3557,0.9985943210570706,0.8997747747747747,305224923638.0,0.009277481023334271
2018-11-23,3560,0.998314606741573,0.7912211592571751,358319356255.0,0.4247191011235955
2018-11-26,3554,0.9988745075970737,0.8236619718309859,254854324914.0,0.03601575689364097
2018-11-27,3550,0.9988732394366198,0.811336717428088,250947101803.0,0.004788732394366197
2018-11-28,3572,0.998040313549832,0.7946704067321179,292199656310.0,0.010918253079507279
2018-11-29,3564,0.9980359147025814,0.6806297441664324,310474529629.0,0.10802469135802469
2018-11-30,3559,0.9977521775779713,0.5682906223598986,266975764708.0,0.012363023321157629
2018-12-03,3569,0.9977584757635192,0.7118786857624263,424801184391.0,0.002241524236480807
2018-12-04,3573,0.9980408620207109,0.7672462142456534,330158074458.0,0.004478029666946544
2018-12-05,3570,0.9974789915966387,0.7422072451558551,322125969416.0,0.0196078431372549
2018-12-06,3573,0.9977609851665268,0.6690042075736325,310822281922.0,0.04422054296109712
2018-12-07,3568,0.9980381165919282,0.6821117663577647,240871115738.0,0.01821748878923767
2018-12-10,3575,0.998041958041958,0.4016255605381166,240614878428.0,0.02937062937062937
2018-12-11,3568,0.9980381165919282,0.32884021342319575,218407666034.0,0.0036434977578475337
2018-12-12,3577,0.9980430528375733,0.3352941176470588,222619615427.0,0.008386916410399776
2018-12-13,3574,0.9983212087297146,0.2906390134529148,304742841179.0,0.002238388360380526
2018-12-14,3579,0.9983235540653814,0.17352364959417857,291935327036.0,0.08018999720592344
2018-12-17,3575,0.998041958041958,0.15526905829596413,238317890338.0,0.01090909090909091
2018-12-18,3577,0.99832261671792,0.20610473256790815,229989121852.0,0.015376013419066257
2018-12-19,3575,0.9983216783216783,0.14738021854861305,217228619848.0,0.017342657342657344
2018-12-20,3581,0.9983244903658196,0.14657342657342656,231146681805.0,0.005864283719631388
2018-12-21,3583,0.998325425620988,0.28403690243220575,236169873799.0,0.014792073681272676
2018-12-24,3582,0.9977666108319375,0.3609401231113598,213252111509.0,0.008654383026242322
2018-12-25,3572,0.9983202687569989,0.2641615255187886,275824267238.0,0.019036954087346025
2018-12-26,3574,0.9983212087297146,0.21468609865470853,231279439554.0,0.011751538891997761
2018-12-27,3574,0.9986010072747622,0.252731857663211,263867749964.0,0.05316172355903749
2018-12-28,3581,0.9983244903658196,0.22125874125874126,239735660504.0,0.02122312203295169
2019-01-02,3579,0.9986029617211511,0.13458310016787914,226181299766.0,0.02654372729812797
2019-01-03,3579,0.9983235540653814,0.1063532045899804,252007783639.0,0.05671975412126292
2019-01-04,3579,0.9986029617211511,0.1689983212087297,322144329877.0,0.0036322995250069852
2019-01-07,3580,0.9983240223463687,0.3144935646334639,347204255078.0,0.0008379888268156424
2019-01-08,3584,0.998046875,0.2941012021246855,299644364394.0,0.006417410714285714
2019-01-09,3583,0.9980463298911527,0.38786353467561524,379072560691.0,0.004186435947530003
2019-01-10,3583,0.9980463298911527,0.3263422818791946,313267622086.0,0.010605637733742674
2019-01-11,3592,0.9980512249443207,0.3793584379358438,296018795075.0,0.007238307349665924
2019-01-14,3587,0.9980485085029273,0.2952513966480447,283091295975.0,0.019793699470309453
2019-01-15,3585,0.998047419804742,0.5539407490217999,319444129305.0,0.010878661087866108
2019-01-16,3587,0.9974909395037636,0.5368921185019564,304513157598.0,0.006412043490381935
2019-01-17,3590,0.9969359331476323,0.5152277172394524,294031944850.0,0.011420612813370474
2019-01-18,3588,0.9966555183946488,0.6546420581655481,326487972514.0,0.014214046822742474
2019-01-21,3590,0.9963788300835654,0.6544590438915292,313025459930.0,0.004735376044568245
2019-01-22,3583,0.9963717555121406,0.6375350140056022,278564546146.0,0.008093776165224673
2019-01-23,3588,0.995819397993311,0.5734676742233418,243887611090.0,0.006688963210702341
2019-01-24,3592,0.9961024498886414,0.6830631637786473,300437149074.0,0.008630289532293986
2019-01-25,3594,0.994991652754591,0.6420581655480985,312763495997.0,0.035614913745130775
2019-01-28,3597,0.995551848762858,0.6850041887740854,299754465618.0,0.043369474562135114
2019-01-29,3598,0.9955530850472485,0.5441094360692351,293684542579.0,0.10255697609783213
2019-01-30,3600,0.9958333333333333,0.4783821478382148,237170079305.0,0.07
2019-01-31,3598,0.9958310172317955,0.40999162712810494,285665787505.0,0.13924402445803225
2019-02-01,3596,0.9955506117908788,0.4081005586592179,261608069843.0,0.006674082313681869
2019-02-11,3594,0.9961046188091264,0.43547486033519556,319679858220.0,0.0025041736227045075
2019-02-12,3595,0.996105702364395,0.5199664898073164,364972857536.0,0.0008344923504867872
2019-02-13,3604,0.9961154273029966,0.6133704735376044,473883158989.0,0.000832408435072142
2019-02-14,3603,0.9963918956425202,0.6515320334261838,417185678657.0,0.0008326394671107411
2019-02-15,3598,0.9958310172317955,0.5869383198437064,418116359447.0,0.0033351862145636463
2019-02-18,3606,0.9955629506378258,0.7913649025069638,547415366637.0,0.0008319467554076539
2019-02-19,3599,0.9963878855237566,0.7607361963190185,605538644568.0,0.0016671297582661851
2019-02-20,3598,0.9969427459699833,0.7875662113186507,499108933362.0,0.005836575875486381
2019-02-21,3601,0.9969452929741739,0.8158774373259053,618325988680.0,0.004720910858094974
2019-02-22,3603,0.9966694421315571,0.8713450292397661,621900195613.0,0.002497918401332223
2019-02-25,3606,0.9972268441486412,0.9518909899888766,1039787997055.0,0.0008319467554076539
2019-02-26,3603,0.9963918956425202,0.9557103064066852,1097049501492.0,0.023868998057174576
2019-02-27,3598,0.9966648137854364,0.9503625209146681,890797129312.0,0.027515286270150083
2019-02-28,3603,0.9969469886205939,0.9585189309576837,662005657287.0,0.03386067166250347
2019-03-01,3610,0.997229916897507,0.97,664145513693.0,0.002493074792243767
2019-03-04,3604,0.9975027746947835,0.9813630041724618,1045940337745.0,0.0005549389567147614
2019-03-05,3610,0.9975069252077562,0.9875034712579839,896090221767.0,0.0008310249307479224
2019-03-06,3601,0.9980560955290197,0.993322203672788,1105810295726.0,0.0013885031935573452
2019-03-07,3605,0.9980582524271845,0.9941634241245136,1166117942646.0,0.002219140083217753
2019-03-08,3612,0.998062015503876,0.9819694868238558,1183613061712.0,0.5415282392026578
2019-03-11,3608,0.998059866962306,0.9841710635934463,944154452885.0,0.006929046563192905
2019-03-12,3611,0.9977845472168374,0.9855675825700805,1136789010649.0,0.0005538631957906397
2019-03-13,3608,0.9975055432372506,0.9755487635454293,1051035861143.0,0.1491130820399113
2019-03-14,3609,0.9980604045441951,0.9614103275957802,812256078751.0,0.20199501246882792
2019-03-15,3607,0.997782090379817,0.9733259238677411,750231148446.0,0.009703354588300527
2019-03-18,3608,0.998059866962306,0.9700083310191614,832308644719.0,0.0066518847006651885
2019-03-19,3609,0.9975062344139651,0.9747222222222223,775455095526.0,0.0036021058464948737
2019-03-20,3611,0.9977845472168374,0.9705800721620872,779739108816.0,0.010246469122126834
2019-03-21,3614,0.9983397897066962,0.9745011086474501,885666081632.0,0.003320420586607637
2019-03-22,3600,0.9980555555555556,0.9668800445310326,801623577247.0,0.008333333333333333
2019-03-25,3596,0.9980533926585095,0.881861242685985,819281240564.0,0.04338153503893215
2019-03-26,3596,0.9974972191323693,0.8076386952885419,768196177664.0,0.14404894327030032
2019-03-27,3593,0.9972168104647926,0.8224951158247279,664638400190.0,0.020595602560534373
2019-03-28,3593,0.9972168104647926,0.7521629919062238,663575202176.0,0.07319788477595324
2019-03-29,3601,0.9966675923354624,0.8537196990805238,836018938255.0,0.011108025548458762
2019-04-01,3609,0.9969520642837351,0.8888271261812117,1043428189311.0,0.0019395954558049321
2019-04-02,3610,0.9966759002770084,0.839633129516398,1038251026848.0,0.004155124653739612
2019-04-03,3602,0.9969461410327596,0.8061821219715957,933128859367.0,0.00971682398667407
2019-04-04,3608,0.9966740576496674,0.7402669632925473,1004474591265.0,0.0066518847006651885
2019-04-08,3609,0.9972291493488501,0.8421783828841345,1066633473918.0,0.03463563313937379
2019-04-09,3609,0.9972291493488501,0.7513198110586274,839959188747.0,0.03158769742310889
2019-04-10,3617,0.9972352778545757,0.6731355697255337,898627971005.0,0.024606027094277026
2019-04-11,3613,0.9972322169941876,0.674993061337774,817110959692.0,0.07500691945751453
2019-04-12,3621,0.9972383319524993,0.7903627803932428,657158205551.0,0.03866335266500966
2019-04-15,3619,0.9964078474716772,0.7129783693843594,775396056473.0,0.029566178502348717
2019-04-16,3623,0.9964118134142975,0.6983379501385042,790768857175.0,0.0038642009384487995
2019-04-17,3624,0.9969646799116998,0.7132576805978411,829909791551.0,0.002207505518763797
2019-04-18,3625,0.9969655172413793,0.6842833425567239,753190811219.0,0.022068965517241378
2019-04-19,3625,0.9966896551724138,0.6675892610019375,720212031818.0,0.008275862068965517
2019-04-22,3620,0.9969613259668508,0.5730119146578,803947560543.0,0.044475138121546964
2019-04-23,3625,0.9975172413793103,0.5201880530973452,732773123576.0,0.09903448275862069
2019-04-24,3627,0.9972429004687069,0.7130218413049488,652065781338.0,0.01902398676592225
2019-04-25,3617,0.9975117500691181,0.46452328159645234,733106466831.0,0.3538844346143213
2019-04-26,3616,0.9975110619469026,0.47213751039645135,623769994801.0,0.09430309734513274
2019-04-29,3609,0.9972291493488501,0.23367602111697694,645761895459.0,0.35522305347741756
2019-04-30,3586,0.9974902398215282,0.18143695834498183,497001805263.0,0.049916341327384275
2019-05-06,3617,0.9975117500691181,0.08009977827050997,658242471816.0,0.8213989494055848
2019-05-07,3614,0.9975096845600443,0.08765603328710125,538287100057.0,0.03126729385722191
2019-05-08,3611,0.9969537524231514,0.07944444444444444,488975787825.0,0.031570202160066466
2019-05-09,3621,0.9969621651477493,0.06952908587257618,434217130227.0,0.04584368958851146
2019-05-10,3622,0.9964108227498619,0.09254641174840676,610582311646.0,0.0041413583655438985
2019-05-13,3615,0.9966804979253112,0.08770469053566472,466478975848.0,0.02710926694329184
2019-05-14,3619,0.9966841668969328,0.09453839756029941,455647844771.0,0.0182370820668693
2019-05-15,3618,0.9972360420121614,0.12001108647450111,512837489146.0,0.0019347705914870095
2019-05-16,3624,0.9969646799116998,0.13783559368945475,522344429320.0,0.01076158940397351
2019-05-17,3630,0.9964187327823691,0.09980646944982029,573678082975.0,0.265564738292011
2019-05-20,3622,0.9964108227498619,0.08367968966472707,462630085316.0,0.06764218663721701
2019-05-21,3627,0.996415770609319,0.10016602102933038,479463163359.0,0.00964984835952578
2019-05-22,3630,0.9961432506887052,0.08960176991150443,469258735188.0,0.01680440771349862
2019-05-23,3629,0.9955910719206393,0.07805148076390811,464588367008.0,0.10168090383025627
2019-05-24,3630,0.9955922865013774,0.07387935805201992,380852704640.0,0.05537190082644628
2019-05-27,3629,0.9958666299255994,0.09241837299391256,452614942592.0,0.006613392119041058
2019-05-28,3633,0.9964216900633086,0.14005524861878452,499374051651.0,0.0038535645472061657
2019-05-29,3639,0.9967023907666942,0.17452440033085195,445929062613.0,0.0038472107721901623
2019-05-30,3631,0.996695125309832,0.26996407847471676,453495018813.0,0.026163591297163315
2019-05-31,3633,0.9964216900633086,0.22734806629834253,437449333131.0,0.014588494357280485
2019-06-03,3635,0.9964236588720771,0.5140806184428492,479132289086.0,0.07097661623108666
2019-06-04,3631,0.9964197190856513,0.34881149806522943,422385165566.0,0.07077939961443129
2019-06-05,3628,0.9966923925027563,0.36366150442477874,407729434269.0,0.022877618522601985
2019-06-06,3639,0.996427589997252,0.2884721456150028,386646664739.0,0.1272327562517175
2019-06-10,3633,0.9966969446738233,0.20463960231980116,366715347676.0,0.01568951279933939
2019-06-11,3630,0.996694214876033,0.3728579325594251,565283919712.0,0.0030303030303030303
2019-06-12,3631,0.9972459377581934,0.3916045291355979,513366633104.0,0.011567061415587993
2019-06-13,3633,0.9975227085053675,0.31374172185430466,449720768291.0,0.011560693641618497
2019-06-14,3632,0.9977973568281938,0.20364238410596028,448829515148.0,0.07901982378854626
2019-06-17,3627,0.9975186104218362,0.3728579325594251,335670315240.0,0.02481389578163772
2019-06-18,3631,0.997521343982374,0.3887355052457206,321747387142.0,0.012944092536491324
2019-06-19,3634,0.9977985690698954,0.36238279095421955,503968592476.0,0.002201430930104568
2019-06-20,3634,0.9980737479361586,0.5009649848359525,602867836432.0,0.009080902586681342
2019-06-21,3636,0.9977997799779978,0.743109151047409,621599362078.0,0.0022002200220022
2019-06-24,3644,0.997530186608123,0.7680880330123796,494980014398.0,0.011525795828759604
2019-06-25,3644,0.9978046103183315,0.5420792079207921,513448476507.0,0.02689352360043908
2019-06-26,3641,0.9972535017852239,0.5439272927568163,391735779871.0,0.026091733040373523
2019-06-27,3648,0.996984649122807,0.5595270827605169,475833876324.0,0.007949561403508772
2019-06-28,3652,0.9969879518072289,0.5006866245536941,415446913107.0,0.030394304490690034
2019-07-01,3657,0.9967186218211649,0.6905349794238683,614010205516.0,0.0021875854525567405
2019-07-02,3648,0.996984649122807,0.7827880120978828,538605911223.0,0.012883771929824562
2019-07-03,3649,0.9972595231570294,0.8054410552349547,488167271233.0,0.01534667032063579
2019-07-04,3643,0.996980510568213,0.789647577092511,438555558386.0,0.01592094427669503
2019-07-05,3646,0.9967087218869994,0.8822234452394057,374265635433.0,0.011245200219418541
2019-07-08,3642,0.9969796814936848,0.6843844670889562,468095088199.0,0.20812740252608458
2019-07-09,3638,0.996976360637713,0.4328646264130135,351765718739.0,0.009620670698185816
2019-07-10,3644,0.9967069154774972,0.43392070484581496,331515214109.0,0.013995609220636663
2019-07-11,3640,0.9967032967032967,0.3914002205071665,348445927650.0,0.007692307692307693
2019-07-12,3646,0.996434448710916,0.5551885494082026,330025558291.0,0.014810751508502468
2019-07-15,3651,0.9961654341276363,0.5993951058564752,422455701905.0,0.015886058614078335
2019-07-16,3649,0.9969854754727323,0.6231445849367785,352565619381.0,0.0027404768429706767
2019-07-17,3648,0.9967105263157895,0.5371287128712872,381569858251.0,0.004934210526315789
2019-07-18,3648,0.9975328947368421,0.3294861225611432,363105306998.0,0.022203947368421052
2019-07-19,3653,0.9972625239529154,0.2681855613505353,349956591145.0,0.004927456884752259
2019-07-22,3672,0.9904684095860566,0.18696728072587296,414132644827.0,0.1514161220043573
2019-07-23,3679,0.9904865452568633,0.24698133918770582,323342408345.0,0.008426202772492526
2019-07-24,3676,0.9907508161044614,0.28775398132894014,400404788014.0,0.0002720348204570185
2019-07-25,3679,0.9907583582495243,0.27544581618655695,399499106648.0,0.0046208208752378365
2019-07-26,3678,0.9902120717781403,0.3407468423942889,352029161324.0,0.010603588907014683
2019-07-29,3680,0.9902173913043478,0.2296926454445664,343860367805.0,0.0038043478260869567
2019-07-30,3678,0.9899401848830887,0.2293326009338094,384355527260.0,0.0024469820554649264
2019-07-31,3686,0.9899620184481823,0.2460948204987668,357580216784.0,0.008410200759631037
2019-08-01,3681,0.9904917142080957,0.24657158529895776,374010557891.0,0.009508285791904374
2019-08-02,3686,0.9902333152468801,0.19452054794520549,454914819051.0,0.018990775908844276
2019-08-05,3688,0.9894251626898047,0.27185530282269116,416062627626.0,0.014642082429501085
2019-08-06,3688,0.9896963123644251,0.18575342465753425,523610244594.0,0.15672451193058567
2019-08-07,3694,0.9894423389279914,0.18878248974008208,376404720168.0,0.020032485110990796
2019-08-08,3688,0.9894251626898047,0.19265552206083858,367197680448.0,0.014642082429501085
2019-08-09,3687,0.9888798481149986,0.16675809105869446,380703159291.0,0.020884187686465962
2019-08-12,3682,0.9891363389462249,0.17764964305326744,362808797502.0,0.0043454644215100485
2019-08-13,3689,0.9891569531038221,0.16771718278980544,339677050935.0,0.007319056654920032
2019-08-14,3690,0.9888888888888889,0.17758289942449987,402326305153.0,0.002981029810298103
2019-08-15,3688,0.9891540130151844,0.22505482456140352,393924329608.0,0.001898047722342733
2019-08-16,3692,0.9956663055254604,0.2323177366702938,430228462347.0,0.004875406283856988
2019-08-19,3693,0.9951259138911455,0.44843537414965984,581545199336.0,0.002166260492824262
2019-08-20,3691,0.9962069899756164,0.40576556975795486,523758631169.0,0.00406393931183961
2019-08-21,3692,0.9964788732394366,0.3473770046208209,454490947891.0,0.013542795232936078
2019-08-22,3692,0.997020585048754,0.36185819070904646,440215056816.0,0.0051462621885157095
2019-08-23,3686,0.9967444384156267,0.34676102340773,469573416461.0,0.016277807921866522
2019-08-26,3687,0.9964740981828044,0.3211758301578661,461130549411.0,0.013561160835367507
2019-08-27,3689,0.9967470859311467,0.3821049768833288,558847815900.0,0.0010843046896177825
2019-08-28,3693,0.9959382615759546,0.4140837411636759,493930786390.0,0.017600866504197128
2019-08-29,3701,0.9962172385841664,0.41985353946297804,478333520369.0,0.008376114563631451
2019-08-30,3700,0.9964864864864865,0.43449959316517495,555173575798.0,0.039729729729729726
2019-09-02,3706,0.996492174851592,0.6639588410506363,553582102332.0,0.0029681597409606042
2019-09-03,3700,0.9967567567567568,0.8595444685466378,565082806840.0,0.0037837837837837837
2019-09-04,3705,0.9970310391363023,0.8798050893340552,606511081541.0,0.005128205128205128
2019-09-05,3706,0.9975715056664868,0.9010008114687584,798069192532.0,0.0021586616297895305
2019-09-06,3700,0.9970270270270271,0.9246408240715641,634437643380.0,0.011351351351351352
2019-09-09,3704,0.9970302375809935,0.9314920119144328,716463832879.0,0.0018898488120950325
2019-09-10,3698,0.9972958355868037,0.9387201735357917,696723918988.0,0.006760411032990805
2019-09-11,3704,0.9975701943844493,0.9282814614343707,642971115254.0,0.014308855291576673
2019-09-12,3707,0.9970326409495549,0.928030303030303,537520641139.0,0.007553277582951173
2019-09-16,3705,0.9975708502024292,0.9285714285714286,581514249587.0,0.002968960863697706
2019-09-17,3705,0.9973009446693657,0.8008119079837619,586224713563.0,0.03832658569500675
2019-09-18,3702,0.9972987574284171,0.7952329360780065,487350336633.0,0.010804970286331712
2019-09-19,3705,0.9970310391363023,0.8324309691391446,491690981327.0,0.005128205128205128
2019-09-20,3708,0.9967637540453075,0.8244047619047619,547164105770.0,0.00674217907227616
2019-09-23,3702,0.9975688816855753,0.7608989981045221,508270748175.0,0.014046461372231226
2019-09-24,3705,0.9973009446693657,0.8043301759133965,548370502213.0,0.008097165991902834
2019-09-25,3709,0.9975734699379887,0.5827027027027027,525984287583.0,0.06443785386896737
2019-09-26,3696,0.997564935064935,0.41714130729590454,538303785287.0,0.1617965367965368
2019-09-27,3712,0.9975754310344828,0.47123953551174724,397959222594.0,0.015894396551724137
2019-09-30,3713,0.9962294640452465,0.5112192484455258,352715933833.0,0.03743603555076758
2019-10-08,3702,0.9970286331712588,0.354104578704958,373189009374.0,0.021339816315505133
2019-10-09,3704,0.9970302375809935,0.36339019767126995,365998415051.0,0.008639308855291577
2019-10-10,3703,0.9970294355927626,0.3873239436619718,420645449502.0,0.0032406157169862274
2019-10-11,3708,0.9973031283710896,0.3623580313683072,456828171439.0,0.010248112189859764
2019-10-14,3711,0.9975747776879548,0.42706645056726095,535197822369.0,0.002425222312045271
2019-10-15,3716,0.9967707212055974,0.2940064794816415,459336876551.0,0.04440258342303552
2019-10-16,3713,0.9970374360355507,0.26039978390059426,423610010877.0,0.018852679773767842
2019-10-17,3711,0.9970358393963891,0.2694594594594595,361398932040.0,0.011048234977095122
2019-10-18,3710,0.9970350404312669,0.20654230873208976,415974292849.0,0.01778975741239892
2019-10-21,3709,0.9967646265839849,0.1971869083040303,370221545505.0,0.04098139660285791
2019-10-22,3710,0.9964959568733154,0.2978090343521774,357003907146.0,0.005390835579514825
2019-10-23,3714,0.9964997307485192,0.26398270737638474,368563109767.0,0.008616047388260635
2019-10-24,3716,0.9967707212055974,0.23002159827213822,360381386183.0,0.01264800861141012
2019-10-25,3720,0.9962365591397849,0.2579600647598489,405905338521.0,0.008602150537634409
2019-10-28,3735,0.9957161981258367,0.3874697499327776,520458149073.0,0.007228915662650603
2019-10-29,3734,0.9954472415640064,0.30669895076674736,539100412026.0,0.052222817354043924
2019-10-30,3729,0.9946366318047734,0.3281207872741979,467511840273.0,0.053633681952266025
2019-10-31,3729,0.9949048002145348,0.4075471698113208,451220478443.0,0.053633681952266025
2019-11-01,3734,0.9949116229244778,0.40807537012113054,434975516371.0,0.009373326191751474
2019-11-04,3727,0.9949020660048297,0.470873786407767,469578475683.0,0.007512744834987926
2019-11-05,3737,0.9933101418249933,0.47737068965517243,481608325771.0,0.013914905004013914
2019-11-06,3740,0.9925133689839573,0.36907327586206895,452762888767.0,0.020588235294117647
2019-11-07,3748,0.9925293489861259,0.33602150537634407,399062556533.0,0.004535752401280683
2019-11-08,3753,0.9917399413802291,0.31166039763567976,449645912429.0,0.009592326139088728
2019-11-11,3756,0.9920127795527156,0.19350509930220075,423229928100.0,0.06815761448349308
2019-11-12,3757,0.9914825658770295,0.2204026845637584,365689716660.0,0.009315943571998934
2019-11-13,3749,0.9919978660976261,0.22398494218876042,359447002344.0,0.00960256068284876
2019-11-14,3747,0.9911929543634908,0.24474959612277866,388029914528.0,0.004536962903656259
2019-11-15,3758,0.9912187333688132,0.24483221476510067,401213340743.0,0.03512506652474721
2019-11-18,3758,0.9909526343799894,0.27900107411385605,364378838354.0,0.007450771687067589
2019-11-19,3750,0.9909333333333333,0.30032292787944026,418479144461.0,0.0013333333333333333
2019-11-20,3757,0.9904178866116582,0.2996506315506584,426126934750.0,0.00904977375565611
2019-11-21,3756,0.9904153354632588,0.30752688172043013,361166845501.0,0.00878594249201278
2019-11-22,3759,0.99122106943336,0.2565754159957058,471225165707.0,0.027666932694865656
2019-11-25,3756,0.9914802981895634,0.2156283566058002,420157343314.0,0.046858359957401494
2019-11-26,3759,0.991487097632349,0.24470083176817817,393624169842.0,0.012769353551476457
2019-11-27,3757,0.9920149055097152,0.2736785618459887,355771985719.0,0.008517434122970456
2019-11-28,3751,0.992535323913623,0.29626645178619393,318067177644.0,0.007731271660890429
2019-11-29,3758,0.9920170303352848,0.2572424892703863,341628854248.0,0.007982969664715274
2019-12-02,3748,0.9927961579509071,0.2429454447729105,342663356074.0,0.008271077908217716
2019-12-03,3760,0.9938829787234043,0.263045223441263,347227438281.0,0.0050531914893617025
2019-12-04,3760,0.9928191489361702,0.30645593356549694,355792098633.0,0.005851063829787234
2019-12-05,3762,0.9936204146730463,0.32049224184055647,423907725086.0,0.0029239766081871343
2019-12-06,3761,0.9933528316936985,0.3640256959314775,410039689961.0,0.005583621377293273
2019-12-09,3762,0.992822966507177,0.6050870147255689,461027233232.0,0.007177033492822967
2019-12-10,3761,0.9928210582291943,0.6012319228709159,466714150514.0,0.002127093858016485
2019-12-11,3764,0.9925611052072264,0.6276766595289079,466817945405.0,0.010361317747077577
2019-12-12,3763,0.9930906191868191,0.5721166711265722,448970378048.0,0.00903534414031358
2019-12-13,3769,0.9936322631997877,0.7463284379172229,565666775484.0,0.0050411249668347044
2019-12-16,3775,0.9936423841059603,0.7925886430285257,622539653546.0,0.0015894039735099338
2019-12-17,3786,0.9933967247754887,0.7809093326243021,751452759398.0,0.0013206550449022716
2019-12-18,3777,0.9936457505957109,0.8132160937916334,667940208977.0,0.0013238019592268996
2019-12-19,3775,0.9933774834437086,0.8506666666666667,578292674628.0,0.015099337748344372
2019-12-20,3774,0.9933757286698464,0.8628967724726594,570500063110.0,0.024377318494965553
2019-12-23,3781,0.9933879925945517,0.7385516506922257,537218517751.0,0.06770695583179054
2019-12-24,3783,0.9933914882368491,0.8318254390633315,442301403833.0,0.0055511498810467885
2019-12-25,3778,0.9933827421916358,0.8414601652011724,503215762181.0,0.004499735309687666
2019-12-26,3780,0.9939153439153439,0.8717061485227575,503596440957.0,0.003703703703703704
2019-12-27,3783,0.9936558287073751,0.8616653365256717,632019499787.0,0.0190325138778747
2019-12-30,3793,0.9941998418138677,0.8793423495094139,610963105706.0,0.020827840759293434
2019-12-31,3796,0.9944678609062171,0.88,532570790485.0,0.006059009483667018
2020-01-02,3797,0.9944693178825389,0.9134004237288136,751425317473.0,0.001316829075585989
2020-01-03,3789,0.995249406175772,0.90559533280297,695450920279.0,0.007125890736342043
2020-01-06,3805,0.9939553219448095,0.9013749338974087,804253883357.0,0.006044678055190539
2020-01-07,3805,0.9944809461235217,0.9265327695560254,732391690882.0,0.003942181340341655
2020-01-08,3797,0.9952594153278904,0.8745699920613919,779288355373.0,0.031340531998946534
2020-01-09,3799,0.9952619110292182,0.9190690293573128,706626313890.0,0.010792313766780732
2020-01-10,3784,0.9949788583509513,0.9282868525896414,640169580668.0,0.012156448202959831
2020-01-13,3792,0.9949894514767933,0.9186323880201431,667925034863.0,0.007383966244725738
2020-01-14,3805,0.9950065703022339,0.881933438985737,701889085707.0,0.007621550591327201
2020-01-15,3797,0.994732683697656,0.791633571617686,611039770282.0,0.012378193310508295
2020-01-16,3806,0.9939569101418813,0.7398889770023791,612740602482.0,0.011035207566999475
2020-01-17,3812,0.9939664218258132,0.6576933227764582,607360632152.0,0.017838405036726127
2020-01-20,3813,0.993968004196171,0.7408970976253298,679212869595.0,0.016784683975872017
2020-01-21,3817,0.9937123395336652,0.7727392565251779,690522861471.0,0.03903589206182866
2020-01-22,3825,0.9937254901960785,0.6748224151539068,707921161079.0,0.03137254901960784
2020-01-23,3816,0.9942348008385744,0.44754876120189774,808797899956.0,0.22169811320754718
2020-02-03,3808,0.9944852941176471,0.17586480063374704,518990086280.0,0.9138655462184874
2020-02-04,3810,0.9944881889763779,0.21562417524412775,909797056416.0,0.18556430446194225
2020-02-05,3816,0.9937106918238994,0.24841772151898733,872057721978.0,0.002620545073375262
2020-02-06,3814,0.9937073938122706,0.28443271767810024,913224823563.0,0.0034084950183534348
2020-02-07,3809,0.9936991336308743,0.27873183619550856,929447158736.0,0.02284064058808086
2020-02-10,3815,0.9942332896461337,0.28394410756657,885593016663.0,0.03381389252948886
2020-02-11,3810,0.9937007874015747,0.2548864236661384,785937280961.0,0.051181102362204724
2020-02-12,3824,0.9932008368200836,0.265666140073723,790021725685.0,0.0018305439330543933
2020-02-13,3820,0.9926701570680628,0.2721518987341772,871067104893.0,0.022774869109947644
2020-02-14,3820,0.993193717277487,0.2567211386399578,812940377116.0,0.015445026178010472
2020-02-17,3830,0.9926892950391645,0.3148342977380326,937192863896.0,0.0020887728459530026
2020-02-18,3831,0.9926912033411642,0.3231659216408099,999960203513.0,0.006003654398329418
2020-02-19,3835,0.9924380704041721,0.30951129795060434,1038838869009.0,0.0469361147327249
2020-02-20,3831,0.993474288697468,0.3699421965317919,1068373091186.0,0.0075698251109370925
2020-02-21,3833,0.9932168014609966,0.41476228001050697,1171005669957.0,0.002869814766501435
2020-02-24,3840,0.9932291666666667,0.46460409019402205,1222058348651.0,0.0109375
2020-02-25,3837,0.9932238728173052,0.43190763579113095,1415391083357.0,0.008079228563982278
2020-02-26,3840,0.9927083333333333,0.426810073452256,1312737891360.0,0.17526041666666667
2020-02-27,3846,0.9934997399895996,0.4425543051557184,1050590228799.0,0.042381695267810715
2020-02-28,3841,0.9932309294454569,0.3601572739187418,1129334114114.0,0.5649570424368654
2020-03-02,3843,0.9929742388758782,0.9040880503144654,1029234594216.0,0.0020817069997397866
2020-03-03,3846,0.9934997399895996,0.9212248102590945,1175941606718.0,0.0031201248049922
2020-03-04,3845,0.9937581274382314,0.8861554566867312,992080674174.0,0.015864759427828348
2020-03-05,3848,0.9932432432432432,0.8741496598639455,1171868108720.0,0.006237006237006237
2020-03-06,3847,0.9940213153106316,0.8506799163179917,957478969156.0,0.02209513906940473
2020-03-09,3846,0.9945397815912637,0.722875816993464,1086178979588.0,0.2826313052522101
2020-03-10,3853,0.994290163508954,0.7953536935525972,1081438685828.0,0.027251492343628343
2020-03-11,3856,0.9948132780082988,0.7210636079249217,972877040376.0,0.03941908713692946
2020-03-12,3851,0.9935081796935861,0.6683220073183481,837531490012.0,0.06439885743962608
2020-03-13,3844,0.9940166493236212,0.5919916252289976,966567790486.0,0.047866805411030174
2020-03-16,3851,0.9948065437548689,0.3181936831114591,963235098123.0,0.3318618540638795
2020-03-17,3850,0.9948051948051948,0.2595300261096606,817962362200.0,0.0412987012987013
2020-03-18,3857,0.9937775473165673,0.23375945734411688,836896232892.0,0.05989110707803993
2020-03-19,3850,0.9948051948051948,0.21592689295039164,822343326668.0,0.025974025974025976
2020-03-20,3855,0.9950713359273671,0.22679874869655892,716914850410.0,0.014267185473411154
2020-03-23,3852,0.9955867082035307,0.15932203389830507,687320324882.0,0.31957424714434063
2020-03-24,3859,0.9945581756931847,0.19984366857738406,712440919023.0,0.01995335579165587
2020-03-25,3860,0.9953367875647668,0.24648620510150962,751248018723.0,0.00466321243523316
2020-03-26,3859,0.9948173101839854,0.210992445949466,642423099310.0,0.041979787509717544
2020-03-27,3861,0.9948199948199948,0.3668315542827389,633849885127.0,0.027713027713027714
2020-03-30,3877,0.9940675780242455,0.19408406850025947,633058273575.0,0.13954088212535465
2020-03-31,3862,0.9950802692905231,0.17356232110330472,561691948215.0,0.025116519937856033
2020-04-01,3875,0.9927741935483871,0.13802963348063427,584846711910.0,0.03664516129032258
2020-04-02,3877,0.993293783853495,0.12308491300960789,597744182513.0,0.004900696414753675
2020-04-03,3876,0.9925180598555211,0.12815180660254744,572328500653.0,0.01393188854489164
2020-04-07,3874,0.9938048528652556,0.22337662337662337,731983031110.0,0.0018069179143004647
2020-04-08,3884,0.993048403707518,0.19626652838994038,674016960223.0,0.016735324407826983
2020-04-09,3875,0.9932903225806452,0.2338269680436477,653185327296.0,0.011870967741935483
2020-04-10,3883,0.9933041462786505,0.24267565465387608,672053636608.0,0.12284316250321917
2020-04-13,3880,0.9930412371134021,0.2725149234362834,499045440633.0,0.050515463917525774
2020-04-14,3888,0.9938271604938271,0.4692028985507246,589318714503.0,0.006172839506172839
2020-04-15,3879,0.9935550399587523,0.4491437467566165,641049666803.0,0.018045888115493684
2020-04-16,3897,0.9925583782396715,0.5679937952430196,595013670113.0,0.012317167051578136
2020-04-17,3896,0.9928131416837782,0.5405894519131335,740366884723.0,0.016940451745379878
2020-04-20,3904,0.9923155737704918,0.5020650490449148,617454013092.0,0.007940573770491803
2020-04-21,3894,0.992552645095018,0.693143596377749,649376908059.0,0.012583461736004109
2020-04-22,3908,0.9912998976458547,0.609189468249871,605970282484.0,0.008444216990788126
2020-04-23,3903,0.9928260312580066,0.47870967741935483,670610820516.0,0.02382782475019216
2020-04-24,3896,0.9917864476386037,0.45936853002070394,625216882818.0,0.09060574948665298
2020-04-27,3893,0.9933213460056511,0.44789242306697696,556816437983.0,0.05779604418186489
2020-04-28,3890,0.9922879177377892,0.4492227979274611,673924331354.0,0.15012853470437018
2020-04-29,3880,0.9917525773195877,0.44984407484407485,532760983321.0,0.045103092783505154
2020-04-30,3861,0.9914529914529915,0.5796760710553814,679006744536.0,0.017871017871017872
2020-05-06,3881,0.9912393712960578,0.559916818299974,721074533734.0,0.01700592630765267
2020-05-07,3874,0.9930304594734125,0.5703145308032233,667201146086.0,0.018069179143004648
2020-05-08,3890,0.9910025706940874,0.4881971465629053,687435089763.0,0.011311053984575836
2020-05-11,3890,0.9925449871465296,0.4716394716394716,684720321002.0,0.016195372750642673
2020-05-12,3880,0.9927835051546392,0.43120456905503635,599031602589.0,0.01365979381443299
2020-05-13,3885,0.9925353925353926,0.533454356846473,581151499237.0,0.011325611325611325
2020-05-14,3877,0.9930358524632448,0.5249350649350649,609987364454.0,0.012896569512509672
2020-05-15,3890,0.9928020565552699,0.4681512169860176,626915191207.0,0.009254498714652956
2020-05-18,3880,0.993298969072165,0.4922158796056046,731714040589.0,0.054896907216494845
2020-05-19,3878,0.9932955131511089,0.5072689511941848,641447703153.0,0.006962351727694688
2020-05-20,3879,0.9930394431554525,0.4735202492211838,686712145548.0,0.029646816189739623
2020-05-21,3874,0.9938048528652556,0.394025974025974,626102383348.0,0.05678884873515746
2020-05-22,3875,0.9940645161290322,0.3541017653167186,592621743609.0,0.06090322580645161
2020-05-25,3885,0.9927927927927928,0.32019704433497537,490491987007.0,0.040154440154440155
2020-05-26,3882,0.9933024214322514,0.4092323651452282,529832195857.0,0.00463678516228748
2020-05-27,3877,0.9938096466339954,0.47313781468985205,573100155481.0,0.015475883415011608
2020-05-28,3874,0.9938048528652556,0.49246753246753244,578166124561.0,0.02348993288590604
2020-05-29,3870,0.9945736434108527,0.6284749285528709,571618182233.0,0.009560723514211887
2020-06-01,3873,0.994577846630519,0.7448078920041536,761466972852.0,0.003098373353989156
2020-06-02,3878,0.9938112429087158,0.6878567721847432,771999873622.0,0.021660649819494584
2020-06-03,3885,0.9938223938223938,0.6006216006216006,777454288501.0,0.00797940797940798
2020-06-04,3884,0.994335736354274,0.6408596582081822,650533568955.0,0.015447991761071062
2020-06-05,3883,0.993561679114087,0.5834629341627786,631509560532.0,0.02343548802472315
2020-06-08,3885,0.9938223938223938,0.5843045843045843,684140553941.0,0.032947232947232945
2020-06-09,3882,0.9938176197836167,0.6272680145152929,620242534099.0,0.010046367851622875
2020-06-10,3892,0.9922918807810894,0.5750906266183324,615064170703.0,0.013360739979445015
2020-06-11,3888,0.9930555555555556,0.6021756021756022,720885424795.0,0.012345679012345678
2020-06-12,3887,0.9935683046050939,0.5730191610564475,699187373018.0,0.010547980447646
2020-06-15,3896,0.99435318275154,0.5800206504904492,759442886518.0,0.029774127310061602
2020-06-16,3899,0.9930751474737112,0.6151859504132231,712425603002.0,0.005129520389843549
2020-06-17,3896,0.9938398357289527,0.6774276859504132,738830933060.0,0.013347022587268994
2020-06-18,3900,0.9933333333333333,0.7509034589571503,758457177056.0,0.030256410256410255
2020-06-19,3898,0.9930733709594664,0.8318264014466547,778745694315.0,0.010005130836326322
2020-06-22,3907,0.9928333759918095,0.8409383861820057,828596933979.0,0.01586895316099309
2020-06-23,3907,0.9930893268492449,0.7335051546391752,758309360277.0,0.013053493729203993
2020-06-24,3907,0.9933452777066804,0.7291935068281371,728718764524.0,0.01586895316099309
2020-06-29,3915,0.9925925925925926,0.6850231600617601,716330136458.0,0.029118773946360154
2020-06-30,3905,0.9930857874519846,0.7294997421351211,746635371467.0,0.007426376440460947
2020-07-01,3909,0.9928370427219237,0.622519969080134,907231810604.0,0.014325914556152468
2020-07-02,3921,0.9923488905891354,0.6736057568748394,1079912036213.0,0.009436368273399644
2020-07-03,3912,0.9925869120654397,0.7540561421581251,1171562888755.0,0.010736196319018405
2020-07-06,3925,0.9921019108280255,0.8680020544427324,1565730479573.0,0.004840764331210191
2020-07-07,3920,0.9918367346938776,0.8950617283950617,1739621825922.0,0.00816326530612245
2020-07-08,3928,0.9928716904276986,0.9243589743589744,1542386512452.0,0.0038187372708757637
2020-07-09,3928,0.9928716904276986,0.9497435897435897,1725964337703.0,0.00280040733197556
2020-07-10,3927,0.991851285968933,0.944801026957638,1612272332014.0,0.03794244970715559
2020-07-13,3933,0.9921179760996695,0.9633521271143004,1672188256724.0,0.006356470887363336
2020-07-14,3938,0.9911122397155917,0.9572124007173969,1704314340045.0,0.06881665820213306
2020-07-15,3932,0.9916073245167853,0.9440882277507053,1571315682696.0,0.21286876907426247
2020-07-16,3932,0.991353001017294,0.8468445356593125,1505939682022.0,0.38835198372329605
2020-07-17,3943,0.9906162820187674,0.8133640552995391,1116020933132.0,0.04362160791275679
2020-07-20,3934,0.9905948144382308,0.888632281241981,1193183158772.0,0.010167768174885612
2020-07-21,3943,0.9908698960182603,0.8958280010238034,1103240230379.0,0.01648490996703018
2020-07-22,3947,0.9896123638206232,0.9006656426011265,1198621271233.0,0.006333924499619965
2020-07-23,3943,0.9890945980218108,0.8776923076923077,1246273411434.0,0.011919857976160284
2020-07-24,3948,0.9896149949341438,0.7786025083184028,1335061886097.0,0.3576494427558257
2020-07-27,3997,0.9882411808856643,0.7870886075949367,930960121728.0,0.054040530397798346
2020-07-28,3984,0.9887048192771084,0.780908860116781,899492401016.0,0.015060240963855422
2020-07-29,3992,0.9887274549098196,0.8330377501900177,1048488664031.0,0.0022545090180360722
2020-07-30,3977,0.9886849383957758,0.7774669379450662,1095104108916.0,0.009806386723661051
2020-07-31,3985,0.9879548306148055,0.7647955295910592,1146791494637.0,0.005771643663739021
2020-08-03,4000,0.98725,0.7199290959736642,1334992198737.0,0.00325
2020-08-04,3990,0.9882205513784461,0.674106010651788,1373901295389.0,0.04110275689223058
2020-08-05,3995,0.9887359198998749,0.6237974683544304,1197440067859.0,0.010763454317897372
2020-08-06,3991,0.9889751941869206,0.5183683810488979,1292288630928.0,0.02555750438486595
2020-08-07,3993,0.9884798397195091,0.5024068913098556,1262703738132.0,0.05033809166040571
2020-08-10,3998,0.9882441220610305,0.4209060997215895,1158086005623.0,0.0407703851925963
2020-08-11,3999,0.9884971242810703,0.35997976220591954,1134978564059.0,0.07401850462615654
2020-08-12,3996,0.9884884884884885,0.4377215189873418,1083962463929.0,0.06181181181181181
2020-08-13,3995,0.9889862327909887,0.6575550493545937,881696190559.0,0.02002503128911139
2020-08-14,4004,0.9892607392607392,0.7015905074476142,850337434421.0,0.021728271728271728
2020-08-17,4006,0.9890164752870694,0.6330136294800606,1154383549900.0,0.007738392411382925
2020-08-18,4010,0.9900249376558603,0.6438287153652393,1090274056975.0,0.006234413965087282
2020-08-19,4007,0.9895183428999251,0.5629255989911728,1088617045909.0,0.07287247317194909
2020-08-20,4007,0.9895183428999251,0.5372005044136192,871952471056.0,0.05540304467182431
2020-08-21,4009,0.9890246944375156,0.771500630517024,844523424892.0,0.015465203292591668
2020-08-24,4029,0.9848597666914867,0.7946068548387096,897094955428.0,0.020600645321419708
2020-08-25,4025,0.9853416149068323,0.7491174987392839,942114067961.0,0.028819875776397514
2020-08-26,4032,0.9853670634920635,0.5270576390636799,978666480376.0,0.1130952380952381
2020-08-27,4032,0.9868551587301587,0.5941191254083941,838022548808.0,0.02058531746031746
2020-08-28,4035,0.9858736059479554,0.5970336852689794,948124039461.0,0.024287484510532836
2020-08-31,4043,0.9861488993321791,0.454978680712315,1034853257560.0,0.012861736334405145
2020-09-01,4040,0.9851485148514851,0.4876884422110553,851821292198.0,0.011881188118811881
2020-09-02,4050,0.9851851851851852,0.47017543859649125,969321782862.0,0.011358024691358024
2020-09-03,4051,0.9837077264872871,0.4316185696361355,942423689952.0,0.04295235744260676
2020-09-04,4043,0.9851595349987633,0.4933467235751946,838769613127.0,0.020529309918377443
2020-09-07,4045,0.984919653893696,0.3998493975903614,1021686447557.0,0.06823238566131026
2020-09-08,4040,0.9853960396039604,0.5116804822908817,924352968566.0,0.02400990099009901
2020-09-09,4036,0.9846382556987116,0.46099647710115754,1036737331625.0,0.20465807730426164
2020-09-10,4040,0.9844059405940594,0.2884083480010058,873589314537.0,0.252970297029703
2020-09-11,4045,0.984919653893696,0.29417670682730923,684752655185.0,0.017799752781211372
2020-09-14,4047,0.9854212997281937,0.28635907723169507,769709396185.0,0.00815418828762046
2020-09-15,4043,0.9861488993321791,0.2708803611738149,725724391876.0,0.01409844175117487
2020-09-16,4059,0.9852180339985218,0.2955738934733683,684357050524.0,0.015767430401576743
2020-09-17,4060,0.984975369458128,0.3320830207551888,753632781093.0,0.012807881773399015
2020-09-18,4070,0.9886977886977887,0.34940357852882703,835761155555.0,0.013759213759213759
2020-09-21,4062,0.9881831610044313,0.317887394120578,755873214087.0,0.011324470704086657
2020-09-22,4073,0.9872329977903266,0.2710768465555832,703184064253.0,0.03363614043702431
2020-09-23,4069,0.9869746866551978,0.35756972111553786,661151958740.0,0.00786434013271074
2020-09-24,4069,0.9869746866551978,0.22111553784860558,679529740321.0,0.08847382649299582
2020-09-25,4081,0.9855427591276648,0.17802088513177525,569568368524.0,0.030874785591766724
2020-09-28,4084,0.9855533790401567,0.14782608695652175,540358920722.0,0.06366307541625857
2020-09-29,4091,0.9858225372769494,0.14902058021324077,545381689697.0,0.01906624297237839
2020-09-30,4090,0.9860635696821516,0.13389536325316143,540251437881.0,0.013691931540342298
2020-10-09,4088,0.9865459882583171,0.21596826183982148,711683664241.0,0.003424657534246575
2020-10-12,4097,0.9860873810104955,0.31683168316831684,972021211031.0,0.003417134488650232
2020-10-13,4103,0.9868388983670485,0.39318350209928377,835424142942.0,0.005361930294906166
2020-10-14,4101,0.9868324798829554,0.33432171979243885,828180707854.0,0.016581321628871007
2020-10-15,4106,0.9873356064296152,0.4158855451406019,764401780387.0,0.04042864101315149
2020-10-16,4103,0.9875700706799903,0.5952615992102666,708882663468.0,0.016329514989032415
2020-10-19,4102,0.9870794734275963,0.5067918004445542,739344639514.0,0.02681618722574354
2020-10-20,4110,0.9871046228710463,0.485333990633473,667510138465.0,0.0051094890510948905
2020-10-21,4105,0.9878197320341048,0.41775585696670775,706460837883.0,0.04238733252131547
2020-10-22,4115,0.9885783718104496,0.43952802359882004,663826031783.0,0.019927095990279465
2020-10-23,4110,0.9888077858880778,0.36835629921259844,687744566920.0,0.05669099756690998
2020-10-26,4105,0.9887941534713763,0.31608770633160876,633660156974.0,0.014372716199756394
2020-10-27,4111,0.9895402578448066,0.3227630285152409,631311469626.0,0.021649233763074677
2020-10-28,4114,0.990034030140982,0.3854652590228333,733382664805.0,0.01968886728245017
2020-10-29,4116,0.9895529640427599,0.35845813896390866,780464433725.0,0.03498542274052478
2020-10-30,4116,0.9907677356656949,0.3634134379597842,871032620837.0,0.1564625850340136
2020-11-02,4121,0.9917495753457899,0.37925128456080254,812763305296.0,0.03518563455471973
2020-11-03,4120,0.9924757281553398,0.5091709464416728,784858938603.0,0.005339805825242718
2020-11-04,4120,0.9932038834951457,0.46236559139784944,729870309671.0,0.017475728155339806
2020-11-05,4119,0.9927166788055353,0.553680606505258,859803167987.0,0.005341102209274096
2020-11-06,4120,0.9927184466019418,0.4036674816625917,878609893417.0,0.05315533980582524
2020-11-09,4128,0.9924903100775194,0.3683182816695143,1083668459792.0,0.003633720930232558
2020-11-10,4140,0.9925120772946859,0.33025066926259433,981258207128.0,0.050483091787439614
2020-11-11,4131,0.9924957637375939,0.32878048780487806,869543061269.0,0.06511740498668603
2020-11-12,4134,0.9927431059506531,0.35794346978557506,707949558588.0,0.020319303338171262
2020-11-13,4133,0.9927413501088798,0.34730684864733125,727237574731.0,0.015969029760464555
2020-11-16,4133,0.9934672150979917,0.4206039941548953,800912807670.0,0.012339704814904429
2020-11-17,4140,0.9934782608695653,0.3673717481157306,853456484615.0,0.035265700483091786
2020-11-18,4147,0.9934892693513383,0.42694174757281556,821581127101.0,0.01760308656860381
2020-11-19,4141,0.9932383482250664,0.44566010211524437,774322275056.0,0.018111567254286403
2020-11-20,4139,0.9942014979463638,0.5154313487241798,750973360758.0,0.01063058709833293
2020-11-23,4145,0.9934861278648974,0.5344827586206896,953863664023.0,0.012062726176115802
2020-11-24,4143,0.9937243543326092,0.5348554772892883,830308696352.0,0.013275404296403573
2020-11-25,4140,0.9942028985507246,0.4910106899902818,863265746949.0,0.04396135265700483
2020-11-26,4146,0.9942112879884226,0.497573993207181,733158311307.0,0.024843222383019777
2020-11-27,4151,0.9942182606600819,0.6229706808819966,725638906215.0,0.01830884124307396
2020-11-30,4147,0.994453822040029,0.63360814742968,950500322392.0,0.015915119363395226
2020-12-01,4150,0.9939759036144579,0.5963636363636363,865172877494.0,0.006024096385542169
2020-12-02,4144,0.9942084942084942,0.6225728155339806,881090986030.0,0.013754826254826255
2020-12-03,4152,0.9939788053949904,0.5456748243275987,826325963130.0,0.023603082851637765
2020-12-04,4146,0.9939700916546068,0.5882067459354525,748800141088.0,0.012301013024602027
2020-12-07,4157,0.9927832571566033,0.4359098618851466,768956491694.0,0.016357950445032476
2020-12-08,4159,0.992546285164703,0.4617248062015504,701769890903.0,0.012503005530175523
2020-12-09,4156,0.9935033686236766,0.3855655122305643,791658640809.0,0.05245428296438884
2020-12-10,4156,0.9935033686236766,0.3790263986437394,709310507049.0,0.02237728585178056
2020-12-11,4165,0.9923169267707083,0.31042826034357607,834984708494.0,0.05618247298919568
2020-12-14,4161,0.992790194664744,0.28080367949648993,709816158373.0,0.021629416005767843
2020-12-15,4163,0.992793658419409,0.2976046455359303,709620945744.0,0.02426134998798943
2020-12-16,4173,0.9920920201294033,0.2606280193236715,701043176501.0,0.05415768032590462
2020-12-17,4169,0.9920844327176781,0.277321083172147,791851414336.0,0.012712880786759414
2020-12-18,4180,0.9923444976076555,0.25554484088717455,771290549510.0,0.017464114832535887
2020-12-21,4177,0.9918601867368925,0.26985276369780353,864606299952.0,0.008139813263107493
2020-12-22,4178,0.9906653901388224,0.22686639284851412,957725656675.0,0.08855911919578746
2020-12-23,4180,0.9906698564593301,0.2748128471383724,929226297582.0,0.01674641148325359
2020-12-24,4186,0.9894887720974678,0.2527764365041043,826302245816.0,0.0895843287147635
2020-12-25,4183,0.9894812335644274,0.2655230732060884,793962557342.0,0.01792971551518049
2020-12-28,4184,0.9887667304015296,0.2571912013536379,881225437378.0,0.05592734225621415
2020-12-29,4194,0.9895088221268479,0.21734939759036145,859877280761.0,0.07773009060562709
2020-12-30,4203,0.9888175113014513,0.22834456207892204,847146833407.0,0.010230787532714728
2020-12-31,4201,0.9885741490121399,0.24464242716108836,961875370802.0,0.008807426803142109
2021-01-04,4208,0.9895437262357415,0.2675312199807877,1164585207074.0,0.012832699619771864
2021-01-05,4206,0.989776509747979,0.2877732404515974,1266563659974.0,0.02757964812173086
2021-01-06,4211,0.9895511754927571,0.27741780657547394,1167462901547.0,0.061505580622180006
2021-01-07,4206,0.9885877318116976,0.27705627705627706,1216610957435.0,0.2301474084640989
2021-01-08,4206,0.9895387541607228,0.26741950985103313,1132415544801.0,0.05254398478364242
2021-01-11,4208,0.9895437262357415,0.2615273775216138,1211977997904.0,0.15090304182509506
2021-01-12,4210,0.9897862232779098,0.2716582673386129,1090433754080.0,0.0168646080760095
2021-01-13,4221,0.9902866619284529,0.26100478468899524,1234659937584.0,0.09665955934612651
2021-01-14,4218,0.989805595068753,0.2795209580838323,1121452410563.0,0.06116642958748222
2021-01-15,4212,0.9909781576448243,0.26904647819837085,1036529237193.0,0.01875593542260209
2021-01-18,4211,0.9909760151982901,0.3031392283728732,998328699366.0,0.006649251959154595
2021-01-19,4215,0.9919335705812574,0.2772064099497728,1041267582856.0,0.0265717674970344
2021-01-20,4216,0.9907495256166983,0.33995690687096003,915821073836.0,0.008776091081593928
2021-01-21,4217,0.991225990040313,0.3555023923444976,1085930014117.0,0.01138249940716149
2021-01-22,4215,0.9919335705812574,0.37981344176034443,1114003799874.0,0.0431791221826809
2021-01-25,4225,0.9919526627218935,0.3123359580052493,1208626297938.0,0.07195266272189349
2021-01-26,4225,0.9919526627218935,0.3326175137198759,1014296774660.0,0.07408284023668639
2021-01-27,4226,0.9921911973497397,0.330550918196995,923367410663.0,0.027212494084240417
2021-01-28,4228,0.9921948912015137,0.2839094159713945,915729746728.0,0.08159886471144749
2021-01-29,4231,0.9922004254313401,0.22725107193901858,952265686453.0,0.0768139919640747
2021-02-01,4232,0.9919659735349716,0.2205812291567413,856785486457.0,0.05647448015122873
2021-02-02,4240,0.9924528301886792,0.22552281368821292,900882528968.0,0.02759433962264151
2021-02-03,4243,0.9929295309922225,0.23047709470685973,953770886524.0,0.08437426349281169
2021-02-04,4245,0.9924617196702002,0.2506527415143603,942580958473.0,0.09870435806831566
2021-02-05,4246,0.9924634950541686,0.23018509729473186,891230007481.0,0.10692416391898257
2021-02-08,4246,0.9919924634950542,0.28062678062678065,806263237557.0,0.040273198304286384
2021-02-09,4257,0.9908386187455955,0.29871977240398295,837613665719.0,0.008456659619450317
2021-02-10,4264,0.9894465290806754,0.36596349845935056,875454211309.0,0.01477485928705441
2021-02-18,4257,0.98989898989899,0.4148077835785477,1085184851876.0,0.021141649048625793
2021-02-19,4259,0.9899037332707208,0.448292220113852,1042570955701.0,0.01573139234562104
2021-02-22,4268,0.9906279287722587,0.4406338694418165,1293150474587.0,0.038425492033739454
2021-02-23,4268,0.9906279287722587,0.3869441816461684,1021400061002.0,0.030224929709465793
2021-02-24,4268,0.9910965323336457,0.3846335697399527,1063693331196.0,0.04475164011246485
2021-02-25,4264,0.9913227016885553,0.34752779749231133,933996200106.0,0.026031894934333957
2021-02-26,4268,0.9910965323336457,0.38747044917257684,906749669421.0,0.04873477038425492
2021-03-01,4268,0.9903936269915652,0.5677785663591199,873446886532.0,0.006326148078725398
2021-03-02,4273,0.9911069506201732,0.5716646989374262,917570653910.0,0.028317341446290663
2021-03-03,4280,0.9908878504672897,0.6253242159867956,863355333911.0,0.005373831775700935
2021-03-04,4275,0.9913450292397661,0.647239263803681,972253264394.0,0.06128654970760234
2021-03-05,4278,0.992052360916316,0.751885014137606,876526800854.0,0.025712949976624593
2021-03-08,4281,0.9918243401074516,0.6985398021667452,979316586954.0,0.07895351553375379
2021-03-09,4278,0.9911173445535297,0.5938679245283018,986731583556.0,0.171575502571295
2021-03-10,4272,0.9915730337078652,0.6038715769593956,749785378542.0,0.05032771535580524
2021-03-11,4284,0.9906629318394025,0.7313854853911405,803925413244.0,0.004201680672268907
2021-03-12,4278,0.9913510986442263,0.7623202074982316,816942198026.0,0.013090229079008883
2021-03-15,4286,0.9927671488567429,0.7492361927144536,807028976823.0,0.0408306112925805
2021-03-16,4286,0.9937004199720019,0.7325663301244424,735454201450.0,0.00863275781614559
2021-03-17,4283,0.9936960074713985,0.731203007518797,710772243694.0,0.00957272939528368
2021-03-18,4284,0.9936974789915967,0.6530420483908856,736854790057.0,0.01027077497665733
2021-03-19,4282,0.9932274638019617,0.5440865271573008,772164476103.0,0.02685660906118636
2021-03-22,4297,0.9920875029090063,0.5540699038235984,760039342675.0,0.005352571561554573
2021-03-23,4302,0.992794049279405,0.5504565675485835,788641789443.0,0.0708972570897257
2021-03-24,4301,0.9923273657289002,0.5009372071227741,762455731621.0,0.06091606603115555
2021-03-25,4295,0.9927823050058208,0.5121951219512195,676052121881.0,0.043538998835855644
2021-03-26,4301,0.9925598697977215,0.5767158585148747,747965347860.0,0.0053475935828877
2021-03-29,4317,0.9921241602965022,0.4618258230212468,757871939008.0,0.013666898309010887
2021-03-30,4310,0.9921113689095128,0.4546304957904584,749386114741.0,0.038747099767981436
2021-03-31,4303,0.9920985359051824,0.4096978215038651,687434040667.0,0.028119916337438995
2021-04-01,4305,0.9916376306620209,0.4474115717966737,657649318470.0,0.018583042973286876
2021-04-02,4303,0.9918661399023937,0.41447985004686033,716709593768.0,0.016267720195212644
2021-04-06,4314,0.9914232730644413,0.5237315875613748,660309930364.0,0.006258692628650904
2021-04-07,4326,0.9907535829865927,0.6920205319645357,740046471298.0,0.009477577438742488
2021-04-08,4327,0.9912179339033973,0.7353695500116577,767348658489.0,0.033279408366073494
2021-04-09,4328,0.9902957486136784,0.6259916005599627,694759945952.0,0.020101663585951942
2021-04-12,4335,0.9891580161476355,0.5443097014925373,775891493903.0,0.07081891580161476
2021-04-13,4328,0.988909426987061,0.5053738317757009,671575681935.0,0.04713493530499076
2021-04-14,4336,0.9886992619926199,0.49685094471658503,654037739461.0,0.0136070110701107
2021-04-15,4339,0.9875547361143121,0.4709451575262544,660661817057.0,0.04286702005070293
2021-04-16,4342,0.9882542607093505,0.5635050104870659,692058663381.0,0.009442653155228006
2021-04-19,4348,0.9882704691812327,0.6427740283919013,861508110613.0,0.008739650413983441
2021-04-20,4346,0.9873446847676024,0.5287811698904684,845497226759.0,0.02024850437183617
2021-04-21,4356,0.9866850321395776,0.5660772452303396,743512475640.0,0.023186409550045913
2021-04-22,4363,0.9869355947742379,0.6251741755689735,740886200223.0,0.01031400412560165
2021-04-23,4349,0.9873534145780639,0.5838379133674895,778633078822.0,0.03679006668199586
2021-04-26,4356,0.9880624426078971,0.5162639405204461,908467408973.0,0.03994490358126722
2021-04-27,4347,0.9878076834598574,0.4687936655798789,764662730301.0,0.057050839659535314
2021-04-28,4357,0.9878356667431719,0.5171933085501859,788197910315.0,0.040853798485196234
2021-04-29,4343,0.988026709647709,0.49335819156373806,822227458757.0,0.04259728298411237
2021-04-30,4340,0.9873271889400922,0.44480746791131853,866810401316.0,0.05944700460829493
2021-05-06,4358,0.9880679210647085,0.43427775197398977,875411915847.0,0.04015603487838458
2021-05-07,4366,0.9878607420980302,0.38256434036633435,883753320138.0,0.05840586349060925
2021-05-10,4355,0.9882893226176809,0.38011152416356875,854864505319.0,0.025487944890929967
2021-05-11,4362,0.988537368179734,0.4114100185528757,843114504643.0,0.031407611187528654
2021-05-12,4371,0.9883321894303363,0.44513888888888886,765388201229.0,0.009608785175017159
2021-05-13,4377,0.9881197167009367,0.47791907514450865,801501263949.0,0.03175691112634224
2021-05-14,4372,0.9883348581884721,0.5607498264290673,901586714894.0,0.01029277218664227
2021-05-17,4377,0.9890335846470185,0.47724647724647723,930006557126.0,0.05368974183230523
2021-05-18,4371,0.9885609700297415,0.500578569775515,752128131383.0,0.013498055364905056
2021-05-19,4371,0.9890185312285518,0.4323386537126995,791508875096.0,0.011667810569663692
2021-05-20,4385,0.9895096921322691,0.3733579165706384,864459335242.0,0.03785632839224629
2021-05-21,4387,0.9895144745839982,0.3953006219765031,807990827594.0,0.013448826077045816
2021-05-24,4385,0.9895096921322691,0.44088499654298224,842168880547.0,0.018472063854047892
2021-05-25,4393,0.9888458911905303,0.4592541436464088,1006479455203.0,0.00796722057819258
2021-05-26,4395,0.9890784982935154,0.5339314469749252,966906760121.0,0.007736063708759955
2021-05-27,4400,0.9895454545454545,0.5895728066146072,939649343597.0,0.006818181818181818
2021-05-28,4403,0.9893254599136952,0.6028466483011937,1016180159465.0,0.014989779695662049
2021-05-31,4405,0.9895573212258797,0.6480844230328057,1009558486193.0,0.00681044267877412
2021-06-01,4411,0.9895715257311267,0.6987399770904925,1046906661588.0,0.00974835638177284
2021-06-02,4402,0.9900045433893685,0.7253327214318495,1012929356314.0,0.041572012721490234
2021-06-03,4419,0.9893641095270423,0.7156907593778591,955827324765.0,0.024892509617560534
2021-06-04,4416,0.9904891304347826,0.7071330589849109,937571247162.0,0.024456521739130436
2021-06-07,4414,0.9900317172632532,0.7185354691075515,949579399480.0,0.013819664703217037
2021-06-08,4423,0.9902780917929007,0.7034246575342465,985714945706.0,0.03029617906398372
2021-06-09,4418,0.9913988229968311,0.678082191780822,881325161149.0,0.017881394296061566
2021-06-10,4423,0.9905041826814379,0.6998402191280529,1002502896615.0,0.015374180420529052
2021-06-11,4418,0.9911724762335898,0.6163507650148435,1121402470486.0,0.05070167496604799
2021-06-15,4420,0.9911764705882353,0.5975804610819447,1000724381435.0,0.05429864253393665
2021-06-16,4421,0.9904998869034155,0.5348253025804979,932373305420.0,0.07486993892784438
2021-06-17,4423,0.9902780917929007,0.5577625570776256,892124513248.0,0.00813927198733891
2021-06-18,4424,0.9896021699819169,0.5991320237551393,1010238939650.0,0.012658227848101266
2021-06-21,4428,0.9896115627822945,0.6191236878137837,1014474302728.0,0.006775067750677507
2021-06-22,4436,0.9900811541929666,0.6343351548269581,1011622944214.0,0.012623985572587917
2021-06-23,4444,0.9898739873987399,0.6040009092975677,1073411967276.0,0.013051305130513051
2021-06-24,4446,0.9898785425101214,0.570324926153147,1013297846168.0,0.04880791722896986
2021-06-25,4449,0.9905596763317599,0.5600181529385069,1054934650740.0,0.018431108114182963
2021-06-28,4454,0.9898967220475977,0.5942390564753912,1017902456805.0,0.01728783116299955
2021-06-29,4449,0.9901101371094628,0.5021566401816118,997847139052.0,0.03438975050573163
2021-06-30,4460,0.9899103139013453,0.49535673839184596,942731737426.0,0.012556053811659192
2021-07-01,4459,0.9899080511325409,0.45015858631626643,1020147520930.0,0.09441578829333931
2021-07-02,4466,0.9892521271831617,0.4273426889995473,1002986724071.0,0.045006717420510524
2021-07-05,4460,0.9901345291479821,0.4830163043478261,1006053086573.0,0.014125560538116592
2021-07-06,4462,0.9899148363962349,0.4652479058184288,1120331479255.0,0.03585835948005379
2021-07-07,4471,0.9897114739431895,0.48406779661016947,1050749082958.0,0.005591590248266607
2021-07-08,4472,0.9894901610017889,0.44451977401129944,1197728224477.0,0.02728085867620751
2021-07-09,4476,0.9892761394101877,0.46093044263775973,1128167994826.0,0.018096514745308313
2021-07-12,4479,0.989506586291583,0.5241425992779783,1318542890142.0,0.008930564858227283
2021-07-13,4484,0.9892952720785013,0.5949053201082056,1220595461788.0,0.028545941123996433
2021-07-14,4481,0.990627092166927,0.6014868213561613,1215413526918.0,0.042624414193260435
2021-07-15,4477,0.9903953540317176,0.5331529093369418,1172019942135.0,0.0457895912441367
2021-07-16,4490,0.9904231625835189,0.49943782325163033,1182026815395.0,0.025612472160356347
2021-07-19,4479,0.9906229068988613,0.4521072796934866,1122501965569.0,0.04197365483366823
2021-07-20,4480,0.990625,0.43397926994141506,967289662880.0,0.0125
2021-07-21,4481,0.9910734211113591,0.46453501463634317,1209474965217.0,0.005132782860968534
2021-07-22,4491,0.9906479625918504,0.49808945830523715,1301329325248.0,0.02182142061901581
2021-07-23,4494,0.9904316866933689,0.4482138845203325,1379088959425.0,0.06230529595015576
2021-07-26,4499,0.9904423205156702,0.40394973070017953,1419297261815.0,0.09002000444543232
2021-07-27,4496,0.9908807829181495,0.3934904601571268,1534323033600.0,0.14524021352313168
2021-07-28,4502,0.9908929364726788,0.28110289172831204,1270244804334.0,0.18791648156374943
2021-07-29,4503,0.9902287363979569,0.3814756671899529,1249711215896.0,0.0028869642460581835
2021-07-30,4505,0.9900110987791343,0.41636771300448433,1339828940833.0,0.035738068812430634
2021-08-02,4506,0.9902352418996893,0.42962796952039445,1513094131053.0,0.019307589880159785
2021-08-03,4505,0.9911209766925638,0.43269876819708847,1416333851504.0,0.08479467258601554
2021-08-04,4525,0.990939226519337,0.4449152542372881,1289337476615.0,0.0064088397790055245
2021-08-05,4523,0.9902719434003979,0.44898414824737665,1291163662683.0,0.038248949812071636
2021-08-06,4522,0.9904909332153914,0.4282205849519982,1225494937864.0,0.022114108801415303
2021-08-09,4529,0.9902848310885405,0.4229654403567447,1249669351350.0,0.021638330757341576
2021-08-10,4532,0.9907325684024714,0.4378619153674833,1344676724617.0,0.013459841129744042
2021-08-11,4530,0.990728476821192,0.47036541889483063,1283058007980.0,0.01390728476821192
2021-08-12,4531,0.9907305230633414,0.5132546224103364,1305776169766.0,0.017435444714191128
2021-08-13,4536,0.9900793650793651,0.522600757069695,1297947581783.0,0.02513227513227513
2021-08-16,4540,0.9900881057268722,0.5506117908787542,1257833567833.0,0.05682819383259912
2021-08-17,4545,0.9896589658965896,0.4477545575811472,1308678428351.0,0.1372937293729373
2021-08-18,4545,0.9900990099009901,0.4548888888888889,1197584325238.0,0.0176017601760176
2021-08-19,4548,0.9898856640281443,0.41426032874278096,1215650090635.0,0.03518029903254178
2021-08-20,4550,0.9907692307692307,0.4447648624667258,1252966124165.0,0.051648351648351645
2021-08-23,4552,0.9905536028119508,0.6198713683743624,1323303709488.0,0.008567662565905097
2021-08-24,4560,0.9901315789473685,0.7136212624584718,1408941209449.0,0.019078947368421053
2021-08-25,4558,0.991224221149627,0.8038955289951306,1315013840110.0,0.018209741114523913
2021-08-26,4563,0.9912338373876836,0.716559805438868,1374889182847.0,0.05259697567389875
2021-08-27,4563,0.9914529914529915,0.6845711759504863,1344902674205.0,0.04098181021257944
2021-08-30,4560,0.9921052631578947,0.6043324491600354,1578747977684.0,0.041008771929824564
2021-08-31,4561,0.9923262442446832,0.6005302695536898,1482918210642.0,0.058759044069283055
2021-09-01,4565,0.9927710843373494,0.5761253309796999,1711828213616.0,0.1031763417305586
2021-09-02,4561,0.992983994737996,0.623537204680945,1434783331410.0,0.01447051085288314
2021-09-03,4575,0.9927868852459016,0.6433289299867899,1575808642890.0,0.0526775956284153
2021-09-06,4596,0.991514360313316,0.6429668641650208,1430189598934.0,0.017406440382941687
2021-09-07,4590,0.9923747276688453,0.6335894621295279,1404711536707.0,0.009150326797385621
2021-09-08,4588,0.992153443766347,0.6416959578207382,1476378276925.0,0.023757628596338273
2021-09-09,4594,0.9925990422289943,0.6333333333333333,1434217754533.0,0.030692207226817588
2021-09-10,4592,0.9932491289198606,0.6176277132207849,1545768753572.0,0.029181184668989547
2021-09-13,4599,0.9930419656447054,0.6063061090431355,1464487005413.0,0.03761687323331159
2021-09-14,4600,0.9926086956521739,0.6524310118265441,1514031755820.0,0.04782608695652174
2021-09-15,4601,0.9923929580525973,0.6283399036355672,1355464200098.0,0.023255813953488372
2021-09-16,4597,0.9919512725690668,0.5997807017543859,1478973368402.0,0.10093539264737872
2021-09-17,4593,0.9923797082516873,0.6086002632733655,1344051315442.0,0.046374918354016983
2021-09-22,4606,0.9926183239253148,0.5354330708661418,1154538672960.0,0.02627008250108554
2021-09-23,4615,0.9917659804983748,0.5494865632510378,1322834360945.0,0.03553629469122427
2021-09-24,4613,0.991762410578799,0.48153005464480875,1284338305536.0,0.10383698244092782
2021-09-27,4608,0.9919704861111112,0.4036315904616058,1366547595664.0,0.2302517361111111
2021-09-28,4603,0.9919617640669128,0.42247043363994746,1044324693430.0,0.0319356941125353
2021-09-29,4611,0.9915419648666233,0.34120734908136485,1078416074444.0,0.18564302754283235
2021-09-30,4617,0.99090318388564,0.3822950819672131,951234561409.0,0.004331817197314273
2021-10-08,4616,0.9911178509532063,0.43540983606557376,1061218483175.0,0.037694974003466206
2021-10-11,4619,0.9909071227538429,0.4022285339742189,992640580538.0,0.04762935700368045
2021-10-12,4614,0.9915474642392718,0.33027322404371584,997054484346.0,0.06740355439965323
2021-10-13,4611,0.9924094556495338,0.2897727272727273,890164480901.0,0.041422684883973104
2021-10-14,4613,0.992412746585736,0.2656181738750546,861328043039.0,0.014524170821591156
2021-10-15,4618,0.9924209614551754,0.2173248963560986,989444686017.0,0.0422260718925942
2021-10-18,4632,0.9920120898100173,0.22763873775843307,1002595104059.0,0.022236614853195166
2021-10-19,4630,0.9922246220302375,0.25315629081410534,973526902225.0,0.006911447084233261
2021-10-20,4625,0.9924324324324324,0.24248366013071895,1020358727415.0,0.017513513513513514
2021-10-21,4627,0.99221958072185,0.25179699411892836,993519945191.0,0.018586557164469417
2021-10-22,4634,0.9926629261976694,0.23891304347826087,1015704360835.0,0.053517479499352615
2021-10-25,4630,0.9924406047516199,0.28813928182807397,1015593823290.0,0.013390928725701945
2021-10-26,4629,0.9917908835601642,0.27270747113918536,1083311786428.0,0.0367249945992655
2021-10-27,4638,0.9911599827511859,0.22862736567326516,1077516568121.0,0.0795601552393273
2021-10-28,4637,0.9909424196678888,0.18411316648531012,1108263309222.0,0.1386672417511322
2021-10-29,4640,0.990948275862069,0.24293170943888648,1139007144333.0,0.020905172413793104
2021-11-01,4647,0.9909619109102646,0.3550488599348534,1224494258274.0,0.022164837529588984
2021-11-02,4650,0.9911827956989248,0.3226296376654372,1258852883356.0,0.05268817204301075
2021-11-03,4645,0.9918191603875135,0.4213153896244845,1000932469604.0,0.015285252960172227
2021-11-04,4659,0.9918437432925521,0.40142826228089157,1079828935887.0,0.0051513200257566
2021-11-05,4654,0.9918349806617963,0.35918544194107455,1152225170438.0,0.05715513536742587
2021-11-08,4663,0.9914218314389878,0.37399956738048884,1040727090527.0,0.017156337122024447
2021-11-09,4654,0.992049849591749,0.45245830625947586,1012521464091.0,0.004941985388912763
2021-11-10,4652,0.9914015477214101,0.4637901127493495,1081327104161.0,0.009243336199484092
2021-11-11,4655,0.9916219119226638,0.4763864818024263,1124947352905.0,0.010955961331901182
2021-11-12,4664,0.9916380789022299,0.5455135135135135,1101485184829.0,0.007504288164665523
2021-11-15,4685,0.9912486659551761,0.5788113695090439,1167985153733.0,0.04973319103521878
2021-11-16,4681,0.9914548173467208,0.533074768368886,1118297885186.0,0.051484725486007264
2021-11-17,4682,0.9918838103374626,0.601421188630491,1040081017574.0,0.006193934216146946
2021-11-18,4690,0.9912579957356077,0.5941062594106259,1126702460306.0,0.037526652452025584
2021-11-19,4692,0.9916879795396419,0.6707500537287772,1115380927974.0,0.007885763000852515
2021-11-22,4691,0.9921125559582179,0.6749033089815213,1256972849413.0,0.007674269878490727
2021-11-23,4700,0.9931914893617021,0.7230077120822622,1231515358213.0,0.012553191489361702
2021-11-24,4692,0.9931798806479113,0.7944206008583691,1204990158994.0,0.01300085251491901
2021-11-25,4694,0.9936088623775032,0.8419811320754716,1115452971421.0,0.024712398806987643
2021-11-26,4699,0.9934028516705682,0.8022707797772065,1103509247296.0,0.016173653968929558
2021-11-29,4707,0.9934140641597621,0.7384516680923866,1179582284452.0,0.017208413001912046
2021-11-30,4706,0.9938376540586485,0.8067137053666881,1222346800290.0,0.016787080322991924
2021-12-01,4703,0.9936210929194131,0.8213139310935159,1147656286497.0,0.019561981713799702
2021-12-02,4704,0.9931972789115646,0.7688356164383562,1154565570395.0,0.059736394557823126
2021-12-03,4704,0.9931972789115646,0.8060787671232876,1136751323608.0,0.024447278911564625
2021-12-06,4708,0.9923534409515717,0.751070205479452,1205076355415.0,0.07370433305012744
2021-12-07,4699,0.9925516067248351,0.6846054888507719,1201026176668.0,0.06299212598425197
2021-12-08,4700,0.9925531914893617,0.6977491961414791,1102616719502.0,0.005319148936170213
2021-12-09,4711,0.9932073869666738,0.6933105364394101,1264956240020.0,0.013585226066652516
2021-12-10,4712,0.9929966044142614,0.6646719384483865,1236279517918.0,0.009125636672325976
2021-12-13,4706,0.9936251593710157,0.6137724550898204,1272093987258.0,0.014874628134296642
2021-12-14,4712,0.9938455008488964,0.6771300448430493,1142912324613.0,0.011247877758913413
2021-12-15,4711,0.9936319252812567,0.6295663319803461,1137202705603.0,0.01761834005518998
2021-12-16,4718,0.993217465027554,0.7063593683311993,1114808336532.0,0.00847816871555744
2021-12-17,4712,0.993421052631579,0.6141850032044435,1160584265781.0,0.038200339558573854
2021-12-20,4711,0.9934196561239652,0.5395299145299145,1159593034704.0,0.07365739758013161
2021-12-21,4713,0.9932102694674305,0.5787224951933347,1001226877602.0,0.01336728198599618
2021-12-22,4717,0.9930040279838881,0.5883859948761742,1063567861736.0,0.02141191435234259
2021-12-23,4722,0.9927996611605252,0.5569539249146758,1078234553052.0,0.026895383312155866
2021-12-24,4728,0.9921742808798646,0.5069281603069707,1133007488509.0,0.10279187817258884
2021-12-27,4732,0.9921808960270498,0.5407880724174654,975868880713.0,0.028951817413355875
2021-12-28,4730,0.9915433403805497,0.5347547974413646,1003986150793.0,0.020930232558139535
2021-12-29,4737,0.991344732953346,0.4848807495741056,998849926447.0,0.018577158539159807
2021-12-30,4742,0.9907212146773513,0.5576841209025117,1020435517883.0,0.007380851961197807
2021-12-31,4738,0.9909244406922753,0.5686900958466453,1063888576216.0,0.016884761502743775
2022-01-04,4737,0.9924002533248891,0.6670921080621145,1268946215119.0,0.04496516782773907
2022-01-05,4731,0.9926019868949482,0.6401192504258943,1307867402748.0,0.09046713168463327
2022-01-06,4735,0.9921858500527984,0.6264367816091954,1138957926737.0,0.01879619852164731
2022-01-07,4738,0.9926129168425496,0.5643206463959175,1209002436643.0,0.07682566483748417
2022-01-10,4747,0.992416262902886,0.585013797495224,1052736421396.0,0.014114177375184327
2022-01-11,4745,0.9917808219178083,0.5665108372290693,1057257801234.0,0.034984193888303476
2022-01-12,4744,0.9922006745362564,0.5867856384108774,1062464782332.0,0.005902192242833052
2022-01-13,4746,0.9924146649810367,0.5545647558386412,1095456865617.0,0.04108723135271808
2022-01-14,4748,0.9924178601516428,0.4688030560271647,1108923885931.0,0.02190395956192081
2022-01-17,4753,0.992425836313907,0.5550137799448802,1122131673238.0,0.016621081422259626
2022-01-18,4755,0.9917981072555205,0.5508905852417303,1198756602960.0,0.08832807570977919
2022-01-19,4752,0.9922138047138047,0.4833510074231177,1067738887336.0,0.030934343434343436
2022-01-20,4753,0.9930570166210814,0.3654661016949153,1133095255499.0,0.1335998316852514
2022-01-21,4751,0.9934750578825511,0.3690677966101695,987139985342.0,0.07787834140181014
2022-01-24,4758,0.9934846574190836,0.3892532261476624,866107574250.0,0.03551912568306011
2022-01-25,4754,0.993689524610854,0.21443691786621508,938525373824.0,0.3285654185948675
2022-01-26,4759,0.9936961546543391,0.21569042080778178,795334648894.0,0.03130909855011557
2022-01-27,4769,0.9934996854686517,0.1418319966230477,824292322002.0,0.1664919270287272
2022-01-28,4771,0.9928736114022217,0.15072830905636478,819892681660.0,0.02515195975686439
2022-02-07,4772,0.9926655490360435,0.1693054675955246,824217508165.0,0.03290025146689019
2022-02-08,4766,0.9932857742341586,0.17912970004224757,879827162755.0,0.02517834662190516
2022-02-09,4777,0.9928825622775801,0.23550495467004007,932922924480.0,0.0033493824576093785
2022-02-10,4770,0.9935010482180293,0.21861152141802068,937405771877.0,0.026834381551362682
2022-02-11,4774,0.99329702555509,0.20687473639814424,992830177736.0,0.08567239212400503
2022-02-14,4775,0.9939267015706806,0.17804466919511167,863687832688.0,0.024502617801047122
2022-02-15,4783,0.9941459335145306,0.19179810725552052,828551595663.0,0.014844240016725904
2022-02-16,4782,0.9941447093266416,0.19709718132099285,807929870778.0,0.007109995817649519
2022-02-17,4780,0.994142259414226,0.2175925925925926,909994210182.0,0.02092050209205021
2022-02-18,4775,0.9943455497382199,0.2824347093513058,808473378440.0,0.005863874345549738
2022-02-21,4782,0.9947720618987871,0.2734916964473408,901634986326.0,0.0035549979088247597
2022-02-22,4783,0.9939368597114782,0.2782919646613378,979218201688.0,0.028015889609031987
2022-02-23,4795,0.9941605839416059,0.29913992028529474,1042033159007.0,0.010010427528675704
2022-02-24,4786,0.9937317175094025,0.3050883095037847,1364144337336.0,0.10823234433765148
2022-02-25,4789,0.9945708916266444,0.3837917279025824,1019481704283.0,0.010022969304656505
2022-02-28,4795,0.9947862356621481,0.3960167714884696,949951576564.0,0.02002085505735141
2022-03-01,4786,0.9951943167572085,0.6548393869410035,969681208745.0,0.008775595486836606
2022-03-02,4783,0.9960275977420029,0.6381192275398825,898611271635.0,0.0056449926824168935
2022-03-03,4782,0.9966541196152238,0.7463281577843055,1011277921405.0,0.021957340025094103
2022-03-04,4792,0.996661101836394,0.6729480737018425,1007353942326.0,0.03964941569282137
2022-03-07,4791,0.9962429555416406,0.5078566939032055,1025386516905.0,0.06324358171571696
2022-03-08,4788,0.9962406015037594,0.2813417190775681,1110787396501.0,0.17815371762740184
2022-03-09,4787,0.9964487152705244,0.21174004192872117,1162494716387.0,0.05326927094213495
2022-03-10,4786,0.9964479732553281,0.2725938351855735,1079330916475.0,0.00856665273715002
2022-03-11,4790,0.9958246346555324,0.3582809224318658,1051004286559.0,0.018997912317327767
2022-03-14,4795,0.9956204379562044,0.26560536237955595,970573338139.0,0.1251303441084463
2022-03-15,4802,0.9956268221574344,0.1472495293871575,1124751023858.0,0.5972511453561016
2022-03-16,4801,0.9956259112684858,0.17447698744769874,1192907089837.0,0.007498437825453031
2022-03-17,4805,0.995213319458897,0.21183605186114596,1277198167166.0,0.006867845993756503
2022-03-18,4805,0.995213319458897,0.23588456712672523,991514220536.0,0.012903225806451613
2022-03-21,4800,0.9954166666666666,0.239430724152365,1016207494471.0,0.0025
2022-03-22,4801,0.994792751510102,0.2673785594639866,963771557596.0,0.03707560924807332
2022-03-23,4808,0.9943843594009983,0.23237816356410793,943791922362.0,0.020174708818635607
2022-03-24,4806,0.994173949230129,0.27061532021766427,920919182121.0,0.03204327923429047
2022-03-25,4810,0.993970893970894,0.23802551767412675,919090797028.0,0.04074844074844075
2022-03-28,4806,0.9939658759883478,0.23822482729746702,870874743497.0,0.03349979192675822
2022-03-29,4816,0.9933554817275747,0.20338628762541805,864360389246.0,0.029277408637873755
2022-03-30,4817,0.9931492630267802,0.2121655518394649,958676031445.0,0.0093419140543907
2022-03-31,4807,0.9925109215727065,0.22427164116537412,1009505035092.0,0.03286873309756605
2022-04-01,4812,0.9929343308395677,0.23524487233151947,936131321307.0,0.03283458021612635
2022-04-06,4810,0.9925155925155925,0.30687054880603265,966352010276.0,0.021205821205821207
2022-04-07,4802,0.9927113702623906,0.35284245856933083,923367713255.0,0.0810079133694294
2022-04-08,4809,0.9929299230609274,0.3966492146596859,926708082608.0,0.04512372634643377
2022-04-11,4809,0.9931378665003119,0.2690536013400335,963993077348.0,0.2052401746724891
2022-04-12,4820,0.9925311203319502,0.28741638795986624,916574979870.0,0.015767634854771784
2022-04-13,4814,0.9927295388450353,0.3075957313245449,873557970370.0,0.10635646032405484
2022-04-14,4820,0.9931535269709544,0.5212032588259871,870335168847.0,0.018464730290456432
2022-04-15,4815,0.9929387331256491,0.3656138883078854,911512560680.0,0.0988577362409138
2022-04-18,4811,0.9939721471627521,0.3201589293182769,778657732068.0,0.029723550197464144
2022-04-19,4820,0.9929460580912863,0.28896782281654826,779589349050.0,0.023236514522821577
2022-04-20,4817,0.9933568611168777,0.24535005224660397,820843260894.0,0.05501349387585634
2022-04-21,4831,0.9931691161250259,0.16319299708211754,856639423710.0,0.2887600910784517
2022-04-22,4822,0.9925342181667358,0.15796071876305892,753510497438.0,0.0854417254251348
2022-04-25,4836,0.9927626137303557,0.08769006456988128,897159625475.0,0.8008684863523573
2022-04-26,4827,0.9929562875492024,0.06613811808887962,839102031473.0,0.326911124922312
2022-04-27,4827,0.9933706235757199,0.08592283628779979,918159805961.0,0.041019266625233065
2022-04-28,4806,0.9931335830212235,0.08799497171590195,840959645318.0,0.13337494798168956
2022-04-29,4827,0.9925419515226849,0.10519724483406387,965690731026.0,0.013258752848560183
2022-05-05,4771,0.9924544120729407,0.12650475184794086,901261517836.0,0.012575979878432194
2022-05-06,4807,0.9925109215727065,0.10228463634458185,760072212373.0,0.04951112960266278
2022-05-09,4795,0.9931178310740355,0.11402771944561109,671793823376.0,0.009801876955161626
2022-05-10,4807,0.9931350114416476,0.1579388353581902,847166786414.0,0.01040149781568546
2022-05-11,4806,0.9931335830212235,0.16991410014665828,1078665483633.0,0.013940907199334166
2022-05-12,4809,0.9937616968184654,0.24775057543419127,821601790373.0,0.017883135787065917
2022-05-13,4803,0.9941703102227775,0.22701570680628272,757799522724.0,0.016864459712679577
2022-05-16,4802,0.9941690962099126,0.26853791369920404,786750417240.0,0.018117451062057477
2022-05-17,4808,0.9943843594009983,0.24911106463083038,790601452633.0,0.03431780366056572
2022-05-18,4807,0.9941751612232161,0.3080142289181837,770889054420.0,0.011441647597254004
2022-05-19,4797,0.9952053366687513,0.31043150397989105,806996744559.0,0.005628517823639775
2022-05-20,4808,0.995216306156406,0.33458725182863114,920856447058.0,0.005615640599001664
2022-05-23,4815,0.9954309449636553,0.40976423951596075,859787006621.0,0.009138110072689512
2022-05-24,4813,0.9962601288177851,0.3983315954118874,990978663349.0,0.3924787035113235
2022-05-25,4810,0.996049896049896,0.511792945105406,762382668013.0,0.008316008316008316
2022-05-26,4820,0.995850622406639,0.824375,823163965170.0,0.01784232365145228
2022-05-27,4819,0.9958497613612782,0.8962283809126902,816005854991.0,0.014733347167462128
2022-05-30,4821,0.9962663347853142,0.8809077659795961,811338292007.0,0.012860402406139806
2022-05-31,4829,0.9968937668254297,0.921271292064811,935437571592.0,0.012217850486643197
2022-06-01,4828,0.9971002485501242,0.8803489821354383,885421928602.0,0.01284175642087821
2022-06-02,4831,0.9973090457462224,0.8640514736405147,891889229154.0,0.015731732560546472
2022-06-06,4844,0.9958711808422791,0.9058872305140961,1113105128044.0,0.011973575557390587
2022-06-07,4846,0.9958728848534875,0.8769167012018234,1039365436784.0,0.03054065208419315
2022-06-08,4852,0.9952596867271228,0.8395112859805343,1101592685457.0,0.013808738664468261
2022-06-09,4853,0.9954667216154955,0.7971434485613744,977311180990.0,0.06902946630949928
2022-06-10,4855,0.9954685890834192,0.8048830953858886,1050800510607.0,0.004531410916580845
2022-06-13,4858,0.9952655413750514,0.7714581178903827,1091241345628.0,0.011733223548785508
2022-06-14,4849,0.9954629820581563,0.7600994406463643,1099930541444.0,0.015260878531656011
2022-06-15,4855,0.995880535530381,0.7851085832471562,1299098358723.0,0.02059732234809475
2022-06-16,4850,0.9958762886597938,0.798343685300207,1081017062906.0,0.015257731958762887
2022-06-17,4851,0.9960832817975676,0.7742135761589404,1093696482176.0,0.008864151721294579
2022-06-20,4854,0.9962917181705809,0.7739867659222498,1164848865242.0,0.018129377832715288
2022-06-21,4853,0.996703070265815,0.7229687823030804,1080359227429.0,0.02761178652379971
2022-06-22,4851,0.9956709956709957,0.8124223602484472,996751465083.0,0.026180169037311893
2022-06-23,4839,0.9960735689191982,0.7860995850622406,1076219970070.0,0.0051663566852655505
2022-06-24,4849,0.995669210146422,0.7918392709196355,1160803882103.0,0.009486492060218602
2022-06-27,4834,0.9956557716177079,0.8044878454186578,1229253717515.0,0.008688456764584195
2022-06-28,4837,0.9958652057060161,0.8241644176873573,1222256898344.0,0.008476328302666942
2022-06-29,4830,0.9952380952380953,0.7593093405450385,1316793977273.0,0.1298136645962733
2022-06-30,4825,0.9944041450777202,0.7507294706127553,1160110686937.0,0.010984455958549223
2022-07-01,4829,0.9950300269206875,0.7100936524453694,1051560592076.0,0.029405674052598883
2022-07-04,4819,0.99522722556547,0.6632610508757297,1130896910046.0,0.01867607387424777
2022-07-05,4823,0.9954385237404105,0.6434076234117893,1181422901655.0,0.02425876010781671
2022-07-06,4827,0.9954423037083074,0.5918834547346514,1086912724944.0,0.03356121814791796
2022-07-07,4829,0.9952371091323255,0.7016229712858927,1053265479066.0,0.011596603851729136
2022-07-08,4831,0.9946180914924446,0.6532778355879293,1029651764312.0,0.02587456013247775
2022-07-11,4829,0.9946158624974115,0.6017072662919009,1009032756132.0,0.03416856492027335
2022-07-12,4831,0.9944110950113848,0.5097835137385512,977065491625.0,0.06044297246946802
2022-07-13,4832,0.9942052980132451,0.5655703580349709,942589466453.0,0.00869205298013245
2022-07-14,4839,0.994007026245092,0.5428274428274428,1028094835973.0,0.019012192601777226
2022-07-15,4838,0.9937990905332782,0.4349001663893511,1088108146370.0,0.07957833815626292
2022-07-18,4844,0.9940132122213047,0.4996884735202492,1021812558146.0,0.005573905862923204
2022-07-19,4847,0.9946358572312771,0.5764364239784278,997174137160.0,0.010521972354033423
2022-07-20,4845,0.9946336429308565,0.6876945424361901,952942481338.0,0.007430340557275541
2022-07-21,4842,0.9954564229657167,0.5950207468879668,1018694062753.0,0.019413465510119784
2022-07-22,4845,0.9952528379772961,0.5192866030692659,941773095220.0,0.014035087719298246
2022-07-25,4840,0.9946280991735538,0.44640631491483174,862399407640.0,0.04524793388429752
2022-07-26,4849,0.9948442977933595,0.41459369817578773,834654179021.0,0.005980614559703032
2022-07-27,4844,0.9950454170107349,0.562448132780083,868813136928.0,0.00495458298926507
2022-07-28,4847,0.9952547967815143,0.5677860696517413,1007835169294.0,0.006395708685785022
2022-07-29,4850,0.9946391752577319,0.5379353233830846,1014944616784.0,0.0222680412371134
2022-08-01,4855,0.9948506694129763,0.5383022774327122,994148154730.0,0.010504634397528322
2022-08-02,4859,0.9948549084173698,0.39697972693421596,1181453108960.0,0.3525416752418193
2022-08-03,4861,0.995062744291298,0.426917510853835,1115501696361.0,0.038469450730302404
2022-08-04,4861,0.9954741822670232,0.4595990907212234,899594042188.0,0.01563464307755606
2022-08-05,4865,0.994655704008222,0.5073362264930771,995731923595.0,0.018499486125385406
2022-08-08,4870,0.9942505133470226,0.5726972325485337,953352131115.0,0.00595482546201232
2022-08-09,4869,0.9942493325118094,0.6230117744267714,953516979909.0,0.0073937153419593345
2022-08-10,4869,0.9938385705483672,0.5945443273403596,967186337111.0,0.007599096323680428
2022-08-11,4873,0.9942540529447979,0.6458204334365325,1067473925021.0,0.01210753129489021
2022-08-12,4876,0.9938474159146842,0.7340074288072638,1000171098206.0,0.038351107465135356
2022-08-15,4871,0.9934305070827345,0.6480677825997107,976978535925.0,0.009443646068569083
2022-08-16,4879,0.9930313588850174,0.6309597523219814,1020898542419.0,0.00471408075425292
2022-08-17,4881,0.9926244622003688,0.6041279669762641,1075140156009.0,0.013316943249334154
2022-08-18,4885,0.9918116683725691,0.6055727554179566,1054620958283.0,0.008393039918116683
2022-08-19,4889,0.991818367764369,0.5797071561146628,1120687173940.0,0.08202086316220086
2022-08-22,4891,0.991821713351053,0.6485260770975056,1027172096829.0,0.020241259456143936
2022-08-23,4888,0.9920212765957447,0.601361105382553,1002628217989.0,0.009206219312602291
2022-08-24,4893,0.9922338033926017,0.41585993820803296,1126457359721.0,0.20273860617208256
2022-08-25,4895,0.9916241062308478,0.36979810465595386,986694481297.0,0.051685393258426963
2022-08-26,4895,0.9920326864147089,0.38632619439868204,929443610331.0,0.04637385086823289
2022-08-29,4901,0.9920424403183024,0.4072398190045249,845995396714.0,0.016731279330748826
2022-08-30,4902,0.9918400652794778,0.6262854792266557,838672337738.0,0.03733170134638923
2022-08-31,4908,0.9908312958435208,0.531359243265474,1002444293089.0,0.1780766096169519
2022-09-01,4909,0.9922591159095538,0.4395401354957914,795078168397.0,0.024241189651660215
2022-09-02,4911,0.9922622683771126,0.4329981530884465,746972118136.0,0.009773976786805132
2022-09-05,4912,0.9922638436482085,0.40008206811653674,769893429221.0,0.014861563517915309
2022-09-06,4916,0.9924735557363711,0.4429186308669809,869280222699.0,0.0024410089503661514
2022-09-07,4915,0.9930824008138353,0.43331284572833434,872167427931.0,0.007527975584944049
2022-09-08,4922,0.9924827305973182,0.3451381780962129,788471096866.0,0.02336448598130841
2022-09-09,4922,0.9920763917106867,0.35121851320909275,779733641829.0,0.02072328321820398
2022-09-13,4926,0.9916768168899716,0.3506653019447288,771535232939.0,0.011165245635403978
2022-09-14,4924,0.9922826969943136,0.2957429390094147,722927276108.0,0.0119821283509342
2022-09-15,4919,0.9930880260215491,0.22538382804503582,919445556910.0,0.12563529172596055
2022-09-16,4923,0.9939061547836685,0.16963008379317393,800295280743.0,0.08836075563680683
2022-09-19,4925,0.9930964467005076,0.1557963606624412,666309190993.0,0.047715736040609136
2022-09-20,4927,0.9930992490359245,0.16145513999591252,651841441337.0,0.004059265272985589
2022-09-21,4932,0.9922952149229521,0.1718430731507969,638277042604.0,0.012773722627737226
2022-09-22,4931,0.9926992496451024,0.21634320735444332,640049381230.0,0.008720340701683229
2022-09-23,4932,0.9929034874290349,0.16520318562385133,668559803084.0,0.06853203568532036
2022-09-26,4938,0.992507087889834,0.13527851458885942,668250496848.0,0.06318347509113001
2022-09-27,4942,0.9919061108862809,0.15626274989800082,666947103534.0,0.005058680696074464
2022-09-28,4944,0.9925161812297735,0.12166293050743836,648686732010.0,0.12034789644012946
2022-09-29,4945,0.9917087967644085,0.1486541598694943,625847163454.0,0.029524772497472193
2022-09-30,4946,0.9919126566922766,0.1286180187525479,561670817211.0,0.06955115244642135
2022-10-10,4948,0.9921180274858529,0.10226115298431453,628678094676.0,0.08468067906224737
2022-10-11,4949,0.9917154980804203,0.0975957620211899,564410079532.0,0.014952515659729238
2022-10-12,4950,0.9913131313131314,0.10597106174852251,710775922927.0,0.0052525252525252525
2022-10-13,4955,0.991523713420787,0.11886830856910238,729032922365.0,0.009081735620585268
2022-10-14,4959,0.9923371647509579,0.1806543385490754,861819329792.0,0.004234724742891712
2022-10-17,4956,0.9927360774818402,0.21646341463414634,808278873267.0,0.007062146892655367
2022-10-18,4961,0.9923402539810522,0.2246597603087548,795035338911.0,0.006248740173352147
2022-10-19,4966,0.9919452275473218,0.2226958993097848,759420863051.0,0.018123238018525976
2022-10-20,4963,0.9919403586540398,0.3026609790777981,797223110394.0,0.025790852307072336
2022-10-21,4965,0.9929506545820745,0.42251521298174444,713349128782.0,0.017522658610271902
2022-10-24,4965,0.9929506545820745,0.4332657200811359,881664897887.0,0.042698892245720044
2022-10-25,4965,0.9931520644511581,0.34435205840600286,803437016432.0,0.038066465256797584
2022-10-26,4969,0.9925538337693701,0.42072181670721814,914949911933.0,0.00965989132622258
2022-10-27,4969,0.9929563292412961,0.4286582894203486,924656797336.0,0.0448782451197424
2022-10-28,4974,0.9931644551668677,0.35688259109311743,910599561947.0,0.26115802171290714
2022-10-31,4974,0.9931644551668677,0.4931174089068826,883742072585.0,0.03498190591073583
2022-11-01,4978,0.9931699477701889,0.5064724919093851,978080619974.0,0.00562474889513861
2022-11-02,4976,0.9935691318327974,0.6646440129449838,1053006360800.0,0.005426045016077171
2022-11-03,4977,0.9943741209563994,0.71004243281471,887204022650.0,0.011452682338758288
2022-11-04,4980,0.994578313253012,0.800524934383202,1081342223720.0,0.003815261044176707
2022-11-07,4983,0.9945815773630343,0.8642050040355125,1007127127582.0,0.01043548063415613
2022-11-08,4979,0.9947780678851175,0.8501918029477085,836351134837.0,0.006226149829282989
2022-11-09,4983,0.9949829420028096,0.8059701492537313,779451627364.0,0.008428657435279952
2022-11-10,4986,0.9947853991175291,0.7774193548387097,843504084359.0,0.02547131969514641
2022-11-11,4992,0.9945913461538461,0.7313192346424975,1223843953907.0,0.018830128205128204
2022-11-14,4990,0.9947895791583167,0.6396051571313457,1067793553852.0,0.02965931863727455
2022-11-15,4993,0.9955938313639094,0.723798028565681,1059084072932.0,0.004205888243540957
2022-11-16,4995,0.9947947947947948,0.7496478164620648,943224952183.0,0.01701701701701702
2022-11-17,4994,0.9947937525030036,0.7743558776167472,913479634941.0,0.007408890668802563
2022-11-18,5000,0.9942,0.7356668678334339,979560826754.0,0.0214
2022-11-21,5002,0.9946021591363454,0.7981909547738694,850455350846.0,0.012594962015193922
2022-11-22,5004,0.9950039968025579,0.7628037758586061,885313235122.0,0.04876099120703437
2022-11-23,5002,0.9950019992003198,0.6670685151697809,831113147570.0,0.036585365853658534
2022-11-24,5006,0.9952057530962845,0.7011240465676435,748664020683.0,0.009388733519776269
2022-11-25,5008,0.9956070287539937,0.8108704372242278,740448010308.0,0.03214856230031949
2022-11-28,5009,0.9962068277101218,0.7276553106212424,758915454624.0,0.010980235575963266
2022-11-29,5014,0.9962106102911846,0.6920920920920921,968553916809.0,0.006382130035899481
2022-11-30,5015,0.9958125623130608,0.6355626752102523,931718860678.0,0.010767696909272184
2022-12-01,5019,0.9954174138274556,0.6617293835068054,1058848562845.0,0.012153815501095835
2022-12-02,5020,0.995418326693227,0.6171703021813087,865037035160.0,0.009362549800796812
2022-12-05,5017,0.9956149093083516,0.6202202202202203,1055577173362.0,0.015746462029101058
2022-12-06,5018,0.9960143483459546,0.592436974789916,998553696464.0,0.019330410522120367
2022-12-07,5019,0.9962143853357243,0.5932,949332788108.0,0.007571229328551504
2022-12-08,5023,0.9958192315349392,0.5955617752898841,870353958735.0,0.014732231734023491
2022-12-09,5027,0.9956236323851203,0.5648351648351648,1009566809797.0,0.01472050925004973
2022-12-12,5031,0.9952295766249255,0.5350509286998203,910353532486.0,0.016100178890876567
2022-12-13,5032,0.9960254372019078,0.4311652035115722,816909851969.0,0.022655007949125595
2022-12-14,5034,0.9960270162892332,0.4122457120063821,811245839099.0,0.027612236789829162
2022-12-15,5037,0.99622791344054,0.40115583897967316,766729295354.0,0.01171332142148104
2022-12-16,5041,0.9960325332275343,0.38936466839275047,761816154323.0,0.03292997421146598
2022-12-19,5038,0.9964271536323938,0.2810756972111554,757143389042.0,0.07542675664946408
2022-12-20,5039,0.9964278626711649,0.2818163712407887,640093733106.0,0.030760071442746575
2022-12-21,5036,0.9964257347100873,0.28597050617776004,575181840122.0,0.019459888800635424
2022-12-22,5045,0.996432111000991,0.2339367415953849,657928228643.0,0.03429137760158573
2022-12-23,5051,0.9958424074440705,0.22564612326043737,585655756954.0,0.03187487626212631
2022-12-26,5050,0.9954455445544554,0.26994231151780385,624632210934.0,0.005346534653465347
2022-12-27,5056,0.9954509493670886,0.23922114047287898,669042240684.0,0.016020569620253163
2022-12-28,5055,0.9948565776458952,0.20898787035195865,651135496270.0,0.016023738872403562
2022-12-29,5060,0.9950592885375494,0.17120158887785503,615075262763.0,0.01541501976284585
2022-12-30,5063,0.9946671933636184,0.18228752978554408,604395481514.0,0.0075054315623148335
2023-01-03,5062,0.9946661398656658,0.205759682224429,789094418020.0,0.004148557882259977
2023-01-04,5064,0.9946682464454977,0.23863410760373238,783944302349.0,0.01066350710900474
2023-01-05,5064,0.995260663507109,0.2571428571428571,842939777635.0,0.00631911532385466
2023-01-06,5064,0.9954581358609794,0.2612576869668716,838258756282.0,0.014612954186413903
2023-01-09,5061,0.995850622406639,0.30337301587301585,807320911956.0,0.0043469670025686625
2023-01-10,5065,0.9958538993089833,0.31304520222045995,747310051013.0,0.0029615004935834156
2023-01-11,5066,0.9956573233320174,0.30194290245836636,741920337544.0,0.016186340307935254
2023-01-12,5062,0.9962465428684314,0.3160816974023399,681494142597.0,0.00869221651521138
2023-01-13,5063,0.9966423069326487,0.3095521204914784,702444502716.0,0.007900454276120877
2023-01-16,5064,0.9966429699842022,0.4555181295819299,917243704302.0,0.008096366508688783
2023-01-17,5062,0.9966416436191229,0.6061446977205154,707291184365.0,0.008494666139865666
2023-01-18,5064,0.9966429699842022,0.6562314246086784,636081320314.0,0.008096366508688783
2023-01-19,5065,0.9966436327739387,0.7325673534072901,687200318426.0,0.010463968410661401
2023-01-20,5066,0.9970390840900119,0.8269649574341714,749346698949.0,0.005921831819976312
2023-01-30,5066,0.9972364784840111,0.8727236737925574,1062543856445.0,0.006514015001973944
2023-01-31,5065,0.9974333662388943,0.8628266033254157,902273816859.0,0.01618953603158934
2023-02-01,5067,0.9978290901914347,0.8854825949367089,1006530768045.0,0.003749753305703572
2023-02-02,5071,0.9978308026030369,0.9023715415019763,1025667919732.0,0.011043186748175901
2023-02-03,5068,0.9984214680347278,0.9031620553359684,915561909406.0,0.004340962904498816
2023-02-06,5070,0.998422090729783,0.8751481627815093,875450258257.0,0.01242603550295858
2023-02-07,5072,0.998422712933754,0.8532780410742496,846308554404.0,0.007294952681388012
2023-02-08,5072,0.9980283911671924,0.8225997629395496,805455058031.0,0.013801261829652996
2023-02-09,5076,0.997832939322301,0.8444225074037512,901863984843.0,0.003940110323089046
2023-02-10,5077,0.9976363994484932,0.8600197433366239,893771624840.0,0.011227102619657278
2023-02-13,5078,0.9976368649074439,0.8770232925384919,982610464790.0,0.0019692792437967705
2023-02-14,5078,0.9976368649074439,0.8821555467824713,922774182549.0,0.009846396218983852
2023-02-15,5079,0.997637330183107,0.8847444247089007,942674831004.0,0.002362669816893089
2023-02-16,5084,0.9970495672698663,0.8404024462418623,1197468656368.0,0.06667977970102282
2023-02-17,5086,0.9968541093197011,0.8045364891518738,917605423175.0,0.03303185214313802
2023-02-20,5089,0.9966594615838082,0.8113170347003155,952848166159.0,0.006288072312831598
2023-02-21,5090,0.9966601178781925,0.8253498915828898,925304867883.0,0.0056974459724950886
2023-02-22,5092,0.9968578161822467,0.8181639085894405,786049325514.0,0.0027494108405341712
2023-02-23,5092,0.9968578161822467,0.795311268715524,810652628990.0,0.01178318931657502
2023-02-24,5091,0.9970536240424278,0.7419227738376675,728413480058.0,0.006678452170496956
2023-02-27,5091,0.9970536240424278,0.6207643814026793,755852647821.0,0.012178353957965037
2023-02-28,5093,0.9972511290005891,0.6410710769836582,759693689847.0,0.0027488709994109564
2023-03-01,5095,0.9968596663395486,0.5999212443394369,922280705108.0,0.002944062806673209
2023-03-02,5097,0.9968608985677849,0.568785672111789,936944028999.0,0.014714537963507945
2023-03-03,5098,0.9964692036092585,0.5807086614173228,872178895281.0,0.006669282071400549
2023-03-06,5099,0.9962737791723868,0.5919291338582677,955674073877.0,0.005687389684251814
2023-03-07,5100,0.9964705882352941,0.3917748917748918,936328903877.0,0.029215686274509805
2023-03-08,5101,0.9966673201333072,0.4846577498033045,722624655799.0,0.0015683199372672025
2023-03-09,5102,0.9964719717757742,0.42564909520062943,759406644774.0,0.00431203449627597
2023-03-10,5104,0.9962774294670846,0.3351032448377581,815322968424.0,0.021355799373040753
2023-03-13,5109,0.99608533959679,0.297504421300845,842410795516.0,0.006654922685457036
2023-03-14,5111,0.9960868714537272,0.2508348065213121,934931813920.0,0.015456857757777344
2023-03-15,5114,0.9964802502933124,0.2717817896389325,820459369140.0,0.007235041063746578
2023-03-16,5114,0.9964802502933124,0.3008241758241758,848035377159.0,0.027571372702385608
2023-03-17,5115,0.9964809384164223,0.35687659407494604,975085024291.0,0.006842619745845552
2023-03-20,5115,0.9962854349951125,0.29532967032967034,1059206270599.0,0.02541544477028348
2023-03-21,5118,0.9960922235248144,0.3332679482149863,896081038810.0,0.0062524423602969914
2023-03-22,5117,0.9960914598397499,0.3606042770257014,960395404061.0,0.0080125073285128
2023-03-23,5120,0.99609375,0.3635294117647059,1023729008994.0,0.0078125
2023-03-24,5121,0.9962897871509471,0.38318306546452374,1078296626873.0,0.011130638547158758
2023-03-27,5123,0.9960960374780402,0.4081912600431119,1143618725596.0,0.009759906304899472
2023-03-28,5124,0.9962919594067136,0.33809990205680707,1007156169246.0,0.03493364558938329
2023-03-29,5127,0.9957089916130291,0.28462291870714984,983552889260.0,0.013263116832455627
2023-03-30,5127,0.9960990832845719,0.2772664969649501,946189346888.0,0.02145504193485469
2023-03-31,5127,0.9960990832845719,0.3127080477775602,954616652366.0,0.00838697093817047
2023-04-03,5129,0.996100604406317,0.33392053239381486,1254801712629.0,0.006434002729576916
2023-04-04,5134,0.9955200623295676,0.3903345724907063,1327651530358.0,0.025321386832878847
2023-04-06,5134,0.9959096221269965,0.3512614903187952,1195644290805.0,0.02045188936501753
2023-04-07,5133,0.9959088252483927,0.38184663536776214,1055727604322.0,0.00487044613286577
2023-04-10,5143,0.9943612677425627,0.3992960500586625,1227191469400.0,0.06610927474236827
2023-04-11,5144,0.9943623639191291,0.39022482893450633,1084468341691.0,0.00933125972006221
2023-04-12,5143,0.9945557067859226,0.4744868035190616,1133177936126.0,0.0060276103441571065
2023-04-13,5145,0.9947521865889213,0.4110980851895272,1138309278239.0,0.02779397473275024
2023-04-14,5143,0.9949445848726425,0.5096736368966192,1116225350611.0,0.011277464514874587
2023-04-17,5145,0.9949465500485909,0.5018558312170346,1122232254418.0,0.03304178814382896
2023-04-18,5152,0.9945652173913043,0.499024199843872,1061480533127.0,0.019409937888198756
2023-04-19,5152,0.9943711180124224,0.3946906109701347,1084267246662.0,0.011451863354037268
2023-04-20,5155,0.9941804073714839,0.3473170731707317,1140493182533.0,0.023860329776915615
2023-04-21,5154,0.9939852541715173,0.258637517079836,1220066073916.0,0.1713232440822662
2023-04-24,5155,0.9937924345295829,0.24731602576615264,1085474479992.0,0.0481086323957323
2023-04-25,5156,0.9937936384794415,0.2152615144418423,1135982258118.0,0.11055081458494957
2023-04-26,5148,0.9943667443667443,0.2445790193397148,1125352204715.0,0.05380730380730381
2023-04-27,5144,0.9943623639191291,0.27253176930596285,1047630935104.0,0.048989113530326596
2023-04-28,5131,0.9945429740791268,0.32647462277091904,1119510443180.0,0.022022997466380822
2023-05-04,5095,0.9947006869479882,0.3316890292028414,1174271848179.0,0.04200196270853778
2023-05-05,5135,0.9951314508276533,0.30430528375733856,1075390909999.0,0.03836416747809153
2023-05-08,5136,0.9949376947040498,0.35831702544031313,1141189002211.0,0.01732866043613707
2023-05-09,5134,0.9949357226334242,0.3212607674236492,1226627410132.0,0.05570705103233346
2023-05-10,5136,0.9964953271028038,0.3042203985932005,1022753378359.0,0.017718068535825544
2023-05-11,5139,0.9963027826425375,0.360546875,898145877569.0,0.01576182136602452
2023-05-12,5142,0.9959159859976663,0.33821519234524505,850448770512.0,0.031116297160637883
2023-05-15,5143,0.995916780089442,0.3492776259273721,940442275786.0,0.016138440598872254
2023-05-16,5148,0.9955322455322455,0.33346341463414636,868184283317.0,0.03768453768453769
2023-05-17,5151,0.9957289846631722,0.35270033144862545,783445025491.0,0.009318578916715201
2023-05-18,5154,0.9961195188203337,0.34962991819244255,882972981338.0,0.005044625533566162
2023-05-19,5157,0.9957339538491371,0.37254138266796494,850420329011.0,0.013767694395966647
2023-05-22,5158,0.9955409073284218,0.42181110029211294,797791017240.0,0.013183404420317953
2023-05-23,5160,0.9953488372093023,0.42095015576323985,768248661549.0,0.021705426356589147
2023-05-24,5162,0.995350639287098,0.5134293499416115,804886686303.0,0.007167764432390546
2023-05-25,5163,0.9953515398024404,0.5300642148277875,859221144842.0,0.01568855316676351
2023-05-26,5163,0.9951578539608754,0.6401323472168159,823560762289.0,0.01936858415649816
2023-05-29,5159,0.9951540996317115,0.5823918971562135,923256885734.0,0.019189765458422176
2023-05-30,5161,0.9949622166246851,0.5951314508276534,935463549667.0,0.011431893043983725
2023-05-31,5164,0.9949651432997676,0.4867652783184118,940869530597.0,0.012393493415956624
2023-06-01,5166,0.9949670925280681,0.4636186770428016,988874412761.0,0.015873015873015872
2023-06-02,5168,0.9949690402476781,0.5443407234539089,942515483480.0,0.01431888544891641
2023-06-05,5168,0.9949690402476781,0.5248930377285103,875270349750.0,0.0075464396284829725
2023-06-06,5169,0.9949700135422712,0.4913474625704842,939566792036.0,0.04604372218997872
2023-06-07,5169,0.9951634745598762,0.4661741835147745,816107809503.0,0.006964596633778294
2023-06-08,5171,0.9951653451943531,0.4047804119704625,861343975974.0,0.028040997872751886
2023-06-09,5175,0.9945893719806763,0.4692053623469983,991228976537.0,0.011014492753623189
2023-06-12,5177,0.9947846242997875,0.45980582524271846,966924582743.0,0.012748696156074947
2023-06-13,5177,0.9949777863627584,0.5117452921762764,943900059707.0,0.006374348078037473
2023-06-14,5175,0.9951690821256038,0.46621359223300973,1002135847595.0,0.009082125603864734
2023-06-15,5178,0.9955581305523368,0.4760426770126091,1074067784632.0,0.015643105446118192
2023-06-16,5176,0.9957496136012365,0.4961195188203337,1070214580024.0,0.005023183925811438
2023-06-19,5182,0.995754534928599,0.4428294573643411,1108796291585.0,0.008104978772674644
2023-06-20,5184,0.9957561728395061,0.46106160402944596,1092479260254.0,0.014853395061728395
2023-06-21,5189,0.9951821160146463,0.413439194422928,1024484407988.0,0.06860666795143573
2023-06-26,5189,0.9953748313740605,0.33475314617618585,979776338513.0,0.0961649643476585
2023-06-27,5192,0.9946070878274268,0.41169635941130905,842859286116.0,0.006741140215716487
2023-06-28,5198,0.9942285494420932,0.4311145510835913,890361046058.0,0.026741054251635244
2023-06-29,5200,0.9938461538461538,0.46536377708978327,868763874504.0,0.0055769230769230765
2023-06-30,5205,0.9936599423631124,0.5661252900232019,921846501768.0,0.006340057636887608
2023-07-03,5206,0.9936611601997695,0.5952058766673111,1027059911264.0,0.01863234729158663
2023-07-04,5207,0.9936623775686576,0.5624275222265172,931576226973.0,0.0042250816208949495
2023-07-05,5208,0.9940476190476191,0.516708518446977,870572733932.0,0.01555299539170507
2023-07-06,5206,0.9940453323088744,0.6289855072463768,822049824449.0,0.006723011909335382
2023-07-07,5209,0.9938567863313496,0.5978365848947267,801914501309.0,0.016317911307352658
2023-07-10,5210,0.9940499040307101,0.6140181502220506,763443385526.0,0.016698656429942418
2023-07-11,5209,0.9942407371856402,0.6431743579841668,774980382556.0,0.007295066231522365
2023-07-12,5212,0.9934765924788949,0.5639242950946312,913591270064.0,0.03491941673062164
2023-07-13,5211,0.9934753406255997,0.6183117635696349,922336308768.0,0.00978698906160046
2023-07-14,5212,0.9936684574059862,0.6026259895732767,925288043221.0,0.013814274750575594
2023-07-17,5215,0.9934803451581975,0.5701602007334492,804433776807.0,0.018983700862895494
2023-07-18,5215,0.9938638542665388,0.5464016978583832,779234320253.0,0.012655800575263663
2023-07-19,5220,0.9934865900383142,0.5591978403393753,704054798354.0,0.007854406130268199
2023-07-20,5223,0.9936817920735209,0.5329479768786127,788073038295.0,0.033122726402450696
2023-07-21,5223,0.993490331227264,0.5752553478512238,712762065613.0,0.027378901014742486
2023-07-24,5224,0.9938744257274119,0.6350154083204931,660297110074.0,0.013016845329249618
2023-07-25,5227,0.9940692557872585,0.6424172440338722,949516234304.0,0.0028697149416491295
2023-07-26,5231,0.9936914547887593,0.6210080800307811,793584724263.0,0.018925635633722043
2023-07-27,5231,0.9940737908621678,0.5453846153846154,784888554465.0,0.017396291340087938
2023-07-28,5233,0.9940760557997325,0.5259515570934256,954135807938.0,0.009936938658513281
2023-07-31,5233,0.9942671507739347,0.5344993273111667,1109482235537.0,0.012230078348939423
2023-08-01,5234,0.9940771876194116,0.49375360369017873,960043092695.0,0.018723729461215134
2023-08-02,5233,0.9940760557997325,0.4955786236063053,838862756713.0,0.007834893942289319
2023-08-03,5236,0.9940794499618029,0.5000960614793468,834940542920.0,0.00783040488922842
2023-08-04,5237,0.9942715295016231,0.5096984828115998,1051300148898.0,0.005537521481764369
2023-08-07,5238,0.9940817105765559,0.46226233915882464,891947676698.0,0.019663993890798013
2023-08-08,5240,0.9944656488549618,0.4290923047399731,800380600147.0,0.012786259541984733
2023-08-09,5244,0.9940884820747521,0.44676769614425477,738254194329.0,0.016018306636155607
2023-08-10,5247,0.9942824471126358,0.4101974314740272,695776760984.0,0.008576329331046312
2023-08-11,5248,0.9944740853658537,0.3226671776202338,764754429642.0,0.021150914634146343
2023-08-14,5247,0.9946636173051268,0.34144472121096,743079090158.0,0.010291595197255575
2023-08-15,5249,0.9948561630786816,0.3117579471466871,707465228792.0,0.014669460849685654
2023-08-16,5252,0.9948591012947449,0.27923444976076556,705704029533.0,0.0178979436405179
2023-08-17,5254,0.9946707270650933,0.3668197474167623,741507663402.0,0.003616292348686715
2023-08-18,5257,0.9944835457485258,0.30642693190512627,746087367446.0,0.0389956248811109
2023-08-21,5257,0.9946737683089214,0.27404857525339454,679325026026.0,0.019212478599961957
2023-08-22,5258,0.99505515405097,0.19399847094801223,819696375230.0,0.02320273868391023
2023-08-23,5262,0.9946788293424553,0.1568589988536492,708210359414.0,0.04427974154313949
2023-08-24,5262,0.9948688711516533,0.166189111747851,787509240202.0,0.029456480425693654
2023-08-25,5263,0.9946798403952118,0.10792741165234002,767972208826.0,0.09215276458293749
2023-08-28,5264,0.994870820668693,0.10292151995417223,1128424474221.0,0.01918693009118541
2023-08-29,5263,0.9948698460953829,0.20817417876241406,1039121412277.0,0.0036101083032490976
2023-08-30,5265,0.9950617283950617,0.2538652414582936,985762335113.0,0.018233618233618232
2023-08-31,5265,0.9952516619183286,0.2639312977099237,829844925863.0,0.020892687559354226
2023-09-01,5266,0.9950626661602735,0.2639312977099237,747382494859.0,0.015001898974553741
2023-09-04,5265,0.9954415954415955,0.3701583667239077,888506858293.0,0.005128205128205128
2023-09-05,5268,0.9958238420653,0.34902783072817384,806124026249.0,0.019552012148823083
2023-09-06,5269,0.9958246346555324,0.4259576901086335,773076844060.0,0.007591573353577529
2023-09-07,5270,0.9960151802656546,0.3063440655362926,768627227349.0,0.0316888045540797
2023-09-08,5271,0.9958262189337886,0.4156982282339493,683284312650.0,0.01346992980459116
2023-09-11,5272,0.9958270106221547,0.44742857142857145,842346098320.0,0.01251896813353566
2023-09-12,5273,0.9962070927365826,0.4770607272035028,709448036040.0,0.008913332069030912
2023-09-13,5273,0.9967760288260952,0.4600456621004566,699391026855.0,0.017447373411720084
2023-09-14,5274,0.9969662495259765,0.33453784709014833,666884172423.0,0.020288206295032234
2023-09-15,5275,0.9969668246445498,0.420041833048108,722637386330.0,0.012132701421800948
2023-09-18,5276,0.9971569370735406,0.5202432997528987,699509536911.0,0.011561789234268385
2023-09-19,5276,0.9977255496588324,0.45725683890577506,636024344634.0,0.012509476876421531
2023-09-20,5278,0.9975369458128078,0.5171889838556505,574160814663.0,0.012504736642667677
2023-09-21,5279,0.99753741238871,0.4724648689707558,579872251942.0,0.008145482098882365
2023-09-22,5280,0.9977272727272727,0.7046317388003037,766621095331.0,0.004734848484848485
2023-09-25,5281,0.9973489869342927,0.6107841275868616,718914213608.0,0.00946790380609733
2023-09-26,5282,0.9973494888299886,0.3697798025816249,666712088798.0,0.011737978038621734
2023-09-27,5282,0.9973494888299886,0.33788914198936976,717496284109.0,0.00946611132146914
2023-09-28,5282,0.9971601666035592,0.45054110499335487,718246636715.0,0.00605831124574025
2023-10-09,5282,0.9971601666035592,0.37079931649895576,770970944354.0,0.024233244982961
2023-10-10,5285,0.9971617786187322,0.274573055028463,776085020485.0,0.01456953642384106
2023-10-11,5284,0.9971612414837244,0.30954640349212376,840103301195.0,0.008894776684330053
2023-10-12,5285,0.9973509933774835,0.29823562891291977,833242986306.0,0.006622516556291391
2023-10-13,5286,0.9975406734771094,0.35349895695050254,809862265451.0,0.009458948164964056
2023-10-16,5286,0.9979190314037079,0.31412322274881516,814245201385.0,0.02194475974271661
2023-10-17,5288,0.9975416036308623,0.268436018957346,736394168351.0,0.020612708018154312
2023-10-18,5287,0.9975411386419519,0.2011755783086841,767561615196.0,0.02572347266881029
2023-10-19,5290,0.9975425330812855,0.21262080727686186,813602910573.0,0.035349716446124765
2023-10-20,5291,0.9977319977319977,0.19189240386436826,732443959169.0,0.03987903987903988
2023-10-23,5292,0.9975434618291761,0.13373745027467324,723033481770.0,0.06840513983371126
2023-10-24,5291,0.9973539973539973,0.16505590297517528,805316092861.0,0.007371007371007371
2023-10-25,5293,0.9977328547137729,0.25373982200340844,874915795086.0,0.009635367466465143
2023-10-26,5293,0.9979217834876252,0.29685725104127225,843399632963.0,0.015681088229737388
2023-10-27,5294,0.9977332829618436,0.418402120408936,966416850204.0,0.016244805440120892
2023-10-30,5294,0.9979221760483566,0.3861442362294151,1039617369274.0,0.016433698526633924
2023-10-31,5297,0.9977345667358882,0.41324503311258276,919607362027.0,0.02567491032659996
2023-11-01,5300,0.9975471698113207,0.4666162284849631,813768194938.0,0.010377358490566037
2023-11-02,5300,0.9979245283018868,0.3910001890716582,768637547527.0,0.018867924528301886
2023-11-03,5302,0.997736703130894,0.3899810964083176,811378082204.0,0.003960769520935496
2023-11-06,5296,0.9979229607250756,0.5547776726584673,1066239173046.0,0.0011329305135951663
2023-11-07,5299,0.9979241366295527,0.594553706505295,995242132639.0,0.0007548594074353652
2023-11-08,5302,0.9979253112033195,0.6055566055566055,1040115868392.0,0.004903809883062995
2023-11-09,5301,0.9977362761743067,0.5329930043486482,965166171203.0,0.027730616864742503
2023-11-10,5302,0.9975480950584685,0.577424844015882,830185685372.0,0.016220294228592985
2023-11-13,5304,0.997737556561086,0.6936885865457294,871142405909.0,0.005279034690799397
2023-11-14,5304,0.997737556561086,0.7286470143613001,896475060139.0,0.0011312217194570137
2023-11-15,5303,0.9979257024325854,0.8333333333333334,993575588896.0,0.0058457476899867996
2023-11-16,5304,0.9975490196078431,0.8455868455868456,853846874666.0,0.013386123680241327
2023-11-17,5305,0.9975494816211121,0.8735827664399093,829119751386.0,0.005466540999057493
2023-11-20,5307,0.997927265875259,0.9297583081570997,931331440312.0,0.003580177124552478
2023-11-21,5309,0.9979280467131286,0.903359758399396,1008524043836.0,0.017329063853833114
2023-11-22,5308,0.9979276563677468,0.8378327355106664,888626479540.0,0.02015825169555388
2023-11-23,5310,0.9979284369114878,0.8633704472541989,839826451442.0,0.025423728813559324
2023-11-24,5310,0.9981167608286252,0.7515094339622641,830762110757.0,0.023728813559322035
2023-11-27,5312,0.9983057228915663,0.6994154252310013,859223903614.0,0.017507530120481927
2023-11-28,5310,0.9983050847457627,0.7585361252593851,795553681354.0,0.03370998116760829
2023-11-29,5312,0.9981174698795181,0.7184081478687288,792807353467.0,0.047063253012048195
2023-11-30,5312,0.9983057228915663,0.7497642843673392,785731926213.0,0.023343373493975902
2023-12-01,5315,0.9981185324553151,0.7063147973609802,844863880182.0,0.028222013170272814
2023-12-04,5313,0.9983060417843026,0.5742835595776772,859116634963.0,0.01204592508940335
2023-12-05,5315,0.9979303857008467,0.41289592760180993,838515327951.0,0.02671683913452493
2023-12-06,5316,0.9979307750188111,0.445617342130066,831797558023.0,0.01580135440180587
2023-12-07,5314,0.998118178396688,0.4622926093514329,834500114037.0,0.01561911930748965
2023-12-08,5317,0.9981192401730299,0.37836819295270396,976732206257.0,0.02369757381982321
2023-12-11,5318,0.9981195938322678,0.38187641296156744,923063894420.0,0.023505077096652876
2023-12-12,5319,0.9977439368302312,0.3802524967024684,798304040579.0,0.0024440684339161497
2023-12-13,5321,0.9977447848148844,0.34488604256922206,784899897170.0,0.006577710956587108
2023-12-14,5323,0.9979334961487882,0.37330572289156627,758085303533.0,0.013150479053165508
2023-12-15,5323,0.9977456321623145,0.3148183016381096,748549018164.0,0.013526207026113094
2023-12-18,5323,0.9975577681758407,0.23333333333333334,709437858466.0,0.020665038512117227
2023-12-19,5321,0.9975568502161248,0.24415975885455915,658571288327.0,0.014846833302010901
2023-12-20,5324,0.9975582268970699,0.24082093767652044,681936034811.0,0.02066115702479339
2023-12-21,5325,0.9973708920187794,0.23479570702315947,755242730500.0,0.048826291079812206
2023-12-22,5325,0.9971830985915493,0.21713747645951037,792680881422.0,0.049577464788732394
2023-12-25,5325,0.9973708920187794,0.184146111843344,623640552143.0,0.019342723004694834
2023-12-26,5327,0.9973718791064389,0.155467720685112,628195946036.0,0.018021400412990426
2023-12-27,5328,0.9971846846846847,0.1810653115000941,652876099330.0,0.016516516516516516
2023-12-28,5326,0.9969958693203155,0.23954802259887006,902737973162.0,0.008449117536612843
2023-12-29,5329,0.9968099080502909,0.2923569277108434,841570440512.0,0.0030024394820791895
2024-01-02,5329,0.9971852129855507,0.3187805796010538,810412077786.0,0.01426158753987615
2024-01-03,5330,0.9971857410881801,0.4169332079021637,756647301059.0,0.02551594746716698
2024-01-04,5330,0.9973733583489681,0.3683220466516178,690224320876.0,0.009193245778611633
2024-01-05,5332,0.9973743435858965,0.3083866115080858,754815243449.0,0.06432858214553638
2024-01-08,5332,0.9973743435858965,0.28901842798044375,670566481992.0,0.06282820705176294
2024-01-09,5332,0.9975618904726181,0.2870840383530739,687287583677.0,0.029069767441860465
2024-01-10,5334,0.9975628046494188,0.23303890246194325,657043302443.0,0.025871766029246346
2024-01-11,5336,0.9970014992503748,0.2968045112781955,722319097488.0,0.004310344827586207
2024-01-12,5333,0.997187324207763,0.26024821361414063,689437658467.0,0.05587849240577536
2024-01-15,5334,0.9973753280839895,0.25921052631578945,619081940751.0,0.02680914885639295
2024-01-16,5336,0.9971889055472264,0.30595752678068033,697534905665.0,0.004310344827586207
2024-01-17,5336,0.9973763118440779,0.21157459601653514,649458707206.0,0.05322338830584707
2024-01-18,5339,0.9975650870949616,0.19883589936162224,877203934594.0,0.012361865517887245
2024-01-19,5339,0.9975650870949616,0.17179872324446113,680584729202.0,0.033714178685147034
2024-01-22,5339,0.9975650870949616,0.10176492677431469,805443186836.0,0.735530998314291
2024-01-23,5339,0.9977523880876569,0.10137037732307115,713452115929.0,0.014984079415620903
2024-01-24,5340,0.9975655430711611,0.1464238783555472,777494907483.0,0.0052434456928838954
2024-01-25,5341,0.9979404605879049,0.2052532833020638,903490861196.0,0.01235723647257068
2024-01-26,5342,0.9981280419318608,0.17216804201050262,839736497600.0,0.03182328715836765
2024-01-29,5343,0.9981283922889762,0.11569473092068254,815319676116.0,0.1914654688377316
2024-01-30,5343,0.9981283922889762,0.07950496906056628,671403738226.0,0.1267078420363092
2024-01-31,5344,0.9981287425149701,0.05699287589051369,767430665453.0,0.4941991017964072
2024-02-01,5344,0.9981287425149701,0.048743907011623545,711179685616.0,0.07316616766467066
2024-02-02,5345,0.997754911131899,0.04687792987061691,814404913182.0,0.472778297474275
2024-02-05,5344,0.9977544910179641,0.04576144036009002,885322957029.0,0.7471931137724551
2024-02-06,5345,0.9979420018709074,0.07049118860142482,936287603847.0,0.09747427502338635
2024-02-07,5346,0.9983164983164983,0.10979951283492599,1033534462754.0,0.2940516273849607
2024-02-08,5348,0.9979431563201197,0.11317219411654487,1025329726270.0,0.012341062079281975
2024-02-19,5348,0.9979431563201197,0.12909874461307852,965012140436.0,0.007105459985041137
2024-02-20,5348,0.9981301421091997,0.14275009366804045,798776265143.0,0.0005609573672400897
2024-02-21,5348,0.9981301421091997,0.14143874110153615,990258995785.0,0.002243829468960359
2024-02-22,5348,0.9983171278982798,0.1940438284322907,830951224316.0,0.00018698578908002991
2024-02-23,5347,0.9985038339255657,0.21932946244615095,930378748796.0,0.001683186833738545
2024-02-26,5346,0.9985035540591096,0.26227051330086176,997781643301.0,0.002618780396558174
2024-02-27,5347,0.9985038339255657,0.5362427420865331,1003067749412.0,0.0013091453151299795
2024-02-28,5347,0.9986908546848701,0.32659176029962544,1371649899846.0,0.6066953431830934
2024-02-29,5347,0.9986908546848701,0.4067415730337079,1063696978688.0,0.0013091453151299795
2024-03-01,5348,0.9985041136873598,0.3308988764044944,1065916286921.0,0.010658189977561705
2024-03-04,5348,0.9985041136873598,0.351498127340824,1086265623261.0,0.014023934181002244
2024-03-05,5348,0.9986910994764397,0.4098483430069275,1075854204021.0,0.04319371727748691
2024-03-06,5346,0.9986906098017209,0.538303053006181,939711838831.0,0.0037411148522259632
2024-03-07,5346,0.9986906098017209,0.6673534369732159,989742746695.0,0.046202768424990645
2024-03-08,5347,0.9988778754441743,0.7588466579292268,866693949001.0,0.006171685057041331
2024-03-11,5346,0.9988776655443322,0.9136704119850187,1012526414094.0,0.0024317246539468764
2024-03-12,5348,0.9988780852655198,0.9801572444777237,1151779452737.0,0.008227374719521317
2024-03-13,5350,0.9986915887850467,0.9593861126707842,1060743789174.0,0.0067289719626168224
2024-03-14,5350,0.9990654205607477,0.9257249766136576,1013201616035.0,0.015514018691588785
2024-03-15,5349,0.999065245840344,0.9277694610778443,953826372875.0,0.0028042624789680315
2024-03-18,5348,0.9990650710545999,0.9361781770540895,1145341817024.0,0.0018698578908002991
2024-03-19,5350,0.9990654205607477,0.907577174929841,1084943446854.0,0.010093457943925233
2024-03-20,5351,0.9986918333021865,0.8970808383233533,1005692770547.0,0.0014950476546439918
2024-03-21,5351,0.9986918333021865,0.8735029940119761,1074201835789.0,0.010278452625677444
2024-03-22,5351,0.9986918333021865,0.7965943113772455,1103115013787.0,0.03083535787703233
2024-03-25,5352,0.9986920777279522,0.6344246959775491,1049304743465.0,0.14162929745889388
2024-03-26,5353,0.9988791331963385,0.46736487750140265,960999332960.0,0.02951615916308612
2024-03-27,5355,0.9988795518207283,0.6345111235744999,894542589121.0,0.23454715219421102
2024-03-28,5356,0.9986930545182973,0.5625350532809871,937413651413.0,0.0031740104555638537
2024-03-29,5356,0.9986930545182973,0.5662740699196112,863396040368.0,0.012322628827483197
2024-04-01,5358,0.9986935423665547,0.6679125397122033,1003859830291.0,0.004665920119447555
2024-04-02,5359,0.9986937861541332,0.6999252615844545,972701002086.0,0.02257883933569696
2024-04-03,5358,0.9986935423665547,0.6353952532236965,922640499937.0,0.04759238521836506
2024-04-08,5361,0.9985077410930796,0.5802353820287689,935955443285.0,0.1527700055959709
2024-04-09,5362,0.9985080193957478,0.5926410160627568,799806628685.0,0.010070869078701977
2024-04-10,5362,0.9985080193957478,0.44191258871871497,837476212917.0,0.061171204774337934
2024-04-11,5363,0.9986947603953011,0.4055265123226288,817935639626.0,0.02051090807383927
2024-04-12,5363,0.9986947603953011,0.37341299477221807,814655656609.0,0.032630990117471566
2024-04-15,5363,0.9985082975946299,0.2791783380018674,1002048699733.0,0.3617378333022562
2024-04-16,5363,0.9985082975946299,0.15331465919701215,952064897791.0,0.6444154391198956
2024-04-17,5362,0.9985080193957478,0.18771012327231976,923872152550.0,0.004289444237224916
2024-04-18,5361,0.9988808058198098,0.20205415499533147,955560896193.0,0.016787912702853944
2024-04-19,5359,0.9988803881321142,0.19633850177470577,865338692388.0,0.030229520432916587
2024-04-22,5358,0.9988801791713325,0.19133034379671152,825853260545.0,0.06233669279581933
2024-04-23,5357,0.9988799701325368,0.20556905251354887,779321208031.0,0.030427478066081762
2024-04-24,5358,0.9988801791713325,0.2763452914798206,799326664824.0,0.008771929824561403
2024-04-25,5355,0.9988795518207283,0.28883903533370725,778028921609.0,0.022222222222222223
2024-04-26,5346,0.9992517770295548,0.4399101460127293,1091130576301.0,0.01964085297418631
2024-04-29,5337,0.9992505152707514,0.4734670916932308,1216893746013.0,0.011804384485666104
2024-04-30,5301,0.9992454253914356,0.3941853879554465,1035607811496.0,0.04640633842671194
2024-05-06,5342,0.9994384125795582,0.38977336579883876,1107152247437.0,0.009359790340696368
2024-05-07,5342,0.9994384125795582,0.41955422363738526,973066357295.0,0.011606140022463497
2024-05-08,5340,0.999625468164794,0.396777819408018,868784154048.0,0.027340823970037453
2024-05-09,5341,0.9994383074330649,0.5837392281753466,905857068849.0,0.01217000561692567
2024-05-10,5341,0.9994383074330649,0.4660921693518172,916763470460.0,0.03838232540722711
2024-05-13,5340,0.999438202247191,0.47929548435450625,913436077597.0,0.0700374531835206
2024-05-14,5343,0.9994385176866929,0.505056179775281,827605127153.0,0.015534344001497287
2024-05-15,5344,0.999625748502994,0.5071134406589293,764084671043.0,0.019835329341317365
2024-05-16,5343,0.9996256784577953,0.6738438494663921,850456264630.0,0.009732360097323601
2024-05-17,5343,0.9996256784577953,0.8756787118517132,890184275274.0,0.007860752386299831
2024-05-20,5339,0.9996253980146095,0.7682218474798576,998260616561.0,0.022850721108821876
2024-05-21,5342,0.9996256083863722,0.7352059925093632,801925673622.0,0.02358667165855485
2024-05-22,5343,0.9996256784577953,0.7683954315671223,834266654726.0,0.011229646266142616
2024-05-23,5343,0.9996256784577953,0.7326343381389253,855915356517.0,0.0430469773535467
2024-05-24,5343,0.9996256784577953,0.6674780003744617,769227662741.0,0.04959760434212989
2024-05-27,5341,0.9996255382887099,0.6150964600112381,778550128389.0,0.021906010110466206
2024-05-28,5341,0.9996255382887099,0.5459823937066867,745401974663.0,0.03033139861449167
2024-05-29,5341,0.9996255382887099,0.497471436598614,711809572027.0,0.015352930162890844
2024-05-30,5342,0.9994384125795582,0.32964974714365985,726817318702.0,0.039498315237738675
2024-05-31,5341,0.9994383074330649,0.36680404645934805,717853303479.0,0.014604006740310803
2024-06-03,5341,0.9994383074330649,0.20906706631697264,833942642822.0,0.06852649316607377
2024-06-04,5340,0.999438202247191,0.19374180251077383,748900292637.0,0.05580524344569288
2024-06-05,5345,0.9994387277829747,0.17933358292774243,691542698261.0,0.050514499532273154
2024-06-06,5347,0.9994389377220871,0.11657934131736528,849209743542.0,0.3063400037404152
2024-06-07,5344,0.999438622754491,0.13405729264182736,719131772112.0,0.01440868263473054
2024-06-11,5344,0.999438622754491,0.16438869125631905,705307997851.0,0.01029191616766467
2024-06-12,5348,0.9992520568436799,0.17327844311377247,694136451733.0,0.0048616305160807775
2024-06-13,5349,0.9992521966722752,0.19943872778297475,755110981681.0,0.012899607403252944
2024-06-14,5350,0.9992523364485981,0.19622147399925177,850851802534.0,0.016261682242990655
2024-06-17,5349,0.9992521966722752,0.1676333021515435,754019526039.0,0.009347541596560104
2024-06-18,5347,0.9992519169627828,0.17593112483623433,739586955954.0,0.004301477463998503
2024-06-19,5346,0.9992517770295548,0.18345189067764883,708881416167.0,0.01421623643845866
2024-06-20,5345,0.9990645463049579,0.1458801498127341,727848562445.0,0.0608044901777362
2024-06-21,5345,0.9990645463049579,0.17172284644194757,623509481706.0,0.02020579981290926
2024-06-24,5343,0.9990641961444882,0.14031472461596103,699298779422.0,0.2670784203630919
2024-06-25,5338,0.9990633195953541,0.11250703168948059,651403423055.0,0.030723117272386663
2024-06-26,5345,0.9986903648269411,0.16616710378418884,646585314981.0,0.005799812909260992
2024-06-27,5339,0.9988761940438284,0.1321957622351397,630219762152.0,0.03633639258288069
2024-06-28,5338,0.9988759835144249,0.15153788447111777,706463314902.0,0.011802173098538779
2024-07-01,5336,0.9988755622188905,0.14240150093808632,660948188189.0,0.012368815592203899
2024-07-02,5336,0.9988755622188905,0.16960600375234522,647620053729.0,0.013868065967016492
2024-07-03,5335,0.998875351452671,0.16363295177331583,583550007588.0,0.03355201499531396
2024-07-04,5336,0.9988755622188905,0.15046904315197,586812682019.0,0.07514992503748126
2024-07-05,5335,0.998875351452671,0.35128541940326513,578496038989.0,0.010309278350515464
2024-07-08,5334,0.9988751406074241,0.1617867867867868,585102736338.0,0.07480314960629922
2024-07-09,5340,0.9990636704119851,0.20599812558575445,727849630679.0,0.008614232209737827
2024-07-10,5342,0.9988768251591165,0.16229385307346328,680646159795.0,0.03388244103332085
2024-07-11,5342,0.9988768251591165,0.24306596701649175,790562173976.0,0.002620741295394983
2024-07-12,5342,0.9988768251591165,0.23238380809595202,692008608358.0,0.014788468738300262
2024-07-15,5343,0.9988770353733858,0.2109799512834926,606493468463.0,0.028635597978663673
2024-07-16,5343,0.9988770353733858,0.1864343264005996,647384926874.0,0.005801983904173685
2024-07-17,5340,0.9990636704119851,0.18912839737582005,688827328280.0,0.048127340823970036
2024-07-18,5337,0.9990631440884392,0.24568642160540136,682505982370.0,0.02922990444069702
2024-07-19,5336,0.9990629685157422,0.24798349277809043,677065805035.0,0.012556221889055473
2024-07-22,5335,0.998875351452671,0.45580784387314693,661802848863.0,0.009559512652296157
2024-07-23,5335,0.9992502343017807,0.3314575126617895,667211700168.0,0.05679475164011247
2024-07-24,5335,0.9992502343017807,0.18364284374413806,631865315087.0,0.04311152764761012
2024-07-25,5333,0.9992499531220701,0.2503283918183524,593337602810.0,0.013313332083255204
2024-07-26,5335,0.9990627928772259,0.2939962476547842,610942050413.0,0.007872539831302717
2024-07-29,5333,0.9990624414025877,0.26820570570570573,590326757410.0,0.008625539096193511
2024-07-30,5334,0.9992500937382827,0.28424015009380865,603970139365.0,0.008061492313460818
2024-07-31,5334,0.9990626171728534,0.4972790392193657,908626430412.0,0.004686914135733034
2024-08-01,5334,0.9990626171728534,0.6836179395759054,787051770367.0,0.005061867266591676
2024-08-02,5336,0.9990629685157422,0.5327330707184393,726551399026.0,0.03860569715142429
2024-08-05,5334,0.9990626171728534,0.5676487145805967,794093925166.0,0.13667041619797526
2024-08-06,5335,0.9990627928772259,0.5673545966228893,657227668261.0,0.008997188378631678
2024-08-07,5336,0.9990629685157422,0.6087038079159632,595388061572.0,0.013680659670164918
2024-08-08,5337,0.9990631440884392,0.44017254313578397,623642570801.0,0.029979389169945664
2024-08-09,5337,0.9990631440884392,0.400225056264066,566214847369.0,0.019861345325089
2024-08-12,5338,0.9990633195953541,0.4528408025501594,498877727045.0,0.03128512551517422
2024-08-13,5338,0.9990633195953541,0.4772173260828802,480057828237.0,0.008430123641813413
2024-08-14,5339,0.9988761940438284,0.4697168573035815,480418610641.0,0.008428544671286758
2024-08-15,5339,0.9988761940438284,0.5165947871741984,594588027380.0,0.008241243678591496
2024-08-16,5339,0.9988761940438284,0.46165385336583536,594396469626.0,0.019853905225697695
2024-08-19,5338,0.9988759835144249,0.42198049512378094,573433043194.0,0.028849756463094792
2024-08-20,5339,0.9988761940438284,0.43108944309019315,561434759948.0,0.028657051882374978
2024-08-21,5340,0.998689138576779,0.5030939433714607,512852263200.0,0.016853932584269662
2024-08-22,5340,0.998689138576779,0.3727732983311457,552234961733.0,0.04794007490636704
2024-08-23,5338,0.9986886474334957,0.2558619395985744,513001118283.0,0.032971150243536904
2024-08-26,5340,0.998501872659176,0.3100150037509377,529117319651.0,0.012546816479400749
2024-08-27,5339,0.9986888930511332,0.22674418604651161,514154353301.0,0.04513953923955797
2024-08-28,5339,0.9986888930511332,0.1447861965491373,499112653655.0,0.019853905225697695
2024-08-29,5339,0.9985015920584379,0.18157944100543988,610165877428.0,0.01011425360554411
2024-08-30,5339,0.9985015920584379,0.3023822922528606,880290520446.0,0.002060310919647874
2024-09-02,5337,0.9986884017238149,0.35834896810506567,708473659564.0,0.05527449878208732
2024-09-03,5338,0.9983139752716373,0.30868830925126667,582802252365.0,0.005058074185088048
2024-09-04,5338,0.9981266391907081,0.2747747747747748,561731228233.0,0.017047583364556012
2024-09-05,5338,0.9981266391907081,0.3177552552552553,537039537567.0,0.0067440989134507304
2024-09-06,5338,0.9981266391907081,0.26914414414414417,544947412819.0,0.025477707006369428
2024-09-09,5336,0.9981259370314842,0.29740893728877205,520573733442.0,0.013493253373313344
2024-09-10,5336,0.9983133433283359,0.2890932982917214,529544982582.0,0.011806596701649175
2024-09-11,5340,0.99812734082397,0.28667917448405256,501242405984.0,0.012546816479400749
2024-09-12,5340,0.998314606741573,0.23654098668167323,517434688483.0,0.007303370786516854
2024-09-13,5341,0.9981276914435498,0.21684486963046332,528650341693.0,0.027335704924171502
2024-09-18,5337,0.9981262881768784,0.20292847756711094,481862951847.0,0.02379614015364437
2024-09-19,5342,0.9983152377386747,0.3832739546221639,629561858463.0,0.0028079371022089105
2024-09-20,5342,0.9983152377386747,0.37614850928183013,576896679259.0,0.00636465743167353
2024-09-23,5343,0.9983155530600786,0.4692538432695913,552997278589.0,0.009358038555118848
2024-09-24,5344,0.9985029940119761,0.7012743628185907,974718714219.0,0.0018712574850299401
2024-09-25,5347,0.9983168131662614,0.7137504683402023,1162025924502.0,0.002618290630259959
2024-09-26,5348,0.9981301421091997,0.881790932933683,1166765356686.0,0.0013089005235602095
2024-09-27,5348,0.9983171278982798,0.9571080726727852,1456310604189.0,0.00037397157816005983
2024-09-30,5345,0.9981290926099158,0.991377694470478,2613160025848.0,0.00037418147801683815
2024-10-08,5341,0.9981276914435498,0.9915588069780529,3486522475468.0,0.0005616925669350309
2024-10-09,5341,0.9985021531548399,0.9771235702231389,2969403446379.0,0.8704362478936529
2024-10-10,5343,0.9986898746022833,0.9788230884557722,2165907101259.0,0.08422234699606962
2024-10-11,5344,0.9983158682634731,0.9690721649484536,1590161113210.0,0.37930389221556887
2024-10-14,5345,0.9983161833489242,0.9786356821589205,1653572487696.0,0.002245088868101029
2024-10-15,5346,0.9983164983164983,0.9747048903878583,1658113536036.0,0.03348297792742237
2024-10-16,5349,0.998130491680688,0.9769619778984828,1393180188478.0,0.017199476537670594
2024-10-17,5352,0.9981315396113603,0.9760389367278173,1522772602374.0,0.026532137518684603
2024-10-18,5351,0.998131190431695,0.9835236847032391,2134721873265.0,0.0005606428704914969
2024-10-21,5351,0.9983180713885255,0.9837139648071883,2233845769995.0,0.004858904877592973
2024-10-22,5350,0.9983177570093458,0.9887661486612994,1963732314450.0,0.06093457943925234
2024-10-23,5347,0.9983168131662614,0.9895091794679656,1968099789293.0,0.02075930428277539
2024-10-24,5349,0.998130491680688,0.9900730473871512,1565233872073.0,0.032903346419891566
2024-10-25,5349,0.9979435408487568,0.9913825402772574,1832983236294.0,0.01065619742007852
2024-10-28,5346,0.9979423868312757,0.9947516401124649,1906068174748.0,0.00710811821922933
2024-10-29,5348,0.9977561705310396,0.9870689655172413,2117713569694.0,0.09181002243829468
2024-10-30,5346,0.998129442573887,0.9842578710644677,1897080261788.0,0.040778151889263
2024-10-31,5349,0.9977565900168256,0.961401536443695,2265565037847.0,0.03645541222658441
2024-11-01,5349,0.9979435408487568,0.8911577369801423,2272054801397.0,0.3120209384931763
2024-11-04,5350,0.9979439252336448,0.5954298557782356,1726720244750.0,0.02280373831775701
2024-11-05,5353,0.9979450775266205,0.40116061400224634,2356041214104.0,0.0007472445357743321
2024-11-06,5354,0.9979454613373179,0.8235073928504586,2629479477742.0,0.012327231976092642
2024-11-07,5354,0.9979454613373179,0.8920082350739285,2567143045767.0,0.016249533059394843
2024-11-08,5356,0.9979462285287528,0.9487371375116932,2735583617936.0,0.041075429424943986
2024-11-11,5352,0.9977578475336323,0.9292134831460674,2548900088430.0,0.015881913303437967
2024-11-12,5353,0.9979450775266205,0.9468363908648446,2589729241161.0,0.06799925275546423
2024-11-13,5353,0.9981318886605641,0.9447875725247988,2043087923517.0,0.022977769475060715
2024-11-14,5354,0.9981322375793799,0.9249625748502994,1872510228348.0,0.1402689577885693
2024-11-15,5355,0.9981325863678805,0.8069223573433115,1865445829349.0,0.10718954248366012
2024-11-18,5352,0.9981315396113603,0.6359041557469113,1797663307996.0,0.1991778774289985
2024-11-19,5355,0.9979458450046685,0.7026571856287425,1597960657966.0,0.031185807656395892
2024-11-20,5359,0.9981339802201903,0.7765937558422135,1652901926038.0,0.0007464079119238664
2024-11-21,5359,0.9983205821981713,0.7990654205607477,1656731090824.0,0.013062138458667662
2024-11-22,5361,0.9981346763663496,0.5286862268734815,1833597401619.0,0.2825965304980414
2024-11-25,5360,0.9985074626865672,0.4859865470852018,1522737788246.0,0.023694029850746267
2024-11-26,5361,0.9983212087297146,0.5536248131539612,1335240101236.0,0.08076851333706397
2024-11-27,5360,0.9986940298507463,0.6327293106669157,1489142212378.0,0.012126865671641791
2024-11-28,5358,0.9986935423665547,0.5894225378433937,1526606977314.0,0.015677491601343786
2024-11-29,5364,0.9983221476510067,0.7594771241830065,1747537234493.0,0.011931394481730051
2024-12-02,5362,0.9983215218202164,0.7588268260788343,1826380181754.0,0.007086907870197687
2024-12-03,5362,0.9983215218202164,0.6592564916869046,1756774552191.0,0.02237970906378217
2024-12-04,5362,0.9985080193957478,0.5610758311542772,1698169740010.0,0.058000745990302124
2024-12-05,5366,0.9981364144614238,0.4895444361463779,1527271187923.0,0.00987700335445397
2024-12-06,5364,0.9983221476510067,0.5462184873949579,1818546331407.0,0.023676360924683074
2024-12-09,5362,0.9983215218202164,0.44106108724079957,1661995669610.0,0.05949272659455427
2024-12-10,5365,0.9983224603914259,0.49514563106796117,2228718253009.0,0.006896551724137931
2024-12-11,5366,0.9981364144614238,0.5420089619118745,1799093778220.0,0.019567648155050316
2024-12-12,5367,0.9979504378610025,0.713965646004481,1889303948730.0,0.012111049003167505
2024-12-13,5366,0.9979500559075661,0.7127917833800187,2091138542104.0,0.048825941110696984
2024-12-16,5370,0.9981378026070763,0.7578358208955224,1717601894596.0,0.05288640595903166
2024-12-17,5367,0.9983230855226384,0.5313549832026876,1526307198447.0,0.31004285448108815
2024-12-18,5369,0.9981374557645744,0.4441127075947005,1377216803247.0,0.02123300428385174
2024-12-19,5368,0.9983233979135618,0.44206008583690987,1465941593893.0,0.02552160953800298
2024-12-20,5373,0.9979527265959427,0.6932114882506527,1534628173093.0,0.011166945840312675
2024-12-23,5371,0.9981381493204246,0.41260958776347695,1547020092572.0,0.3988084155650717
2024-12-24,5371,0.9979519642524669,0.5020522388059702,1322737445903.0,0.01861850679575498
2024-12-25,5368,0.9979508196721312,0.3462759006906851,1296592406390.0,0.10394932935916543
2024-12-26,5372,0.998138495904691,0.3858634837747109,1287682770673.0,0.005584512285927029
2024-12-27,5370,0.9981378026070763,0.35447761194029853,1450758766479.0,0.021229050279329607
2024-12-30,5367,0.9979504378610025,0.2625093353248693,1290429237811.0,0.06465436929383268
2024-12-31,5370,0.9981378026070763,0.18992537313432836,1359943471869.0,0.1186219739292365
2025-01-02,5369,0.9983237101881169,0.17537313432835822,1410651673201.0,0.07133544421680015
2025-01-03,5372,0.9979523454951601,0.11135982092893117,1283226849757.0,0.323343261355175
2025-01-06,5370,0.997951582867784,0.09292778503452137,1071937166295.0,0.06517690875232775
2025-01-07,5373,0.9979527265959427,0.11376352107422603,1090150622356.0,0.009678019728270985
2025-01-08,5373,0.9981388423599479,0.10814842438933432,1258458691569.0,0.007072399032198027
2025-01-09,5374,0.9983252698176405,0.09804287045666356,1130752028204.0,0.010048381094157052
2025-01-10,5375,0.9979534883720931,0.06972408650260999,1163749308724.0,0.15776744186046512
2025-01-13,5374,0.997953107554894,0.07738206227857543,976834551292.0,0.03163379233345739
2025-01-14,5377,0.9979542495815511,0.13045098770033545,1372898098580.0,0.0001859773107680863
2025-01-15,5379,0.9977691020635806,0.16694615241289362,1212427115657.0,0.013943112102621304
2025-01-16,5379,0.9977691020635806,0.17029998136761693,1293536742630.0,0.006506785647889942
2025-01-17,5378,0.9981405727036073,0.16970938897168406,1152364104854.0,0.02194124209743399
2025-01-20,5377,0.9981402268923192,0.16918203838270915,1197444391581.0,0.012460479821461782
2025-01-21,5379,0.9983268265476855,0.2759776536312849,1218376962064.0,0.01654582636177728
2025-01-22,5383,0.9979565298160877,0.20941921072226358,1148350025636.0,0.04365595392903585
2025-01-23,5384,0.9979569093610698,0.2747068676716918,1370349188146.0,0.02135958395245171
2025-01-24,5381,0.9979557703029177,0.2698324022346369,1234399809769.0,0.013937929752834045
2025-01-27,5382,0.9977703455964325,0.2163873370577281,1128266893069.0,0.0802675585284281
2025-02-05,5384,0.9977711738484398,0.2842516753536858,1300859530552.0,0.029160475482912333
2025-02-06,5385,0.9977715877437325,0.5179601712265028,1555978663940.0,0.0022284122562674096
2025-02-07,5386,0.9981433345711103,0.7107514880952381,1992952080565.0,0.000928332714444857
2025-02-10,5387,0.9981436792277706,0.8590291984377906,1760505936651.0,0.003341377390012994
2025-02-11,5386,0.9981433345711103,0.8495163690476191,1678706850785.0,0.012068325287783142
2025-02-12,5386,0.9981433345711103,0.8435639880952381,1712502990395.0,0.002784998143334571
2025-02-13,5387,0.9981436792277706,0.8307606472010415,1855383967487.0,0.044180434379060704
2025-02-14,5386,0.9985146676568882,0.8356266269988843,1745963506570.0,0.0168956554028964
2025-02-17,5389,0.9985154945258861,0.9070804683144397,1971784537464.0,0.01131935424011876
2025-02-18,5388,0.9985152190051967,0.866542750929368,1826288339718.0,0.12880475129918337
2025-02-19,5388,0.9988864142538976,0.7777777777777778,1749226887935.0,0.0009279881217520415
2025-02-20,5387,0.9988862075366624,0.8098866381713437,1791461772071.0,0.0063114906255801
2025-02-21,5389,0.9988866208944146,0.7772617499535575,2231055062032.0,0.0029690109482278714
2025-02-24,5386,0.9988860007426662,0.8005576208178439,2115366051297.0,0.027478648347567768
2025-02-25,5384,0.9988855869242199,0.731126812941614,1925476808659.0,0.015416047548291234
2025-02-26,5385,0.9992571959145775,0.8020813975097566,1969700729891.0,0.0025998142989786446
2025-02-27,5383,0.9994426899498421,0.8446096654275093,2041891633785.0,0.025078952257105703
2025-02-28,5383,0.9994426899498421,0.7585501858736059,1905494740217.0,0.2493033624373026
2025-03-03,5381,0.9996283218732578,0.7453058189254508,1664258272167.0,0.0306634454562349
2025-03-04,5383,0.9992569199331228,0.7992191857222533,1479897081117.0,0.016533531488017835
2025-03-05,5382,0.9994425863991081,0.7860197062651051,1545688880327.0,0.007432181345224823
2025-03-06,5380,0.9994423791821562,0.7822205690905709,1953215827449.0,0.0044609665427509295
2025-03-07,5381,0.9994424828098867,0.6818519895872072,1861574032759.0,0.022486526667905595
2025-03-10,5381,0.9994424828098867,0.6279285979918185,1544009166629.0,0.016167998513287492
2025-03-11,5384,0.9990713224368499,0.678007064510132,1519815520468.0,0.009472511144130757
2025-03-12,5383,0.9990711499164034,0.6509854964670881,1725542549706.0,0.00743080066877206
2025-03-13,5385,0.9990714948932219,0.6520446096654275,1648364479048.0,0.0638811513463324
2025-03-14,5385,0.9990714948932219,0.7355018587360594,1840945337414.0,0.011142061281337047
2025-03-17,5380,0.9990706319702602,0.7114418604651163,1620934353723.0,0.01133828996282528
2025-03-18,5387,0.9988862075366624,0.8362757851700428,1564221754568.0,0.006868386857248932
2025-03-19,5384,0.9986998514115899,0.7459549934907941,1506897484249.0,0.0512630014858841
2025-03-20,5386,0.9985146676568882,0.6969133506879881,1476617368231.0,0.03620497586334943
2025-03-21,5387,0.9983293113049935,0.5833023428783934,1579748404588.0,0.10024132170038982
2025-03-24,5387,0.9981436792277706,0.47814766598474984,1474431017756.0,0.09987005754594394
2025-03-25,5390,0.9979591836734694,0.511805168246886,1287496163838.0,0.04712430426716141
2025-03-26,5391,0.9979595622333519,0.4929368029739777,1180175661443.0,0.009089222778705249
2025-03-27,5392,0.9975890207715133,0.4772262502323852,1216764522167.0,0.0361646884272997
2025-03-28,5391,0.9975885735485067,0.5384901450353291,1145017107505.0,0.0638100537933593
2025-03-31,5393,0.9979603189319488,0.42251950947603123,1243292320872.0,0.05785277211199703
2025-04-01,5392,0.997959940652819,0.4356067645419067,1152781563905.0,0.011313056379821959
2025-04-02,5394,0.9977753058954394,0.4412857673727239,992702827546.0,0.010196514645902856
2025-04-03,5393,0.9977748933803078,0.3675896673480766,1158224646164.0,0.045985536806972004
2025-04-07,5391,0.9977740678909294,0.09853132552519056,1617968460180.0,0.9334075310703024
2025-04-08,5392,0.997959940652819,0.12023787400111503,1653205775275.0,0.15671364985163205
2025-04-09,5395,0.997775718257646,0.14081367267323053,1740999490648.0,0.007599629286376274
2025-04-10,5395,0.997775718257646,0.1725803455322311,1659048985089.0,0.0005560704355885078
2025-04-11,5394,0.9975899147200593,0.1830514774205538,1390685079862.0,0.022803114571746386
2025-04-14,5393,0.9975894678286668,0.18159851301115243,1312666590594.0,0.0033376599295382903
2025-04-15,5391,0.9975885735485067,0.165303086649312,1110222911103.0,0.02133184937859395
2025-04-16,5395,0.9975903614457832,0.15737643998513565,1140807385932.0,0.03484708063021316
2025-04-17,5395,0.9975903614457832,0.17614269788182832,1030415699576.0,0.006858202038924931
2025-04-18,5394,0.9977753058954394,0.1713117800074322,949173681420.0,0.034853540971449756
2025-04-21,5394,0.9979606970708195,0.23109790079881107,1073580343550.0,0.008713385242862439
2025-04-22,5392,0.9981454005934718,0.27499070977331846,1121207482298.0,0.02040059347181009
2025-04-23,5394,0.9981460882461994,0.262630014858841,1262462397371.0,0.027067111605487578
2025-04-24,5394,0.9981460882461994,0.224925705794948,1138919178277.0,0.052836484983314794
2025-04-25,5393,0.9981457444835898,0.23871447148430244,1137010714259.0,0.030038939365844612
2025-04-28,5387,0.9981436792277706,0.23898084433699088,1076781760663.0,0.07945052905142008
2025-04-29,5361,0.9981346763663496,0.31601569800037377,1041734612763.0,0.030404775228502146
2025-04-30,5360,0.998320895522388,0.29788824518781537,1193093662393.0,0.020708955223880596
2025-05-06,5386,0.9983290011139992,0.3935279895852706,1364447474508.0,0.005569996286669142
2025-05-07,5388,0.9983296213808464,0.4513850158021937,1505072310745.0,0.003711952487008166
2025-05-08,5389,0.9985154945258861,0.9356996840735923,1321796951561.0,0.007793653739098163
2025-05-09,5389,0.9987010577101503,0.896692679301375,1222385883077.0,0.027834477639636295
2025-05-12,5389,0.9987010577101503,0.8747677443329617,1340867358300.0,0.004639079606606049
2025-05-13,5391,0.9987015396030421,0.8320950965824666,1326019639583.0,0.015581524763494713
2025-05-14,5391,0.9987015396030421,0.8237369985141159,1349914601603.0,0.005750324615099239
2025-05-15,5390,0.9988868274582561,0.7321693907875185,1190419197823.0,0.02764378478664193
2025-05-16,5391,0.9987015396030421,0.7451708766716196,1124115343611.0,0.008903728436282694
2025-05-19,5388,0.9985152190051967,0.803717472118959,1118881570311.0,0.008537490720118782
2025-05-20,5394,0.9985168705969596,0.8167471221685852,1211226034396.0,0.010381905821282907
2025-05-21,5390,0.9985157699443413,0.8206986250464511,1214372706144.0,0.023191094619666047
2025-05-22,5386,0.9985146676568882,0.6911491260691707,1139705240128.0,0.05180096546602302
2025-05-23,5388,0.9985152190051967,0.6340148698884759,1182563708645.0,0.028025241276911656
2025-05-26,5385,0.9988857938718663,0.6597880646960401,1033872196332.0,0.008170844939647167
2025-05-27,5385,0.9990714948932219,0.7053903345724907,1024122599014.0,0.006685236768802228
2025-05-28,5383,0.9990711499164034,0.6718110821866865,1033873190229.0,0.01727661155489504
2025-05-29,5386,0.9988860007426662,0.8003717472118959,1213409808014.0,0.0072409951726698845
2025-05-30,5384,0.9988855869242199,0.7443287467460022,1164246057860.0,0.04699108469539376
2025-06-03,5380,0.9988847583643122,0.7383699292891701,1163829628083.0,0.008364312267657992
2025-06-04,5386,0.9988860007426662,0.6473977695167287,1177412986363.0,0.007055328629780914
2025-06-05,5388,0.9985152190051967,0.6302973977695168,1316962323193.0,0.018002969561989608
2025-06-06,5391,0.9985160452606195,0.5846182426156419,1177213008031.0,0.01632350213318494
2025-06-09,5387,0.9985149433822165,0.7045919315857966,1312655449256.0,0.0024132170038982737
2025-06-10,5395,0.9985171455050973,0.5650640430666419,1451437055020.0,0.018535681186283594
2025-06-11,5398,0.9983327158206743,0.6212655409166822,1286677170206.0,0.010559466469062615
2025-06-12,5398,0.9981474620229714,0.5996659242761693,1303622792392.0,0.006298629121896999
2025-06-13,5398,0.9985179696183771,0.5586270871985157,1503996573375.0,0.060207484253427195
2025-06-16,5400,0.9988888888888889,0.5849091583240638,1243641397116.0,0.006666666666666667
2025-06-17,5406,0.9988901220865705,0.5312962962962963,1237136332106.0,0.02145763965963744
2025-06-18,5406,0.9988901220865705,0.4374074074074074,1221763879841.0,0.019237883832778396
2025-06-19,5405,0.9988899167437558,0.35839970364882384,1280889732368.0,0.04995374653098982
2025-06-20,5407,0.998520436471241,0.3839599925912206,1091739560696.0,0.03717403366007028
2025-06-23,5402,0.9985190670122177,0.5658138672599184,1146922416237.0,0.004257682339874121
2025-06-24,5406,0.998520162782094,0.6441274546128196,1448058587658.0,0.015353311135775064
2025-06-25,5407,0.998520436471241,0.6892017040192628,1639505977565.0,0.009247272054743851
2025-06-26,5410,0.9985212569316081,0.678082191780822,1623222763633.0,0.008687615526802217
2025-06-27,5405,0.9985198889916743,0.6214563646470261,1575690673314.0,0.012395929694727104
2025-06-30,5405,0.9985198889916743,0.7420789327404114,1517370401139.0,0.0037002775208140612
2025-07-01,5404,0.9983345669874167,0.7338276181649676,1496531050567.0,0.011102886750555145
2025-07-02,5403,0.9987044234684435,0.6788361749444033,1405108669699.0,0.02572644826947992
2025-07-03,5403,0.9987044234684435,0.6918087472201631,1333505856979.0,0.0090690357208958
2025-07-04,5405,0.9987049028677151,0.6354205261207855,1454519456452.0,0.02257169287696577
2025-07-07,5403,0.9988895058300944,0.6021863998517695,1227066824609.0,0.009439200444197668
2025-07-08,5403,0.9988895058300944,0.7087270705947749,1474612593734.0,0.005367388487877105
2025-07-09,5406,0.9990751017388088,0.6602481022032957,1527420220142.0,0.006289308176100629
2025-07-10,5406,0.9988901220865705,0.6824074074074075,1515067527143.0,0.01609322974472808
2025-07-11,5409,0.9988907376594565,0.8021469553951508,1736609696489.0,0.011277500462192641
2025-07-14,5408,0.9988905325443787,0.7919289152165865,1480922102493.0,0.014607988165680473
2025-07-15,5408,0.9988905325443787,0.746019992595335,1635004507249.0,0.02496301775147929
2025-07-16,5407,0.9987053819123358,0.794074074074074,1461734218444.0,0.011281671906787498
2025-07-17,5407,0.9990752727945256,0.8748611625323954,1560274264552.0,0.004068799704087294
2025-07-18,5406,0.9990751017388088,0.8985373079059433,1593318991344.0,0.00684424713281539
2025-07-21,5404,0.9990747594374537,0.8877569920355621,1727135080204.0,0.0046262028127313105
2025-07-22,5402,0.9990744168826361,0.8378728923476005,1928645026624.0,0.011847463902258423
2025-07-23,5406,0.9988901220865705,0.7655555555555555,1898370906158.0,0.028671846096929337
2025-07-24,5405,0.9988899167437558,0.8155213928505278,1873880698767.0,0.0075855689176688255
2025-07-25,5407,0.9988903273534308,0.8174412145898907,1815451234121.0,0.019234325873867208
2025-07-28,5408,0.9990754437869822,0.7736442717009069,1766150090249.0,0.010724852071005916
2025-07-29,5412,0.9990761271249076,0.7558720177547623,1829309368780.0,0.006282335550628234
2025-07-30,5412,0.9988913525498891,0.7587865334813171,1870976302110.0,0.019955654101995565
2025-07-31,5409,0.9987058606026992,0.6562384302110329,1961849007799.0,0.021630615640599003
2025-08-01,5410,0.9987060998151571,0.73662779937072,1619883671413.0,0.014232902033271719
2025-08-04,5407,0.9988903273534308,0.743010553601185,1518202456083.0,0.006658035879415572
2025-08-05,5408,0.9988905325443787,0.7423176601258793,1615821323538.0,0.008875739644970414
2025-08-06,5410,0.9988909426987062,0.7747964470762398,1759241728842.0,0.007948243992606284
2025-08-07,5409,0.9988907376594565,0.7551360355358134,1852479305169.0,0.009243852837862821
2025-08-08,5411,0.9985215302162262,0.7325559874143994,1736302971196.0,0.01995934208094622
2025-08-11,5413,0.998522076482542,0.7785383903792784,1849917267630.0,0.004064289673009422
2025-08-12,5416,0.9985228951255539,0.8284023668639053,1905210430221.0,0.011078286558345642
2025-08-13,5412,0.9985218033998522,0.8186528497409327,2175210716098.0,0.003695491500369549
2025-08-14,5413,0.9983373360428598,0.6905995558845299,2306282565235.0,0.051727323111029004
2025-08-15,5412,0.9983370288248337,0.7573570238756246,2272838040823.0,0.003880266075388027
2025-08-18,5410,0.9983364140480592,0.7422699500092576,2809130228295.0,0.004066543438077634
2025-08-19,5413,0.9987068169222243,0.7432482426933037,2640679593860.0,0.014963975614261962
2025-08-20,5411,0.9985215302162262,0.8271330742180271,2448414475101.0,0.01774163740528553
2025-08-21,5414,0.9985223494643517,0.7691453940066593,2460335049734.0,0.028444772811230146
2025-08-22,5415,0.9983379501385041,0.7950425453200148,2578842283783.0,0.0046168051708217915
2025-08-25,5415,0.9983379501385041,0.8327783943766186,3176948203563.0,0.006463527239150508
2025-08-26,5416,0.9985228951255539,0.8433801775147929,2709831065742.0,0.019387001477104874
2025-08-27,5417,0.9987077718294258,0.6911275415896488,3197788291965.0,0.08325641498984677
2025-08-28,5417,0.9985231678050581,0.7729709743020892,3000890233547.0,0.012922281705741185
2025-08-29,5414,0.9985223494643517,0.7195708472068072,2830197224983.0,0.028075360177318064
2025-09-01,5414,0.9985223494643517,0.7001479837217907,2777646700622.0,0.008127077946065755
2025-09-02,5415,0.9987072945521699,0.5980029585798816,2912423043022.0,0.10120036934441366
2025-09-03,5417,0.9987077718294258,0.4674676524953789,2395682256551.0,0.068672697064796
2025-09-04,5416,0.9990768094534712,0.44834596192940307,2581892828988.0,0.08604135893648449
2025-09-05,5417,0.9988923758537936,0.5418591757530955,2348359289786.0,0.0053535167066642055
2025-09-08,5419,0.9988927846466138,0.547940144097543,2463137922366.0,0.01587008673186935
2025-09-09,5420,0.9988929889298893,0.5073882526782416,2152080368450.0,0.034870848708487084
2025-09-10,5422,0.99889339727038,0.48615214180206795,2003952265910.0,0.012725931390630763
2025-09-11,5421,0.9988931931377975,0.63730378578024,2464592729692.0,0.002582549345139273
2025-09-12,5424,0.9988938053097345,0.5393133997785161,2548311820445.0,0.011799410029498525
2025-09-15,5422,0.99889339727038,0.4713810930576071,2303180069986.0,0.010328292143120619
2025-09-16,5422,0.9990778310586499,0.48809304042828133,2367069158710.0,0.004610844706750277
2025-09-17,5421,0.9990776609481645,0.4597488921713442,2402923862912.0,0.00793211584578491
2025-09-18,5420,0.9992619926199262,0.4008493353028065,3166643257680.0,0.025461254612546124
2025-09-19,5422,0.9990778310586499,0.36754661251615284,2349413156760.0,0.032275912947251933
2025-09-22,5418,0.9990771502399409,0.32348050988361354,2142462764493.0,0.020302694721299374
2025-09-23,5424,0.9988938053097345,0.2807308970099668,2518471303486.0,0.04535398230088496
2025-09-24,5422,0.9990778310586499,0.41129776629130516,2347154285930.0,0.009221689413500553
2025-09-25,5426,0.9985256173977147,0.3595422665190107,2391770731518.0,0.018614080353851824
2025-09-26,5426,0.998341319572429,0.3429942772752446,2166107175891.0,0.054183560633984516
2025-09-29,5420,0.9983394833948339,0.3413417113287747,2178142641662.0,0.00922509225092251
2025-09-30,5423,0.9979716024340771,0.41407982261640797,2197249493905.0,0.00866678959985248
2025-10-09,5419,0.9979701051854586,0.5649038461538461,2671818087960.0,0.02288245063664883
2025-10-10,5422,0.9979712283290298,0.585104416928479,2534146454094.0,0.07229804500184434
2025-10-13,5424,0.9981563421828908,0.4501292944218692,2374221492666.0,0.018805309734513276
2025-10-14,5424,0.9981563421828908,0.35592907277428887,2596585408839.0,0.08222713864306784
2025-10-15,5424,0.9983407079646017,0.4481994459833795,2090386715402.0,0.009402654867256638
2025-10-16,5428,0.9981577008106116,0.3977482465854559,1948658599677.0,0.02302873986735446
2025-10-17,5431,0.9979745903148591,0.25940959409594094,1954407554406.0,0.11508009574663966
2025-10-20,5430,0.9979742173112339,0.30134711201328657,1751294505763.0,0.009576427255985266
2025-10-21,5429,0.9979738441701971,0.3815060908084164,1892692698877.0,0.0033155277214956713
2025-10-22,5429,0.9977896481856695,0.3435480893483478,1690256794954.0,0.01639344262295082
2025-10-23,5431,0.9977904621616646,0.35726148735929136,1660708816795.0,0.020990609464187075
2025-10-24,5432,0.9977908689248896,0.4488929889298893,1991616752230.0,0.013070692194403535
2025-10-27,5431,0.9977904621616646,0.5093190625576675,2356588539434.0,0.010679432885288161
2025-10-28,5432,0.9972385861561119,0.5251984493261953,2165306650224.0,0.018961708394698084
2025-10-29,5432,0.9972385861561119,0.6167620454125899,2290674105179.0,0.014727540500736377
2025-10-30,5431,0.9977904621616646,0.47905517623177707,2464294237052.0,0.047505063524212854
2025-10-31,5432,0.9979749631811488,0.5692676627928427,2349813486528.0,0.02687776141384389
2025-11-03,5434,0.9977916820022084,0.6399852452969385,2132903846290.0,0.013433934486566065
2025-11-04,5434,0.9981597350018403,0.5625,1938394964734.0,0.025027603974972397
2025-11-05,5434,0.9979757085020243,0.5808593029688365,1894339866494.0,0.006072874493927126
2025-11-06,5434,0.9979757085020243,0.5613129264244883,2075903916512.0,0.014538093485461907
2025-11-07,5436,0.9976085356880059,0.554121335054398,2020204970657.0,0.013245033112582781
2025-11-10,5439,0.9976098547527119,0.6150018429782529,2194371384345.0,0.014340871483728626
2025-11-11,5439,0.9976098547527119,0.6690011057869517,2013885360926.0,0.01305387019672734
2025-11-12,5441,0.9977945230656129,0.5772702155093019,1964813023859.0,0.027568461679838265
2025-11-13,5440,0.9979779411764705,0.6653158961134648,2065680879651.0,0.0022058823529411764
2025-11-14,5438,0.9979771974990805,0.7464529205822739,1980381884094.0,0.032364840014711294
2025-11-17,5437,0.9979768254552143,0.693328418724659,1930321103304.0,0.015081846606584513
2025-11-18,5440,0.997610294117647,0.5607149437995209,1945958604615.0,0.048161764705882355
2025-11-19,5442,0.9976111723631018,0.4999079020077362,1742665765416.0,0.034729878721058434
2025-11-20,5441,0.9977945230656129,0.4439123227113649,1722634730148.0,0.029957728358757582
2025-11-21,5444,0.9976120499632624,0.2599889523108083,1983599376133.0,0.2760837619397502
2025-11-24,5440,0.9983455882352941,0.2876081752900018,1740350182636.0,0.01801470588235294
2025-11-25,5438,0.9981610886355278,0.32774502579218867,1826169389962.0,0.003677822728944465
2025-11-26,5434,0.9981597350018403,0.3088126843657817,1797190474216.0,0.018586676481413322
2025-11-27,5434,0.9979757085020243,0.3546007744790706,1723172379591.0,0.015642252484357747
2025-11-28,5433,0.9981593962819805,0.3623455651853218,1597730794393.0,0.00533775078225658
2025-12-01,5432,0.998159057437408,0.34968646255994096,1889449234179.0,0.008836524300441826
2025-12-02,5436,0.9981604120676968,0.3564319941024696,1607266719958.0,0.00974981604120677
2025-12-03,5442,0.9981624402793091,0.30559646539027985,1683556162338.0,0.024807056229327454
2025-12-04,5440,0.9985294117647059,0.2503681885125184,1561665471312.0,0.027941176470588237
2025-12-05,5438,0.998344979771975,0.2965555350893351,1738952859111.0,0.00735564545788893
2025-12-08,5440,0.9983455882352941,0.30086540232001474,2051611871628.0,0.004595588235294118
2025-12-09,5441,0.9983458922992097,0.27430044182621505,1917689372283.0,0.018011394964161
2025-12-10,5438,0.9981610886355278,0.289240972733972,1791634157760.0,0.008642883413019492
2025-12-11,5442,0.9981624402793091,0.21373343151693666,1885275975968.0,0.044101433296582136
2025-12-12,5444,0.9981631153563556,0.24806772175193229,2119009686465.0,0.019654665686994855
2025-12-15,5443,0.998713944515892,0.23693892568064753,1794419910172.0,0.02535366525812971
2025-12-16,5445,0.9985307621671258,0.2286187235607872,1748090890921.0,0.06042240587695133
2025-12-17,5446,0.998347410943812,0.27827846238734594,1834364912288.0,0.02001468968049945
2025-12-18,5449,0.998348320792806,0.31727941176470587,1676800696865.0,0.01523215268856671
2025-12-19,5448,0.9981644640234949,0.5976461934534756,1748741853794.0,0.007709251101321586
2025-12-22,5444,0.99834680382072,0.5413063477460902,1882193940957.0,0.0106539309331374
2025-12-23,5449,0.9977977610570747,0.4408681258046717,1921373040786.0,0.02807854652229767
2025-12-24,5451,0.9977985690698954,0.5293252436109579,1897241756428.0,0.0049532195927352776
2025-12-25,5454,0.9976164283094976,0.5623966182687006,1943917869214.0,0.0034836817015034835
2025-12-26,5453,0.997615991197506,0.4944852941176471,2181103641944.0,0.00715202640748212
2025-12-29,5455,0.9978001833180569,0.4300936983281279,2157686377022.0,0.02548120989917507
2025-12-30,5457,0.9974344878138172,0.4455263641374242,2161531644336.0,0.023272860546087595
2025-12-31,5458,0.9970685232685965,0.4829106945975744,2065788014487.0,0.014840600952729937
2026-01-05,5457,0.9972512369433755,0.6455347298787211,2567239811635.0,0.011361553967381345
2026-01-06,5459,0.9970690602674482,0.6338416314532427,2832277969205.0,0.005129144531965561
2026-01-07,5460,0.9970695970695971,0.5927626745040412,2881565961189.0,0.011904761904761904
2026-01-08,5459,0.9972522440007328,0.6948934606906686,2826302442822.0,0.007876900531232826
2026-01-09,5459,0.9972522440007328,0.7472446730345335,3152368298167.0,0.00677779813152592
2026-01-12,5459,0.9972522440007328,0.8580088170462895,3644614289497.0,0.0064114306649569516
2026-01-13,5452,0.9972487160674982,0.8451351848445834,3698811083914.0,0.09721203228173148
2026-01-14,5454,0.9974330766409975,0.8474264705882353,3986861533538.0,0.013568023469013568
2026-01-15,5457,0.9974344878138172,0.8688223406209811,2938493793991.0,0.057174271577789995
2026-01-16,5460,0.9974358974358974,0.8433712816746236,3056523974277.0,0.04285714285714286
2026-01-19,5461,0.9976194836110602,0.8623348017621145,2732216214272.0,0.01977659769273027
2026-01-20,5467,0.9976220962136455,0.8111477814448111,2804235216197.0,0.043168099506127676
2026-01-21,5465,0.9979871912168344,0.8050971763843051,2623747053499.0,0.013174748398902104
2026-01-22,5466,0.9979875594584705,0.8595783684692943,2716404578145.0,0.009330406147091108
2026-01-23,5467,0.9981708432412658,0.8667766171889316,3118107722921.0,0.007133711359063472
2026-01-26,5463,0.9981695039355666,0.8041445076104896,3280644397750.0,0.08603331502837269
2026-01-27,5463,0.9981695039355666,0.7810379607555474,2921453671610.0,0.019220208676551345
2026-01-28,5464,0.9983528550512445,0.7664527956003666,2992289486153.0,0.031112737920937043
2026-01-29,5465,0.9985361390667886,0.7456477918270111,3259417550198.0,0.05635864592863678
2026-01-30,5462,0.9983522519223728,0.7309737759031726,2862425410436.0,0.054741852801171734
2026-02-02,5464,0.9985358711566618,0.5555351906158358,2606637984538.0,0.15428257686676428
2026-02-03,5465,0.9983531564501372,0.5822947214076246,2565612992446.0,0.006221408966148216
2026-02-04,5468,0.9983540599853694,0.6116504854368932,2503262865556.0,0.023043160204828092
2026-02-05,5467,0.9981708432412658,0.5393073117097307,2194279690357.0,0.04481434058898848
2026-02-06,5466,0.9981705085986096,0.4939516129032258,2163475055528.0,0.014635931211123308
2026-02-09,5465,0.9981701738334858,0.48102658111824015,2270179145333.0,0.0040256175663311985
2026-02-10,5470,0.9976234003656307,0.5268462525196995,2124744548281.0,0.013893967093235832
2026-02-11,5470,0.9976234003656307,0.5039398937144951,2001043433689.0,0.019012797074954298
2026-02-12,5476,0.9976260043827612,0.49679663188724144,2160770686539.0,0.014061358655953251
2026-02-13,5474,0.9976251370113263,0.46053836293719097,1998941692928.0,0.02393131165509682
2026-02-24,5474,0.9976251370113263,0.47152536165537445,2218160722196.0,0.022835221044939714
2026-02-25,5471,0.9978066167062695,0.5308664590584357,2480891982690.0,0.007859623469201243
2026-02-26,5471,0.9978066167062695,0.5160285766623923,2556639456212.0,0.008225187351489673
2026-02-27,5471,0.9978066167062695,0.5004579593332112,2505480227081.0,0.008956315116066533
2026-03-02,5470,0.9978062157221207,0.3618541590326127,3045764686707.0,0.08939670932358318
2026-03-03,5472,0.9978070175438597,0.29120879120879123,3157557743652.0,0.27558479532163743
2026-03-04,5474,0.9979905005480453,0.2844590884129599,2387941675351.0,0.027584947022287174
2026-03-05,5476,0.997991234477721,0.3425434583714547,2412590766721.0,0.0147918188458729
2026-03-06,5477,0.9979916012415556,0.43779729235272596,2219238855323.0,0.01004199379222202
2026-03-09,5481,0.9978106185002736,0.40610714938745657,2670581822513.0,0.029009304871373837
2026-03-10,5479,0.9979923343675853,0.5982077542062911,2416829506592.0,0.0093082679321044
2026-03-11,5482,0.9979934330536301,0.4969840979711205,2528293901340.0,0.006566946369937978
2026-03-12,5482,0.9981758482305728,0.43165204678362573,2460555248760.0,0.021524990879241153
2026-03-13,5481,0.9981755154168948,0.4355693657466642,2417275519133.0,0.04798394453566868
2026-03-16,5480,0.9981751824817519,0.43016453382084097,2339903116308.0,0.02664233576642336
2026-03-17,5478,0.9987221613727638,0.30177298482909887,2224568131392.0,0.0795910916392844
2026-03-18,5479,0.9987223945975543,0.3305921052631579,2061027859931.0,0.011315933564519072
2026-03-19,5479,0.9989049096550465,0.2503197515074,2127261718109.0,0.08359189633144734
2026-03-20,5481,0.9987228607918263,0.20643039824625503,2302824611707.0,0.09414340448823208
2026-03-23,5483,0.9987233266459967,0.14883126369612856,2448105222371.0,0.6233813605690316
2026-03-24,5481,0.9987228607918263,0.16532700036536355,2096069957122.0,0.002736726874657909
2026-03-25,5482,0.9985406785844583,0.1812203142126416,2192853021113.0,0.0036483035388544327
2026-03-26,5481,0.9985404123335158,0.15987575369998172,1956968363436.0,0.051268016785258164
2026-03-27,5478,0.9983570646221248,0.1649296032181386,1863792357710.0,0.008397225264695144
2026-03-30,5476,0.9981738495252008,0.18697402122210025,1927548105482.0,0.022826880934989042
2026-03-31,5482,0.9978110178766874,0.2173674588665448,2005905366886.0,0.0684056913535206
2026-04-01,5485,0.9978122151321787,0.28174675680613925,2024837697663.0,0.013126709206927985
2026-04-02,5485,0.9979945305378305,0.21775666788454512,1857789952382.0,0.04867821330902461
2026-04-03,5486,0.998177178271965,0.1389700511322133,1668913111903.0,0.0916879329201604
2026-04-07,5484,0.9981765134938001,0.1689806357325539,1623581024468.0,0.010940919037199124
2026-04-08,5490,0.9978142076502732,0.1964220518437386,2450644988823.0,0.010018214936247723
2026-04-09,5491,0.9978146057184484,0.1761270304800146,2147341438986.0,0.018393735203059553
2026-04-10,5495,0.997270245677889,0.21113138686131386,2337611173968.0,0.010009099181073703
2026-04-13,5494,0.9970877320713506,0.2322015334063527,2163064886938.0,0.015471423370950128
2026-04-14,5496,0.9970887918486172,0.2594890510948905,2396798587915.0,0.005640465793304222
2026-04-15,5494,0.9972697488168911,0.31848877532396425,2429477820339.0,0.01892974153622133
2026-04-16,5498,0.9967260822117133,0.3177007299270073,2354962986554.0,0.006365951255001819
2026-04-17,5497,0.9967254866290705,0.46121555028289835,2452893221587.0,0.00909587047480444
2026-04-20,5493,0.996541052248316,0.6452320058458166,2606522778409.0,0.012561441835062807
2026-04-21,5498,0.9961804292469989,0.8513784918751142,2426646682146.0,0.02091669698072026
2026-04-22,5497,0.9965435692195743,0.7371303395399781,2578847156589.0,0.011642714207749682
2026-04-23,5494,0.9965416818347288,0.5857534246575342,2823315532636.0,0.06243174372042228
2026-04-24,5496,0.9963609898107715,0.6453615777940103,2657622712603.0,0.046579330422125184
2026-04-27,5495,0.9963603275705186,0.6021917808219178,2604807456078.0,0.03166515013648771
2026-04-28,5488,0.996902332361516,0.5339060500822519,2550473217357.0,0.0592201166180758
2026-04-29,5462,0.9968875869644819,0.6508723599632691,2608873892890.0,0.020322226290735993
2026-04-30,5460,0.9967032967032967,0.5933480338110989,2759205598067.0,0.028205128205128206
2026-05-06,5490,0.9967213114754099,0.6741593567251462,3246596327641.0,0.011111111111111112
2026-05-07,5493,0.996541052248316,0.7873584216295214,3168269724249.0,0.017294738758419807
2026-05-08,5491,0.9969040247678018,0.7842528315674095,3075719586376.0,0.011655436168275359
2026-05-11,5491,0.9965397923875432,0.6756213450292398,3565452832180.0,0.011291203788016754
2026-05-12,5490,0.9970856102003643,0.6881622214103033,3269736242917.0,0.028233151183970857
2026-05-13,5493,0.9972692517749864,0.6681270536692223,3264212322031.0,0.009284543965046422
2026-05-14,5493,0.9972692517749864,0.5936473165388828,3388086341176.0,0.09466593846714
2026-05-15,5495,0.9969062784349408,0.5394304490690033,3370232295625.0,0.04640582347588717
2026-05-18,5499,0.9970903800691034,0.5489695422214116,2917073666062.0,0.03127841425713766
2026-05-19,5494,0.9972697488168911,0.5406096002920241,2908976620151.0,0.015835456862031305
2026-05-20,5498,0.9974536194979993,0.49671772428884026,2976458677756.0,0.03437613677700982
2026-05-21,5501,0.9978185784402835,0.39114592822007654,3507279541527.0,0.20723504817305943
2026-05-22,5504,0.9972747093023255,0.4410639460739661,2924659105588.0,0.008902616279069768
2026-05-25,5504,0.9972747093023255,0.4243031517580616,3226952453297.0,0.03542877906976744
2026-05-26,5504,0.9976380813953488,0.4077581496995083,3264359080086.0,0.0715843023255814
2026-05-27,5506,0.9974573192880494,0.36598689002185,3259904342636.0,0.10297856883399928
2026-05-28,5506,0.9974573192880494,0.359796067006555,2987326312133.058,0.018162005085361425
2026-05-29,5506,0.9974573192880494,0.32064821558630735,3340858147527.8306,0.2270250635670178
2026-06-01,5508,0.9976397966594045,0.3124658780709736,2896724496515.0615,0.05773420479302832
2026-06-02,5507,0.9976393680769929,0.2926829268292683,2812849119642.5684,0.03195932449609588
2026-06-03,5511,0.9978225367446925,0.25659210765593743,3153124584033.4707,0.023407729994556342
2026-06-04,5511,0.9978225367446925,0.21913075104564467,2779163742118.0,0.043367809834875704
2026-06-05,5514,0.9980050779833152,0.20243503543521715,3100690304725.0,0.04334421472615162
2026-06-08,5515,0.9978241160471442,0.1539160457932037,2823428976929.0,0.20707162284678152
2026-06-09,5515,0.9976427923844061,0.17957106506724826,2666732928500.1914,0.01668177697189483
2026-06-10,5515,0.9976427923844061,0.1515812431842966,2644143271071.5986,0.10299184043517678
2026-06-11,5517,0.9978249048395867,0.16021798365122616,2574932584672.0996,0.0826536160957042
2026-06-12,5525,0.9981900452488688,0.17388939256572983,3236111011633.8574,0.03819004524886878
2026-06-15,5516,0.9980058013052937,0.20635785649409627,3050741533334.689,0.011240029006526469
2026-06-16,5516,0.9980058013052937,0.19255222524977295,3086346944354.593,0.014321972443799855
2026-06-17,5514,0.9980050779833152,0.20152644012356896,3114039050054.7793,0.021218715995647442
2026-06-18,5526,0.9985522982265653,0.2355926060166727,3331719013167.078,0.043973941368078175
2026-06-22,5512,0.9985486211901307,0.22274709302325582,3762103098946.898,0.04426705370101597
2026-06-23,5519,0.9985504620402247,0.2233714389403012,3466026692859.3086,0.07881862656278311
2026-06-24,5514,0.9987305041712006,0.2324314508806973,3306939189063.588,0.07181719260065289
2026-06-25,5514,0.9987305041712006,0.24677682948974033,3618944417257.991,0.0861443598113892
2026-06-26,5518,0.998731424429141,0.20050807475957177,3575391121447.679,0.1853932584269663
2026-06-29,5517,0.9985499365597245,0.2337992376111817,3539341107610.8486,0.08555374297625522
2026-06-30,5514,0.9983677910772579,0.25177111716621253,3293819556840.0283,0.01632208922742111
2026-07-01,5514,0.9983677910772579,0.28483197093551316,3682796937576.3613,0.03663402248821183
2026-07-02,5517,0.9980061627696212,0.287686160552125,3473926261966.39,0.09932934565887258
2026-07-03,5517,0.9981874206996556,0.3382967132740149,3205261678234.5815,0.05655247417074497
2026-07-06,5518,0.9983689742660384,0.30568161190778725,3112436883658.94,0.1293947082276187
2026-07-07,5519,0.9985504620402247,0.3039375793866812,2598465509548.6387,0.14006160536329046
2026-07-08,5519,0.9983692697952528,0.25535390199637026,2582591573100.372,0.13172676209458234
2026-07-09,5521,0.9983698605325122,0.27757619738751815,2932256567475.9883,0.019561673609853288
2026-07-10,5530,0.9980108499095841,0.3243341184997282,3410693253605.99,0.06943942133815552
2026-07-13,5525,0.9981900452488688,0.21523118766999094,2834713028364.4893,0.4056108597285068
2026-07-14,5525,0.9981900452488688,0.20815956482320944,2719494232149.379,0.030407239819004526
2026-07-15,5525,0.9981900452488688,0.23390752493200362,2587411270434.6606,0.0865158371040724
2026-07-16,5526,0.9980094100615273,0.2654578422484134,2418945159867.2305,0.10513934129569309
2026-07-17,5527,0.9980097702189252,0.2151921682378535,2671649220491.271,0.40455943549846207
2026-07-20,5524,0.9980086893555394,0.2027933974242699,2718082404535.5205,0.27353367125271544
2026-07-21,5525,0.9980090497737557,0.17863619876677547,2974202410648.5117,0.027873303167420815
2026-07-22,5526,0.997828447339848,0.22107363075807038,2668640409736.701,0.04469779225479551
2026-07-23,5526,0.9980094100615273,0.2991840435176791,2209478304347.07,0.02099167571480275
2026-07-24,5529,0.998010490142883,0.29213483146067415,1944459960335.3293,0.12859468258274553
2026-07-27,5524,0.997827661115134,0.3459724238026125,2088697820390.831,0.004706734250543085
2026-07-28,5524,0.997827661115134,0.36683599419448476,2039138901812.4495,0.11133236784938451
2026-07-29,5524,0.9980086893555394,0.33665880645746415,2311727110108.0996,0.03186097031136857
2026-07-30,5534,0.9978315865558366,0.33158275986961244,2358421515227.571,0.18648355619804843
2026-07-31,5534,0.9978315865558366,0.33429916696848966,2559898143489.411,0.0023491145645103
2026-08-03,5533,0.9976504608711368,0.411231884057971,2011058574248.8599,0.039761431411530816
2026-08-04,5531,0.9976496112818658,0.516491482421167,2228440633552.0903,0.001446393057313325
2026-08-05,5532,0.99765003615329,0.5892371806486683,2679886031716.9014,0.0019884309472161968
2026-08-06,5534,0.9978315865558366,0.5954364360738863,2547511157543.302,0.008854354897000361
2026-08-07,5535,0.9976513098464318,0.5695400217312568,2683401729382.0693,0.00939476061427281
2026-08-10,5538,0.9976525821596244,0.7366515837104073,2538711229929.3193,0.012459371614301192
2026-08-11,5539,0.997111391948005,0.6918341481079123,2335593609501.76,0.021122946380213035
2026-08-12,5541,0.9971124345785959,0.703710407239819,2167164143116.1511,0.0027070925825663237
2026-08-13,5541,0.9971124345785959,0.676923076923077,2567977491209.0474,0.022920050532394876
2026-08-14,5542,0.9971129556116926,0.8391241404270721,2156575573746.92,0.018946228798267774
2026-08-17,5541,0.9971124345785959,0.8830769230769231,2402511678610.2324,0.005233712326294893
2026-08-18,5541,0.9971124345785959,0.869683257918552,2419778578489.5303,0.018588702400288756
2026-08-19,5542,0.9967520750631541,0.7894641564083997,2530010568956.5693,0.36015878744135693
2026-08-20,5542,0.9967520750631541,0.7742577842143374,2093909021306.9,0.021291952363767592
2026-08-21,5549,0.9969363849342224,0.8568329718004338,1892255839010.7908,0.03892593260046855
2026-08-24,5547,0.9969352803317109,0.7240506329113924,2021215318550.7498,0.06850549846764016
2026-08-25,5548,0.9969358327325162,0.8025673476767311,1844278181251.6494,0.010454217736121124
2026-08-26,5548,0.9971160778658976,0.7552422270426609,1821814999754.0916,0.0136986301369863
2026-08-27,5548,0.9971160778658976,0.7903109182935647,2140959919626.56,0.007209805335255948
2026-08-28,5551,0.9971176364618988,0.7468834688346884,2117732336241.0696,0.024860385516123223
2026-08-31,5549,0.9972968102360785,0.7072641850379472,2145356257431.9114,0.021084880158587133
2026-09-01,5548,0.9971160778658976,0.7073391178597253,2051946105381.4106,0.030641672674837778
