index_id,index_name,event_id,event_type,event_date,window_start,window_end,strategy,local_max_drawdown,exposure_5d_before,exposure_at_start,minimum_exposure,exposure_at_end,target_changes_in_window,all_sample_five_day_flips
CSI300,沪深300,CSI300-rapid_crash-001,rapid_crash,2018-02-09,2018-02-09,2018-02-09,Buy & Hold,-0.0,1.0,1.0,1.0,1.0,0,0
CSI300,沪深300,CSI300-rapid_crash-001,rapid_crash,2018-02-09,2018-02-09,2018-02-09,Constant Exposure - Train Fixed,-0.0,0.628139685725962,0.6256556448504453,0.6256556448504453,0.6256556448504453,0,0
CSI300,沪深300,CSI300-rapid_crash-001,rapid_crash,2018-02-09,2018-02-09,2018-02-09,MA200,-0.0,1.0,1.0,1.0,1.0,0,43
CSI300,沪深300,CSI300-rapid_crash-001,rapid_crash,2018-02-09,2018-02-09,2018-02-09,MA20/MA60,-0.0,1.0,1.0,1.0,1.0,0,6
CSI300,沪深300,CSI300-rapid_crash-001,rapid_crash,2018-02-09,2018-02-09,2018-02-09,Volatility Targeting,-0.0,0.9612391323676819,0.840894516077592,0.840894516077592,0.840894516077592,1,633
CSI300,沪深300,CSI300-rapid_crash-001,rapid_crash,2018-02-09,2018-02-09,2018-02-09,Risk Score,-0.0,0.44910161370418605,0.3965621703765499,0.3965621703765499,0.3965621703765499,0,249
CSI300,沪深300,CSI300-rapid_crash-002,rapid_crash,2020-02-03,2020-02-03,2020-02-03,Buy & Hold,-0.0,1.0,1.0,1.0,1.0,0,0
CSI300,沪深300,CSI300-rapid_crash-002,rapid_crash,2020-02-03,2020-02-03,2020-02-03,Constant Exposure - Train Fixed,-0.0,0.6262430280228501,0.6304274904664507,0.6304274904664507,0.6304274904664507,0,0
CSI300,沪深300,CSI300-rapid_crash-002,rapid_crash,2020-02-03,2020-02-03,2020-02-03,MA200,-0.0,1.0,1.0,1.0,1.0,0,43
CSI300,沪深300,CSI300-rapid_crash-002,rapid_crash,2020-02-03,2020-02-03,2020-02-03,MA20/MA60,-0.0,1.0,1.0,1.0,1.0,0,6
CSI300,沪深300,CSI300-rapid_crash-002,rapid_crash,2020-02-03,2020-02-03,2020-02-03,Volatility Targeting,-0.0,1.0,0.8522293564638818,0.8522293564638818,0.8522293564638818,1,633
CSI300,沪深300,CSI300-rapid_crash-002,rapid_crash,2020-02-03,2020-02-03,2020-02-03,Risk Score,-0.0,0.8494015307394174,0.6530618566832754,0.6530618566832754,0.6530618566832754,1,249
CSI300,沪深300,CSI300-high_volatility-003,high_volatility,2018-11-02,2018-11-02,2018-11-02,Buy & Hold,-0.0,1.0,1.0,1.0,1.0,0,0
CSI300,沪深300,CSI300-high_volatility-003,high_volatility,2018-11-02,2018-11-02,2018-11-02,Constant Exposure - Train Fixed,-0.0,0.6285121831467981,0.6312619014004782,0.6312619014004782,0.6312619014004782,0,0
CSI300,沪深300,CSI300-high_volatility-003,high_volatility,2018-11-02,2018-11-02,2018-11-02,MA200,-0.0,0.1996747524399828,0.20155071849041187,0.20155071849041187,0.20155071849041187,0,43
CSI300,沪深300,CSI300-high_volatility-003,high_volatility,2018-11-02,2018-11-02,2018-11-02,MA20/MA60,-0.0,0.1996747524399828,0.20155071849041187,0.20155071849041187,0.20155071849041187,0,6
CSI300,沪深300,CSI300-high_volatility-003,high_volatility,2018-11-02,2018-11-02,2018-11-02,Volatility Targeting,-0.0,0.4161619284614092,0.4155036897097587,0.4155036897097587,0.4155036897097587,1,633
CSI300,沪深300,CSI300-high_volatility-003,high_volatility,2018-11-02,2018-11-02,2018-11-02,Risk Score,-0.0,0.3592636037098861,0.40232212434367903,0.40232212434367903,0.40232212434367903,0,249
CSI300,沪深300,CSI300-high_volatility-004,high_volatility,2024-09-30,2024-09-30,2024-11-04,Buy & Hold,0.10993043343334219,1.0,1.0,1.0,1.0,0,0
CSI300,沪深300,CSI300-high_volatility-004,high_volatility,2024-09-30,2024-09-30,2024-11-04,Constant Exposure - Train Fixed,0.06844748837223791,0.6199194525112302,0.6254108437176409,0.6026756206334807,0.617987445073072,0,0
CSI300,沪深300,CSI300-high_volatility-004,high_volatility,2024-09-30,2024-09-30,2024-11-04,MA200,0.10993043343494613,0.36258945904254536,1.0000001778714052,1.0,1.0,0,43
CSI300,沪深300,CSI300-high_volatility-004,high_volatility,2024-09-30,2024-09-30,2024-11-04,MA20/MA60,0.06085094388312584,0.20326747655500488,0.20705931982292355,0.19174716097843922,1.0,1,6
CSI300,沪深300,CSI300-high_volatility-004,high_volatility,2024-09-30,2024-09-30,2024-11-04,Volatility Targeting,0.03682175665206333,0.8310219572261236,0.5428776331096749,0.270846789407215,0.29861077869738467,21,633
CSI300,沪深300,CSI300-high_volatility-004,high_volatility,2024-09-30,2024-09-30,2024-11-04,Risk Score,0.10328579150595707,0.8027118314004629,1.0000000320193119,0.8471485262897699,0.8515235741149648,1,249
CSI300,沪深300,CSI300-bear_market-005,bear_market,2018-01-24,2018-01-24,2020-07-03,Buy & Hold,0.3246196888105487,1.0,1.0,1.0,1.0,0,0
CSI300,沪深300,CSI300-bear_market-005,bear_market,2018-01-24,2018-01-24,2020-07-03,Constant Exposure - Train Fixed,0.21466515314667056,0.6300602786356626,0.6290320500653682,0.6033140554155096,0.6308669602891304,2,0
CSI300,沪深300,CSI300-bear_market-005,bear_market,2018-01-24,2018-01-24,2020-07-03,MA200,0.17750602493543022,1.0,1.0,0.19557042385847848,1.0,12,43
CSI300,沪深300,CSI300-bear_market-005,bear_market,2018-01-24,2018-01-24,2020-07-03,MA20/MA60,0.2189190389810023,1.0,1.0,0.1955704238584785,1.0,12,6
CSI300,沪深300,CSI300-bear_market-005,bear_market,2018-01-24,2018-01-24,2020-07-03,Volatility Targeting,0.2931975643497101,1.0,1.0,0.3881944649576839,1.0,445,633
CSI300,沪深300,CSI300-bear_market-005,bear_market,2018-01-24,2018-01-24,2020-07-03,Risk Score,0.20353495673875666,0.7305985468906194,0.850013033139991,0.19699906002580692,0.8519213460160978,131,249
CSI300,沪深300,CSI300-bear_market_unrecovered-006,bear_market_unrecovered,2021-02-10,2021-02-10,2026-09-01,Buy & Hold,0.45602620484864576,1.0,1.0,1.0,1.0,0,0
CSI300,沪深300,CSI300-bear_market_unrecovered-006,bear_market_unrecovered,2021-02-10,2021-02-10,2026-09-01,Constant Exposure - Train Fixed,0.3103452357317341,0.6202381540899611,0.6229420268257807,0.5899242769872342,0.6995394835236486,5,0
CSI300,沪深300,CSI300-bear_market_unrecovered-006,bear_market_unrecovered,2021-02-10,2021-02-10,2026-09-01,MA200,0.3577608745602958,1.0,1.0,0.1934466884908243,0.19974743281766888,59,43
CSI300,沪深300,CSI300-bear_market_unrecovered-006,bear_market_unrecovered,2021-02-10,2021-02-10,2026-09-01,MA20/MA60,0.38287465092179607,1.0,1.0,0.19174716097843922,0.19974743281766888,31,6
CSI300,沪深300,CSI300-bear_market_unrecovered-006,bear_market_unrecovered,2021-02-10,2021-02-10,2026-09-01,Volatility Targeting,0.447832577970114,0.6710942035727558,0.7096144143246045,0.270846789407215,0.9212188621896114,733,633
CSI300,沪深300,CSI300-bear_market_unrecovered-006,bear_market_unrecovered,2021-02-10,2021-02-10,2026-09-01,Risk Score,0.3950657971973902,0.6512738036026403,0.6538646844087722,0.19448628821324362,0.6496412563708466,291,249
CSI300,沪深300,CSI300-sideways_market-007,sideways_market,2018-01-02,2018-01-02,2018-04-02,Buy & Hold,0.1251132005658553,,1.0,1.0,1.0,0,0
CSI300,沪深300,CSI300-sideways_market-007,sideways_market,2018-01-02,2018-01-02,2018-04-02,Constant Exposure - Train Fixed,0.08018276599451413,,0.0,0.0,0.6284035432182595,0,0
CSI300,沪深300,CSI300-sideways_market-007,sideways_market,2018-01-02,2018-01-02,2018-04-02,MA200,0.1362092747410465,,1.0,0.19907480150426904,0.19958568398656848,3,43
CSI300,沪深300,CSI300-sideways_market-007,sideways_market,2018-01-02,2018-01-02,2018-04-02,MA20/MA60,0.1251132005658553,,1.0,0.19835353901503808,0.19958568398656848,1,6
CSI300,沪深300,CSI300-sideways_market-007,sideways_market,2018-01-02,2018-01-02,2018-04-02,Volatility Targeting,0.13415910494509165,,1.0,0.5779210301809866,0.8890838703510467,32,633
CSI300,沪深300,CSI300-sideways_market-007,sideways_market,2018-01-02,2018-01-02,2018-04-02,Risk Score,0.0931000035963171,,0.6523573141221505,0.20042940087320588,0.6494914295953377,16,249
CSI300,沪深300,CSI300-sideways_market-008,sideways_market,2018-07-03,2018-07-03,2018-09-25,Buy & Hold,0.10600561067873315,1.0,1.0,1.0,1.0,0,0
CSI300,沪深300,CSI300-sideways_market-008,sideways_market,2018-07-03,2018-07-03,2018-09-25,Constant Exposure - Train Fixed,0.06729215247127307,0.6278492229819139,0.6289285528207702,0.6233896921708623,0.6292743847651193,0,0
CSI300,沪深300,CSI300-sideways_market-008,sideways_market,2018-07-03,2018-07-03,2018-09-25,MA200,0.021612567560753693,0.19922755816498433,0.19994428972266542,0.19618677108773092,0.20018186573470714,0,43
CSI300,沪深300,CSI300-sideways_market-008,sideways_market,2018-07-03,2018-07-03,2018-09-25,MA20/MA60,0.021612567560753693,0.19922755816498433,0.19994428972266545,0.19618677108773092,0.20018186573470712,0,6
CSI300,沪深300,CSI300-sideways_market-008,sideways_market,2018-07-03,2018-07-03,2018-09-25,Volatility Targeting,0.07683862158324617,0.7341902528183238,0.6613865569899621,0.5657509545950019,0.7049559123646506,60,633
CSI300,沪深300,CSI300-sideways_market-008,sideways_market,2018-07-03,2018-07-03,2018-09-25,Risk Score,0.04858105646232047,0.27914704080406966,0.39991708267425174,0.20014108315398083,0.6503380072939249,11,249
CSI300,沪深300,CSI300-sideways_market-009,sideways_market,2019-03-29,2019-03-29,2019-06-27,Buy & Hold,0.13491456284677228,1.0,1.0,1.0,1.0,0,0
CSI300,沪深300,CSI300-sideways_market-009,sideways_market,2019-03-29,2019-03-29,2019-06-27,Constant Exposure - Train Fixed,0.08404177536009183,0.6084035009708365,0.6177777301180761,0.6033140554155096,0.6112175292414096,0,0
CSI300,沪深300,CSI300-sideways_market-009,sideways_market,2019-03-29,2019-03-29,2019-06-27,MA200,0.13491456284677217,1.0,1.0,1.0,1.0,0,43
CSI300,沪深300,CSI300-sideways_market-009,sideways_market,2019-03-29,2019-03-29,2019-06-27,MA20/MA60,0.1264152584480378,1.0,1.0,0.19798650759121444,0.20114481960426617,1,6
CSI300,沪深300,CSI300-sideways_market-009,sideways_market,2019-03-29,2019-03-29,2019-06-27,Volatility Targeting,0.08793379349624253,0.5513815045135589,0.604256713618052,0.44834435019450225,0.8115875917672088,60,633
CSI300,沪深300,CSI300-sideways_market-009,sideways_market,2019-03-29,2019-03-29,2019-06-27,Risk Score,0.07753556165723552,0.9096850374289304,0.8543875400955223,0.19798650759181222,0.6516875695625868,17,249
CSI300,沪深300,CSI300-sideways_market-010,sideways_market,2019-06-28,2019-06-28,2019-09-20,Buy & Hold,0.08019419333551114,1.0,1.0,1.0,1.0,0,0
CSI300,沪深300,CSI300-sideways_market-010,sideways_market,2019-06-28,2019-06-28,2019-09-20,Constant Exposure - Train Fixed,0.04938497746012316,0.6096716149746857,0.6091172312263484,0.6049864870906205,0.6096519324293385,0,0
CSI300,沪深300,CSI300-sideways_market-010,sideways_market,2019-06-28,2019-06-28,2019-09-20,MA200,0.08019419333551114,1.0,1.0,1.0,1.0,0,43
CSI300,沪深300,CSI300-sideways_market-010,sideways_market,2019-06-28,2019-06-28,2019-09-20,MA20/MA60,0.0643065054919526,0.20010418109484746,0.19972976102452064,0.19697645556698715,1.0,3,6
CSI300,沪深300,CSI300-sideways_market-010,sideways_market,2019-06-28,2019-06-28,2019-09-20,Volatility Targeting,0.07248263201917249,0.8013827759827941,0.801535343480449,0.6701099689423523,1.0,40,633
CSI300,沪深300,CSI300-sideways_market-010,sideways_market,2019-06-28,2019-06-28,2019-09-20,Risk Score,0.06290457780885117,0.7702600732256352,0.6496158109096276,0.39651585539677525,0.8500711395571796,15,249
CSI300,沪深300,CSI300-sideways_market-011,sideways_market,2020-12-18,2020-12-18,2021-03-19,Buy & Hold,0.14407027709036446,1.0,1.0,1.0,1.0,0,0
CSI300,沪深300,CSI300-sideways_market-011,sideways_market,2020-12-18,2020-12-18,2021-03-19,Constant Exposure - Train Fixed,0.09073178832932682,0.6276072878700082,0.6266631319478639,0.6088970875998825,0.6160533733745606,1,0
CSI300,沪深300,CSI300-sideways_market-011,sideways_market,2020-12-18,2020-12-18,2021-03-19,MA200,0.14407027709036468,1.0,1.0,1.0,1.0,0,43
CSI300,沪深300,CSI300-sideways_market-011,sideways_market,2020-12-18,2020-12-18,2021-03-19,MA20/MA60,0.14407027709036413,1.0,1.0,0.19805588730337972,0.19805588730337972,1,6
CSI300,沪深300,CSI300-sideways_market-011,sideways_market,2020-12-18,2020-12-18,2021-03-19,Volatility Targeting,0.08780746943104223,1.0,1.0,0.47469301573375766,0.5124688390997698,51,633
CSI300,沪深300,CSI300-sideways_market-011,sideways_market,2020-12-18,2020-12-18,2021-03-19,Risk Score,0.10317735375425852,0.6502798017822414,0.6493483700543069,0.40318969863713755,0.6472209943340298,10,249
CSI300,沪深300,CSI300-sideways_market-012,sideways_market,2021-03-22,2021-03-22,2021-06-18,Buy & Hold,0.04889639772118126,1.0,1.0,1.0,1.0,0,0
CSI300,沪深300,CSI300-sideways_market-012,sideways_market,2021-03-22,2021-03-22,2021-06-18,Constant Exposure - Train Fixed,0.030442437021437674,0.6184428397570154,0.6212165417791052,0.6151159145142268,0.618819941426032,0,0
CSI300,沪深300,CSI300-sideways_market-012,sideways_market,2021-03-22,2021-03-22,2021-06-18,MA200,0.04889639772118126,1.0,1.0,0.20223720544312992,1.0,4,43
CSI300,沪深300,CSI300-sideways_market-012,sideways_market,2021-03-22,2021-03-22,2021-06-18,MA20/MA60,0.04889639772118126,0.6797971146178461,0.20155476372675185,0.1974703979235639,1.0,1,6
CSI300,沪深300,CSI300-sideways_market-012,sideways_market,2021-03-22,2021-03-22,2021-06-18,Volatility Targeting,0.04615490970048186,0.49868510622931816,0.5050549179147749,0.5050549179147749,0.9382574852059316,60,633
CSI300,沪深300,CSI300-sideways_market-012,sideways_market,2021-03-22,2021-03-22,2021-06-18,Risk Score,0.03863989093300113,0.6495261407245345,0.6522016664695018,0.39822137569479027,0.6498906017692606,8,249
CSI300,沪深300,CSI300-sideways_market-013,sideways_market,2021-06-21,2021-06-21,2021-09-10,Buy & Hold,0.09529136173081998,1.0,1.0,1.0,1.0,0,0
CSI300,沪深300,CSI300-sideways_market-013,sideways_market,2021-06-21,2021-06-21,2021-09-10,Constant Exposure - Train Fixed,0.05962493244932576,0.6174704598619788,0.6190400230090207,0.6104668232747587,0.6210837026828778,0,0
CSI300,沪深300,CSI300-sideways_market-013,sideways_market,2021-06-21,2021-06-21,2021-09-10,MA200,0.0853902069707897,1.0,1.0,0.1943405711860916,0.2014642325944414,11,43
CSI300,沪深300,CSI300-sideways_market-013,sideways_market,2021-06-21,2021-06-21,2021-09-10,MA20/MA60,0.04146806582899365,1.0,1.0,0.1943405788600514,0.20146423259444143,1,6
CSI300,沪深300,CSI300-sideways_market-013,sideways_market,2021-06-21,2021-06-21,2021-09-10,Volatility Targeting,0.08484628017495222,0.9569067200101543,0.941034417379313,0.6016587447526099,0.8285939874204906,54,633
CSI300,沪深300,CSI300-sideways_market-013,sideways_market,2021-06-21,2021-06-21,2021-09-10,Risk Score,0.07269935797667348,0.7289953262352147,0.6501028779834439,0.3975884829459796,0.6520735763879616,8,249
CSI300,沪深300,CSI300-sideways_market-014,sideways_market,2022-03-17,2022-03-17,2022-06-16,Buy & Hold,0.11513985655711334,1.0,1.0,1.0,1.0,0,0
CSI300,沪深300,CSI300-sideways_market-014,sideways_market,2022-03-17,2022-03-17,2022-06-16,Constant Exposure - Train Fixed,0.07702015821085018,0.6570824228803027,0.6578858620000343,0.6509622796588582,0.6561908674383924,0,0
CSI300,沪深300,CSI300-sideways_market-014,sideways_market,2022-03-17,2022-03-17,2022-06-16,MA200,0.02396402134085851,0.19946839202671113,0.2000016055812058,0.19514934693506467,0.19880193429857995,0,43
CSI300,沪深300,CSI300-sideways_market-014,sideways_market,2022-03-17,2022-03-17,2022-06-16,MA20/MA60,0.023964021340859065,0.19946839202671113,0.20000160558120578,0.19514934693506464,1.0004021524381723,1,6
CSI300,沪深300,CSI300-sideways_market-014,sideways_market,2022-03-17,2022-03-17,2022-06-16,Volatility Targeting,0.07418169978122979,0.719206292058359,0.48169203679903744,0.4474234601501116,0.8649011532081688,60,633
CSI300,沪深300,CSI300-sideways_market-014,sideways_market,2022-03-17,2022-03-17,2022-06-16,Risk Score,0.03581641875743791,0.31934868353699253,0.20000160558101446,0.19514934693506467,0.8491246878520465,13,249
CSI300,沪深300,CSI300-sideways_market-015,sideways_market,2022-06-17,2022-06-17,2022-09-08,Buy & Hold,0.10689516483018358,1.0,1.0,1.0,1.0,0,0
CSI300,沪深300,CSI300-sideways_market-015,sideways_market,2022-06-17,2022-06-17,2022-09-08,Constant Exposure - Train Fixed,0.0714186686213567,0.6598640808353043,0.6626071792987291,0.653165485190701,0.6566863629106102,0,0
CSI300,沪深300,CSI300-sideways_market-015,sideways_market,2022-06-17,2022-06-17,2022-09-08,MA200,0.022164391302537334,0.20142436443605405,0.20339155670496145,0.19667939072495932,0.19915233414902306,0,43
CSI300,沪深300,CSI300-sideways_market-015,sideways_market,2022-06-17,2022-06-17,2022-09-08,MA20/MA60,0.09542971718851645,0.36174440806397246,1.0000001983244726,0.19667939072495935,0.19915233414902303,1,6
CSI300,沪深300,CSI300-sideways_market-015,sideways_market,2022-06-17,2022-06-17,2022-09-08,Volatility Targeting,0.09990722356279624,0.8773516928619639,0.8586944348628115,0.8375208465300984,1.0,44,633
CSI300,沪深300,CSI300-sideways_market-015,sideways_market,2022-06-17,2022-06-17,2022-09-08,Risk Score,0.07001259794499848,0.6921836865602722,0.8526664884107509,0.39724565375742094,0.6488725735763757,9,249
CSI300,沪深300,CSI300-sideways_market-016,sideways_market,2022-09-09,2022-09-09,2022-12-09,Buy & Hold,0.14653230893958324,1.0,1.0,1.0,1.0,0,0
CSI300,沪深300,CSI300-sideways_market-016,sideways_market,2022-09-09,2022-09-09,2022-12-09,Constant Exposure - Train Fixed,0.09853104446805583,0.6579076953433276,0.6602653283020234,0.6520770446567863,0.6599286130417288,0,0
CSI300,沪深300,CSI300-sideways_market-016,sideways_market,2022-09-09,2022-09-09,2022-12-09,MA200,0.030843158821075467,0.2000209916184709,0.20170290461940607,0.19592174710785645,0.20146136452399296,0,43
CSI300,沪深300,CSI300-sideways_market-016,sideways_market,2022-09-09,2022-09-09,2022-12-09,MA20/MA60,0.030843158821075578,0.20002099161847084,0.20170290461940607,0.19592174710785654,1.0000001978604676,1,6
CSI300,沪深300,CSI300-sideways_market-016,sideways_market,2022-09-09,2022-09-09,2022-12-09,Volatility Targeting,0.13489166610407188,1.0000000000019926,1.0,0.536185795410274,0.7869958847638804,44,633
CSI300,沪深300,CSI300-sideways_market-016,sideways_market,2022-09-09,2022-09-09,2022-12-09,Risk Score,0.0651728496337255,0.45005905979679095,0.652409858006046,0.19638487595872714,0.6521342415631431,14,249
CSI300,沪深300,CSI300-sideways_market-017,sideways_market,2022-12-12,2022-12-12,2023-03-13,Buy & Hold,0.05574638597877568,1.0,1.0,1.0,1.0,0,0
CSI300,沪深300,CSI300-sideways_market-017,sideways_market,2022-12-12,2022-12-12,2023-03-13,Constant Exposure - Train Fixed,0.03355181901189119,0.6592743664256917,0.6565901713002127,0.5961550397436334,0.6026861026642081,1,0
CSI300,沪深300,CSI300-sideways_market-017,sideways_market,2022-12-12,2022-12-12,2023-03-13,MA200,0.04305825014152831,0.20099428019396864,0.19908440595639745,0.19758234082832063,0.20185490629895778,2,43
CSI300,沪深300,CSI300-sideways_market-017,sideways_market,2022-12-12,2022-12-12,2023-03-13,MA20/MA60,0.05574638597877579,0.5207335709464889,1.0000000001000513,1.0,1.0,0,6
CSI300,沪深300,CSI300-sideways_market-017,sideways_market,2022-12-12,2022-12-12,2023-03-13,Volatility Targeting,0.05509700428733133,0.7684939539025879,0.8805207360249176,0.8346823439681902,0.9645778795216586,28,633
CSI300,沪深300,CSI300-sideways_market-017,sideways_market,2022-12-12,2022-12-12,2023-03-13,Risk Score,0.05231837846055787,0.8109830947948792,0.8493525917434817,0.39680320737647246,0.6526241315711562,10,249
CSI300,沪深300,CSI300-sideways_market-018,sideways_market,2023-03-14,2023-03-14,2023-06-09,Buy & Hold,0.08954525097356314,1.0,1.0,1.0,1.0,0,0
CSI300,沪深300,CSI300-sideways_market-018,sideways_market,2023-03-14,2023-03-14,2023-06-09,Constant Exposure - Train Fixed,0.05445516796648342,0.5993762544114912,0.5990034588356845,0.5950927140679219,0.6008121575860524,0,0
CSI300,沪深300,CSI300-sideways_market-018,sideways_market,2023-03-14,2023-03-14,2023-06-09,MA200,0.0645410070306256,0.5200621405034719,0.1993922820375009,0.19777445305235886,0.20059800106506798,8,43
CSI300,沪深300,CSI300-sideways_market-018,sideways_market,2023-03-14,2023-03-14,2023-06-09,MA20/MA60,0.025177672593129086,1.0,1.0,0.1968102431766894,0.200598001065068,3,6
CSI300,沪深300,CSI300-sideways_market-018,sideways_market,2023-03-14,2023-03-14,2023-06-09,Volatility Targeting,0.08940415336967855,0.9685089431400733,0.9556803676469325,0.935658227687497,1.0,10,633
CSI300,沪深300,CSI300-sideways_market-018,sideways_market,2023-03-14,2023-03-14,2023-06-09,Risk Score,0.07124965483183632,0.689768577161074,0.6491348994740921,0.4005945359998243,0.6508492747702145,10,249
CSI300,沪深300,CSI300-sideways_market-019,sideways_market,2023-12-07,2023-12-07,2024-03-08,Buy & Hold,0.07329473765908867,1.0,1.0,1.0,1.0,0,0
CSI300,沪深300,CSI300-sideways_market-019,sideways_market,2023-12-07,2023-12-07,2024-03-08,Constant Exposure - Train Fixed,0.045242304636325725,0.5989993254648931,0.59970222186239,0.5964435866798323,0.6161784569694538,1,0
CSI300,沪深300,CSI300-sideways_market-019,sideways_market,2023-12-07,2023-12-07,2024-03-08,MA200,0.014906090019903062,0.1993928919057521,0.1998574556477369,0.19697173452527808,0.20069572574758268,0,43
CSI300,沪深300,CSI300-sideways_market-019,sideways_market,2023-12-07,2023-12-07,2024-03-08,MA20/MA60,0.01490609001990395,0.1993928919057521,0.1998574556477369,0.1969717345252781,1.0,1,6
CSI300,沪深300,CSI300-sideways_market-019,sideways_market,2023-12-07,2023-12-07,2024-03-08,Volatility Targeting,0.07257951400382001,1.0,1.0,0.6747604065557004,0.8428688922162392,33,633
CSI300,沪深300,CSI300-sideways_market-019,sideways_market,2023-12-07,2023-12-07,2024-03-08,Risk Score,0.04835321064062559,0.6491431518189545,0.6497973358269352,0.19799520546589147,0.8505530248315527,20,249
CSI300,沪深300,CSI300-sideways_market-020,sideways_market,2024-12-05,2024-12-05,2025-03-07,Buy & Hold,0.07595666759538178,1.0,1.0,1.0,1.0,0,0
CSI300,沪深300,CSI300-sideways_market-020,sideways_market,2024-12-05,2024-12-05,2025-03-07,Constant Exposure - Train Fixed,0.047290611358383416,0.615639502163596,0.6154546834349645,0.6083240238625087,0.6186131010753934,1,0
CSI300,沪深300,CSI300-sideways_market-020,sideways_market,2024-12-05,2024-12-05,2025-03-07,MA200,0.07595666759538178,1.0,1.0,1.0,1.0,0,43
CSI300,沪深300,CSI300-sideways_market-020,sideways_market,2024-12-05,2024-12-05,2025-03-07,MA20/MA60,0.06367425035667429,1.0,1.0,0.19755170211310832,1.0,4,6
CSI300,沪深300,CSI300-sideways_market-020,sideways_market,2024-12-05,2024-12-05,2025-03-07,Volatility Targeting,0.06950716096013876,0.6532874418564916,0.7006883752461446,0.7006883752461446,1.0,34,633
CSI300,沪深300,CSI300-sideways_market-020,sideways_market,2024-12-05,2024-12-05,2025-03-07,Risk Score,0.04208303022644455,0.7703554313979608,0.6503562494886317,0.39316984907073455,0.8499711960685303,20,249
CSI300,沪深300,CSI300-sideways_market-021,sideways_market,2025-03-10,2025-03-10,2025-06-06,Buy & Hold,0.1049151556742759,1.0,1.0,1.0,1.0,0,0
CSI300,沪深300,CSI300-sideways_market-021,sideways_market,2025-03-10,2025-03-10,2025-06-06,Constant Exposure - Train Fixed,0.0659426635944107,0.619326227149929,0.6176607204870643,0.6130840348995868,0.6184159338580318,0,0
CSI300,沪深300,CSI300-sideways_market-021,sideways_market,2025-03-10,2025-03-10,2025-06-06,MA200,0.10491515567427612,1.0,1.0,0.19940223465661877,1.0,2,43
CSI300,沪深300,CSI300-sideways_market-021,sideways_market,2025-03-10,2025-03-10,2025-06-06,MA20/MA60,0.10491515567427623,1.0000000000203615,1.0,0.19875742172442004,1.0,2,6
CSI300,沪深300,CSI300-sideways_market-021,sideways_market,2025-03-10,2025-03-10,2025-06-06,Volatility Targeting,0.10497749092646569,1.0,1.0,0.5087658251819289,1.0,28,633
CSI300,沪深300,CSI300-sideways_market-021,sideways_market,2025-03-10,2025-03-10,2025-06-06,Risk Score,0.07370322950745711,0.8503685864271763,0.8494558771400432,0.39895433725462126,0.8498645473915535,8,249
CSI300,沪深300,CSI300-sideways_market-022,sideways_market,2025-09-01,2025-09-01,2025-12-01,Buy & Hold,0.06314242664313419,1.0,1.0,1.0,1.0,0,0
CSI300,沪深300,CSI300-sideways_market-022,sideways_market,2025-09-01,2025-09-01,2025-12-01,Constant Exposure - Train Fixed,0.03933102747251904,0.6197878969302875,0.6190240611506092,0.6135197960145328,0.6205956937153033,0,0
CSI300,沪深300,CSI300-sideways_market-022,sideways_market,2025-09-01,2025-09-01,2025-12-01,MA200,0.06314242664313463,1.0,1.0,1.0,1.0,0,43
CSI300,沪深300,CSI300-sideways_market-022,sideways_market,2025-09-01,2025-09-01,2025-12-01,MA20/MA60,0.06314242664313419,1.0,1.0,1.0,1.0,0,6
CSI300,沪深300,CSI300-sideways_market-022,sideways_market,2025-09-01,2025-09-01,2025-12-01,Volatility Targeting,0.058443903467784386,0.9944808888030685,1.0000000068106307,0.7256271930442054,1.000008456300436,54,633
CSI300,沪深300,CSI300-sideways_market-022,sideways_market,2025-09-01,2025-09-01,2025-12-01,Risk Score,0.0585365293573632,0.9407365965111861,0.8501933474502046,0.3986993547357626,0.6519399892208517,19,249
CSI300,沪深300,CSI300-rapid_crash_then_rebound-023,rapid_crash_then_rebound,2020-02-03,2020-02-03,2020-02-21,Buy & Hold,0.006404386534135664,1.0,1.0,1.0,1.0,0,0
CSI300,沪深300,CSI300-rapid_crash_then_rebound-023,rapid_crash_then_rebound,2020-02-03,2020-02-03,2020-02-21,Constant Exposure - Train Fixed,0.004030116083461155,0.6262430280228501,0.6304274904664507,0.6258047830610883,0.6281585761516242,0,0
CSI300,沪深300,CSI300-rapid_crash_then_rebound-023,rapid_crash_then_rebound,2020-02-03,2020-02-03,2020-02-21,MA200,0.006404386534135664,1.0,1.0,0.20115353282830536,1.0,2,43
CSI300,沪深300,CSI300-rapid_crash_then_rebound-023,rapid_crash_then_rebound,2020-02-03,2020-02-03,2020-02-21,MA20/MA60,0.006404386534135775,1.0,1.0,1.0,1.0,0,6
CSI300,沪深300,CSI300-rapid_crash_then_rebound-023,rapid_crash_then_rebound,2020-02-03,2020-02-03,2020-02-21,Volatility Targeting,0.002734021210056614,1.0,0.8522293564638818,0.41178085468502656,0.41178085468502656,15,633
CSI300,沪深300,CSI300-rapid_crash_then_rebound-023,rapid_crash_then_rebound,2020-02-03,2020-02-03,2020-02-21,Risk Score,0.0038321219878215684,0.8494015307394174,0.6530618566832754,0.20585824837886005,0.6508035977830103,4,249
CSI1000,中证1000,CSI1000-rapid_crash-001,rapid_crash,2018-02-06,2018-02-06,2018-02-06,Buy & Hold,-0.0,1.0,1.0,1.0,1.0,0,0
CSI1000,中证1000,CSI1000-rapid_crash-001,rapid_crash,2018-02-06,2018-02-06,2018-02-06,Constant Exposure - Train Fixed,-0.0,0.5708508288167686,0.564751159286555,0.564751159286555,0.564751159286555,0,0
CSI1000,中证1000,CSI1000-rapid_crash-001,rapid_crash,2018-02-06,2018-02-06,2018-02-06,MA200,-0.0,0.1986083107975272,0.19466256059796702,0.19466256059796702,0.19466256059796702,0,41
CSI1000,中证1000,CSI1000-rapid_crash-001,rapid_crash,2018-02-06,2018-02-06,2018-02-06,MA20/MA60,-0.0,0.19860831079752722,0.19466256059796705,0.19466256059796705,0.19466256059796705,0,0
CSI1000,中证1000,CSI1000-rapid_crash-001,rapid_crash,2018-02-06,2018-02-06,2018-02-06,Volatility Targeting,-0.0,0.8972843215080679,0.742081106664938,0.742081106664938,0.742081106664938,1,879
CSI1000,中证1000,CSI1000-rapid_crash-001,rapid_crash,2018-02-06,2018-02-06,2018-02-06,Risk Score,-0.0,0.4979440693377599,0.3919402530811717,0.3919402530811717,0.3919402530811717,0,249
CSI1000,中证1000,CSI1000-rapid_crash-002,rapid_crash,2018-06-19,2018-06-19,2018-06-19,Buy & Hold,-0.0,1.0,1.0,1.0,1.0,0,0
CSI1000,中证1000,CSI1000-rapid_crash-002,rapid_crash,2018-06-19,2018-06-19,2018-06-19,Constant Exposure - Train Fixed,-0.0,0.5712878038707818,0.5600913609669309,0.5600913609669309,0.5600913609669309,0,0
CSI1000,中证1000,CSI1000-rapid_crash-002,rapid_crash,2018-06-19,2018-06-19,2018-06-19,MA200,-0.0,0.19887881987718797,0.19171045192352779,0.19171045192352779,0.19171045192352779,0,41
CSI1000,中证1000,CSI1000-rapid_crash-002,rapid_crash,2018-06-19,2018-06-19,2018-06-19,MA20/MA60,-0.0,0.19887881987718797,0.19171045192352776,0.19171045192352776,0.19171045192352776,0,0
CSI1000,中证1000,CSI1000-rapid_crash-002,rapid_crash,2018-06-19,2018-06-19,2018-06-19,Volatility Targeting,-0.0,0.8391582437625841,0.7854634170255353,0.7854634170255353,0.7854634170255353,1,879
CSI1000,中证1000,CSI1000-rapid_crash-002,rapid_crash,2018-06-19,2018-06-19,2018-06-19,Risk Score,-0.0,0.3983112777222612,0.3874364234089907,0.3874364234089907,0.3874364234089907,0,249
CSI1000,中证1000,CSI1000-rapid_crash-003,rapid_crash,2018-06-21,2018-06-21,2018-06-21,Buy & Hold,-0.0,1.0,1.0,1.0,1.0,0,0
CSI1000,中证1000,CSI1000-rapid_crash-003,rapid_crash,2018-06-21,2018-06-21,2018-06-21,Constant Exposure - Train Fixed,-0.0,0.569524390588455,0.5676279304253273,0.5676279304253273,0.5676279304253273,0,0
CSI1000,中证1000,CSI1000-rapid_crash-003,rapid_crash,2018-06-21,2018-06-21,2018-06-21,MA200,-0.0,0.1977608962564204,0.19650500265985285,0.19650500265985285,0.19650500265985285,0,41
CSI1000,中证1000,CSI1000-rapid_crash-003,rapid_crash,2018-06-21,2018-06-21,2018-06-21,MA20/MA60,-0.0,0.1977608962564204,0.19650500265985288,0.19650500265985288,0.19650500265985288,0,0
CSI1000,中证1000,CSI1000-rapid_crash-003,rapid_crash,2018-06-21,2018-06-21,2018-06-21,Volatility Targeting,-0.0,0.7648277887070823,0.5127399716961971,0.5127399716961971,0.5127399716961971,1,879
CSI1000,中证1000,CSI1000-rapid_crash-003,rapid_crash,2018-06-21,2018-06-21,2018-06-21,Risk Score,-0.0,0.3966062622248886,0.19652487354936612,0.19652487354936612,0.19652487354936612,1,249
CSI1000,中证1000,CSI1000-rapid_crash-004,rapid_crash,2018-10-12,2018-10-12,2018-10-12,Buy & Hold,-0.0,1.0,1.0,1.0,1.0,0,0
CSI1000,中证1000,CSI1000-rapid_crash-004,rapid_crash,2018-10-12,2018-10-12,2018-10-12,Constant Exposure - Train Fixed,-0.0,0.5701026120497937,0.5737050370896584,0.5737050370896584,0.5737050370896584,0,0
CSI1000,中证1000,CSI1000-rapid_crash-004,rapid_crash,2018-10-12,2018-10-12,2018-10-12,MA200,-0.0,0.19812366198261572,0.20044970985182092,0.20044970985182092,0.20044970985182092,0,41
CSI1000,中证1000,CSI1000-rapid_crash-004,rapid_crash,2018-10-12,2018-10-12,2018-10-12,MA20/MA60,-0.0,0.19812366198261572,0.20044970985182092,0.20044970985182092,0.20044970985182092,0,0
CSI1000,中证1000,CSI1000-rapid_crash-004,rapid_crash,2018-10-12,2018-10-12,2018-10-12,Volatility Targeting,-0.0,0.7914256836098447,0.47178991353376887,0.47178991353376887,0.47178991353376887,1,879
CSI1000,中证1000,CSI1000-rapid_crash-004,rapid_crash,2018-10-12,2018-10-12,2018-10-12,Risk Score,-0.0,0.4472402581653987,0.20046758044796104,0.20046758044796104,0.20046758044796104,1,249
CSI1000,中证1000,CSI1000-rapid_crash-005,rapid_crash,2018-10-16,2018-10-16,2018-10-17,Buy & Hold,-0.0,1.0,1.0,1.0,1.0,0,0
CSI1000,中证1000,CSI1000-rapid_crash-005,rapid_crash,2018-10-16,2018-10-16,2018-10-17,Constant Exposure - Train Fixed,-0.0,0.5698952601714338,0.5675072394980473,0.5675072394980473,0.5719436147766047,0,0
CSI1000,中证1000,CSI1000-rapid_crash-005,rapid_crash,2018-10-16,2018-10-16,2018-10-17,MA200,-0.0,0.19798679093458,0.19642734860141906,0.19642734860141906,0.19929983617741137,0,41
CSI1000,中证1000,CSI1000-rapid_crash-005,rapid_crash,2018-10-16,2018-10-16,2018-10-17,MA20/MA60,-0.0,0.19798679093458,0.196427348601419,0.196427348601419,0.19929983617741137,0,0
CSI1000,中证1000,CSI1000-rapid_crash-005,rapid_crash,2018-10-16,2018-10-16,2018-10-17,Volatility Targeting,-0.0,0.6317483854131037,0.46513599395794075,0.46513599395794075,0.46725634523860093,2,879
CSI1000,中证1000,CSI1000-rapid_crash-005,rapid_crash,2018-10-16,2018-10-16,2018-10-17,Risk Score,-0.0,0.31720523940536943,0.1964273486012444,0.1964273486012444,0.1992998361774114,0,249
CSI1000,中证1000,CSI1000-rapid_crash-006,rapid_crash,2019-05-06,2019-05-06,2019-05-06,Buy & Hold,-0.0,1.0,1.0,1.0,1.0,0,0
CSI1000,中证1000,CSI1000-rapid_crash-006,rapid_crash,2019-05-06,2019-05-06,2019-05-06,Constant Exposure - Train Fixed,-0.0,0.5463975072775493,0.5382065194694218,0.5382065194694218,0.5382065194694218,0,0
CSI1000,中证1000,CSI1000-rapid_crash-006,rapid_crash,2019-05-06,2019-05-06,2019-05-06,MA200,-0.0,1.0,1.0,1.0,1.0,0,41
CSI1000,中证1000,CSI1000-rapid_crash-006,rapid_crash,2019-05-06,2019-05-06,2019-05-06,MA20/MA60,-0.0,1.0,1.0,1.0,1.0,0,0
CSI1000,中证1000,CSI1000-rapid_crash-006,rapid_crash,2019-05-06,2019-05-06,2019-05-06,Volatility Targeting,-0.0,0.556473492608849,0.5801829549681151,0.5801829549681151,0.5801829549681151,1,879
CSI1000,中证1000,CSI1000-rapid_crash-006,rapid_crash,2019-05-06,2019-05-06,2019-05-06,Risk Score,-0.0,0.5976587531988445,0.38960674292688663,0.38960674292688663,0.38960674292688663,0,249
CSI1000,中证1000,CSI1000-rapid_crash-007,rapid_crash,2020-02-03,2020-02-03,2020-02-04,Buy & Hold,-0.0,1.0,1.0,1.0,1.0,0,0
CSI1000,中证1000,CSI1000-rapid_crash-007,rapid_crash,2020-02-03,2020-02-03,2020-02-04,Constant Exposure - Train Fixed,-0.0,0.5990812080418478,0.600925771723198,0.600925771723198,0.6136207238792906,0,0
CSI1000,中证1000,CSI1000-rapid_crash-007,rapid_crash,2020-02-03,2020-02-03,2020-02-04,MA200,0.042529809238265326,1.0,1.0,0.20936330557012922,0.20936330557012922,1,41
CSI1000,中证1000,CSI1000-rapid_crash-007,rapid_crash,2020-02-03,2020-02-03,2020-02-04,MA20/MA60,-0.0,1.0,1.0,1.0,1.0,0,0
CSI1000,中证1000,CSI1000-rapid_crash-007,rapid_crash,2020-02-03,2020-02-03,2020-02-04,Volatility Targeting,0.01679747696361833,0.9083511885413713,0.7348438065051444,0.4128163905712699,0.4128163905712699,2,879
CSI1000,中证1000,CSI1000-rapid_crash-007,rapid_crash,2020-02-03,2020-02-03,2020-02-04,Risk Score,0.012124913480397681,0.9099041165989042,0.6509172038420903,0.4138093497480698,0.4138093497480698,2,249
CSI1000,中证1000,CSI1000-rapid_crash-008,rapid_crash,2022-04-25,2022-04-25,2022-04-27,Buy & Hold,0.03038812871599217,1.0,1.0,1.0,1.0,0,0
CSI1000,中证1000,CSI1000-rapid_crash-008,rapid_crash,2022-04-25,2022-04-25,2022-04-27,Constant Exposure - Train Fixed,0.021394758912267053,0.7019267296737486,0.6908197915092749,0.6908197915092749,0.717151584224203,0,0
CSI1000,中证1000,CSI1000-rapid_crash-008,rapid_crash,2022-04-25,2022-04-25,2022-04-27,MA200,0.0060833108457453156,0.19859430678122295,0.19034053979763146,0.19034053979763146,0.21058843736975094,0,41
CSI1000,中证1000,CSI1000-rapid_crash-008,rapid_crash,2022-04-25,2022-04-25,2022-04-27,MA20/MA60,0.006083310845745427,0.19859430678122295,0.19034053979763144,0.19034053979763144,0.2105884373697509,0,0
CSI1000,中证1000,CSI1000-rapid_crash-008,rapid_crash,2022-04-25,2022-04-25,2022-04-27,Volatility Targeting,0.013042248789851163,0.6518907639858132,0.590206321297153,0.4199863815316356,0.4359443286162556,3,879
CSI1000,中证1000,CSI1000-rapid_crash-008,rapid_crash,2022-04-25,2022-04-25,2022-04-27,Risk Score,0.006083310846926926,0.35800012719936725,0.19034053806925638,0.19034053806925638,0.2105884373697509,0,249
CSI1000,中证1000,CSI1000-rapid_crash-009,rapid_crash,2024-01-22,2024-01-22,2024-01-22,Buy & Hold,-0.0,1.0,1.0,1.0,1.0,0,0
CSI1000,中证1000,CSI1000-rapid_crash-009,rapid_crash,2024-01-22,2024-01-22,2024-01-22,Constant Exposure - Train Fixed,-0.0,0.6309788016645175,0.6191628839911932,0.6191628839911932,0.6191628839911932,0,0
CSI1000,中证1000,CSI1000-rapid_crash-009,rapid_crash,2024-01-22,2024-01-22,2024-01-22,MA200,-0.0,0.1988321728305934,0.19091478303502354,0.19091478303502354,0.19091478303502354,0,41
CSI1000,中证1000,CSI1000-rapid_crash-009,rapid_crash,2024-01-22,2024-01-22,2024-01-22,MA20/MA60,-0.0,0.1988321728305934,0.19091478303502357,0.19091478303502357,0.19091478303502357,0,0
CSI1000,中证1000,CSI1000-rapid_crash-009,rapid_crash,2024-01-22,2024-01-22,2024-01-22,Volatility Targeting,-0.0,0.7707722622828531,0.7505774993500118,0.7505774993500118,0.7505774993500118,1,879
CSI1000,中证1000,CSI1000-rapid_crash-009,rapid_crash,2024-01-22,2024-01-22,2024-01-22,Risk Score,-0.0,0.3582130504156528,0.19093361652301072,0.19093361652301072,0.19093361652301072,1,249
CSI1000,中证1000,CSI1000-rapid_crash-010,rapid_crash,2024-02-01,2024-02-01,2024-02-05,Buy & Hold,0.0962803497163709,1.0,1.0,1.0,1.0,0,0
CSI1000,中证1000,CSI1000-rapid_crash-010,rapid_crash,2024-02-01,2024-02-01,2024-02-05,Constant Exposure - Train Fixed,0.061476459182320586,0.6299257193931335,0.6325372159640033,0.6198762779143326,0.6198762779143326,0,0
CSI1000,中证1000,CSI1000-rapid_crash-010,rapid_crash,2024-02-01,2024-02-01,2024-02-05,MA200,0.019642057440706795,0.1981460144006264,0.19989307032985532,0.19138153072088396,0.19138153072088396,0,41
CSI1000,中证1000,CSI1000-rapid_crash-010,rapid_crash,2024-02-01,2024-02-01,2024-02-05,MA20/MA60,0.019642057440706795,0.1981460144006264,0.19989307032985537,0.19138153072088393,0.19138153072088393,0,0
CSI1000,中证1000,CSI1000-rapid_crash-010,rapid_crash,2024-02-01,2024-02-01,2024-02-05,Volatility Targeting,0.042760102142419654,0.4867826214739951,0.4466065808662254,0.41713714688820197,0.41713714688820197,3,879
CSI1000,中证1000,CSI1000-rapid_crash-010,rapid_crash,2024-02-01,2024-02-01,2024-02-05,Risk Score,0.019642057440706684,0.1981460144006264,0.19989307032985534,0.19138153072088393,0.19138153072088393,0,249
CSI1000,中证1000,CSI1000-rapid_crash-011,rapid_crash,2024-10-15,2024-10-15,2024-10-15,Buy & Hold,-0.0,1.0,1.0,1.0,1.0,0,0
CSI1000,中证1000,CSI1000-rapid_crash-011,rapid_crash,2024-10-15,2024-10-15,2024-10-15,Constant Exposure - Train Fixed,-0.0,0.6270945052773632,0.6293964695814553,0.6293964695814553,0.6293964695814553,0,0
CSI1000,中证1000,CSI1000-rapid_crash-011,rapid_crash,2024-10-15,2024-10-15,2024-10-15,MA200,-0.0,1.0000799531916484,1.0,1.0,1.0,0,41
CSI1000,中证1000,CSI1000-rapid_crash-011,rapid_crash,2024-10-15,2024-10-15,2024-10-15,MA20/MA60,-0.0,0.8389087780955968,1.0,1.0,1.0,0,0
CSI1000,中证1000,CSI1000-rapid_crash-011,rapid_crash,2024-10-15,2024-10-15,2024-10-15,Volatility Targeting,-0.0,0.25237360082345256,0.22222007395861823,0.22222007395861823,0.22222007395861823,1,879
CSI1000,中证1000,CSI1000-rapid_crash-011,rapid_crash,2024-10-15,2024-10-15,2024-10-15,Risk Score,-0.0,0.9092983619046062,0.848187504441042,0.848187504441042,0.848187504441042,0,249
CSI1000,中证1000,CSI1000-rapid_crash-012,rapid_crash,2025-04-07,2025-04-07,2025-04-08,Buy & Hold,-0.0,1.0,1.0,1.0,1.0,0,0
CSI1000,中证1000,CSI1000-rapid_crash-012,rapid_crash,2025-04-07,2025-04-07,2025-04-08,Constant Exposure - Train Fixed,-0.0,0.5760707342836249,0.5625967743390403,0.5625967743390403,0.5786777192729327,0,0
CSI1000,中证1000,CSI1000-rapid_crash-012,rapid_crash,2025-04-07,2025-04-07,2025-04-08,MA200,0.0022162013914924783,1.0,1.0,0.2016686813405928,0.2016686813405928,1,41
CSI1000,中证1000,CSI1000-rapid_crash-012,rapid_crash,2025-04-07,2025-04-07,2025-04-08,MA20/MA60,-0.0,1.0,1.0,1.0,1.0,0,0
CSI1000,中证1000,CSI1000-rapid_crash-012,rapid_crash,2025-04-07,2025-04-07,2025-04-08,Volatility Targeting,0.0005568301891553107,0.9134993956214202,1.0000106887149012,0.3618624827530827,0.3618624827530827,2,879
CSI1000,中证1000,CSI1000-rapid_crash-012,rapid_crash,2025-04-07,2025-04-07,2025-04-08,Risk Score,-0.0,0.6498245169709094,0.6372193842662018,0.4024249069839597,0.4024249069839597,1,249
CSI1000,中证1000,CSI1000-rapid_crash-013,rapid_crash,2026-07-17,2026-07-17,2026-07-20,Buy & Hold,0.02826734317747026,1.0,1.0,1.0,1.0,0,0
CSI1000,中证1000,CSI1000-rapid_crash-013,rapid_crash,2026-07-17,2026-07-17,2026-07-20,Constant Exposure - Train Fixed,0.01841753714385641,0.6464975572441068,0.6362287806832974,0.6362287806832974,0.6402780105419354,0,0
CSI1000,中证1000,CSI1000-rapid_crash-013,rapid_crash,2026-07-17,2026-07-17,2026-07-20,MA200,0.005690358742320156,0.5196193813960095,0.19081325720805334,0.19081325720805334,0.19353474574534582,0,41
CSI1000,中证1000,CSI1000-rapid_crash-013,rapid_crash,2026-07-17,2026-07-17,2026-07-20,MA20/MA60,0.005690358839085308,0.8396775931548202,0.19081324960121046,0.19081324960121046,0.1935347457460935,0,0
CSI1000,中证1000,CSI1000-rapid_crash-013,rapid_crash,2026-07-17,2026-07-17,2026-07-20,Volatility Targeting,0.010922852043493081,0.47904925740288196,0.46055530219765667,0.40109957599909357,0.40109957599909357,2,879
CSI1000,中证1000,CSI1000-rapid_crash-013,rapid_crash,2026-07-17,2026-07-17,2026-07-20,Risk Score,0.005690358765134906,0.35688838122913175,0.19081325541455174,0.19081325541455174,0.19353474574552212,0,249
CSI1000,中证1000,CSI1000-high_volatility-014,high_volatility,2024-02-07,2024-02-07,2024-03-06,Buy & Hold,0.044861098581836845,1.0,1.0,1.0,1.0,0,0
CSI1000,中证1000,CSI1000-high_volatility-014,high_volatility,2024-02-07,2024-02-07,2024-03-06,Constant Exposure - Train Fixed,0.028356209651723474,0.6305108503414757,0.6422212751352034,0.621550690775063,0.6342226786227135,0,0
CSI1000,中证1000,CSI1000-high_volatility-014,high_volatility,2024-02-07,2024-02-07,2024-03-06,MA200,0.008953403480315592,0.1986700083206367,0.20667743611756711,0.19248516377142638,0.2010575885027386,0,41
CSI1000,中证1000,CSI1000-high_volatility-014,high_volatility,2024-02-07,2024-02-07,2024-03-06,MA20/MA60,0.008953403480315703,0.1986700083206367,0.20667743611756711,0.1924851637714264,0.20105758850273858,0,0
CSI1000,中证1000,CSI1000-high_volatility-014,high_volatility,2024-02-07,2024-02-07,2024-03-06,Volatility Targeting,0.013297810052938619,0.4341420896124376,0.3172517279402226,0.27521161421165097,0.28626120420191853,15,879
CSI1000,中证1000,CSI1000-high_volatility-014,high_volatility,2024-02-07,2024-02-07,2024-03-06,Risk Score,0.029133216965199216,0.1986700083206367,0.20667743611756711,0.19895336302380778,0.4015844979487394,3,249
CSI1000,中证1000,CSI1000-high_volatility-015,high_volatility,2024-10-08,2024-10-08,2024-11-04,Buy & Hold,0.12660910165960715,1.0,1.0,1.0,1.0,0,0
CSI1000,中证1000,CSI1000-high_volatility-015,high_volatility,2024-10-08,2024-10-08,2024-11-04,Constant Exposure - Train Fixed,0.08138414024422624,0.6406156777061887,0.6240141378962466,0.6197659315005315,0.6381449728810744,0,0
CSI1000,中证1000,CSI1000-high_volatility-015,high_volatility,2024-10-08,2024-10-08,2024-11-04,MA200,0.1266178977008332,0.20556421393595053,1.000399549517142,1.0,1.0,1,41
CSI1000,中证1000,CSI1000-high_volatility-015,high_volatility,2024-10-08,2024-10-08,2024-11-04,MA20/MA60,0.10962354418309872,0.20556421393595053,0.19411566353572002,0.19411566353572002,1.0,1,0
CSI1000,中证1000,CSI1000-high_volatility-015,high_volatility,2024-10-08,2024-10-08,2024-11-04,Volatility Targeting,0.03433087014310465,0.6622367094439291,0.30299683364191193,0.22184798587897028,0.2318508746301385,20,879
CSI1000,中证1000,CSI1000-high_volatility-015,high_volatility,2024-10-08,2024-10-08,2024-11-04,Risk Score,0.118062913267999,0.8435052732349988,1.0000000302957093,0.8454552077289175,0.8529777819318644,1,249
CSI1000,中证1000,CSI1000-bear_market-016,bear_market,2018-01-08,2018-01-08,2020-07-13,Buy & Hold,0.4227495198928102,1.0,1.0,1.0,1.0,0,0
CSI1000,中证1000,CSI1000-bear_market-016,bear_market,2018-01-08,2018-01-08,2020-07-13,Constant Exposure - Train Fixed,0.2664071929161409,0.4306513854555094,0.5735690673423197,0.5382065194694218,0.6073335613449349,2,0
CSI1000,中证1000,CSI1000-bear_market-016,bear_market,2018-01-08,2018-01-08,2020-07-13,MA200,0.3447355312165292,0.20092282537023148,0.20036227880929625,0.19171045192352779,1.0,31,41
CSI1000,中证1000,CSI1000-bear_market-016,bear_market,2018-01-08,2018-01-08,2020-07-13,MA20/MA60,0.20409815336297465,0.20092282537023148,0.20036227880929627,0.19171045192352776,1.0,11,0
CSI1000,中证1000,CSI1000-bear_market-016,bear_market,2018-01-08,2018-01-08,2020-07-13,Volatility Targeting,0.391289246920567,0.9884642443639482,1.0000000000035016,0.3165732000634895,0.7884006128684704,567,879
CSI1000,中证1000,CSI1000-bear_market-016,bear_market,2018-01-08,2018-01-08,2020-07-13,Risk Score,0.2577850912324473,0.7512235967677612,0.8502882669965748,0.19582569253036897,1.0,131,249
CSI1000,中证1000,CSI1000-bear_market-017,bear_market,2021-12-01,2021-12-01,2026-01-09,Buy & Hold,0.46708477511173996,1.0,1.0,1.0,1.0,0,0
CSI1000,中证1000,CSI1000-bear_market-017,bear_market,2021-12-01,2021-12-01,2026-01-09,Constant Exposure - Train Fixed,0.3321212658900079,0.6414735827145008,0.6404848432258146,0.5625967743390403,0.6541543566777658,5,0
CSI1000,中证1000,CSI1000-bear_market-017,bear_market,2021-12-01,2021-12-01,2026-01-09,MA200,0.323634395428838,1.0,1.0,0.19034053979763146,1.0,28,41
CSI1000,中证1000,CSI1000-bear_market-017,bear_market,2021-12-01,2021-12-01,2026-01-09,MA20/MA60,0.38853673382623133,0.6800296294639194,1.000000000000049,0.19034053979763144,1.0000000000000475,18,0
CSI1000,中证1000,CSI1000-bear_market-017,bear_market,2021-12-01,2021-12-01,2026-01-09,Volatility Targeting,0.46328312994818577,0.9126943855434005,1.0000005270990282,0.22184798587897028,0.9686833948079214,795,879
CSI1000,中证1000,CSI1000-bear_market-017,bear_market,2021-12-01,2021-12-01,2026-01-09,Risk Score,0.3395113298264232,0.8506233246104069,0.8500781807268505,0.19034053806925638,1.0000728821607046,232,249
CSI1000,中证1000,CSI1000-bear_market_unrecovered-018,bear_market_unrecovered,2026-05-13,2026-05-13,2026-09-01,Buy & Hold,0.22944575867248973,1.0,1.0,1.0,1.0,0,0
CSI1000,中证1000,CSI1000-bear_market_unrecovered-018,bear_market_unrecovered,2026-05-13,2026-05-13,2026-09-01,Constant Exposure - Train Fixed,0.15374459507540628,0.6512847886677292,0.6545457171561506,0.6362287806832974,0.6472361352375636,0,0
CSI1000,中证1000,CSI1000-bear_market_unrecovered-018,bear_market_unrecovered,2026-05-13,2026-05-13,2026-09-01,MA200,0.1514600293348477,1.0,1.0,0.19081325720805334,0.19831537886346964,3,41
CSI1000,中证1000,CSI1000-bear_market_unrecovered-018,bear_market_unrecovered,2026-05-13,2026-05-13,2026-09-01,MA20/MA60,0.15759580158671016,1.0000787994786962,1.0,0.19081324960121046,0.19831537886346964,1,0
CSI1000,中证1000,CSI1000-bear_market_unrecovered-018,bear_market_unrecovered,2026-05-13,2026-05-13,2026-09-01,Volatility Targeting,0.12952686806180003,0.7248921255693809,0.9089728640653819,0.32457127242264283,0.504843903311161,79,879
CSI1000,中证1000,CSI1000-bear_market_unrecovered-018,bear_market_unrecovered,2026-05-13,2026-05-13,2026-09-01,Risk Score,0.10569204855207037,0.8111982189986326,0.8527348161373481,0.19081325541455174,0.6475943754952441,13,249
CSI1000,中证1000,CSI1000-sideways_market-019,sideways_market,2018-01-02,2018-01-02,2018-04-02,Buy & Hold,0.15793326441198685,,1.0,1.0,1.0,0,0
CSI1000,中证1000,CSI1000-sideways_market-019,sideways_market,2018-01-02,2018-01-02,2018-04-02,Constant Exposure - Train Fixed,0.09328213809746488,,0.0,0.0,0.5736527920224177,0,0
CSI1000,中证1000,CSI1000-sideways_market-019,sideways_market,2018-01-02,2018-01-02,2018-04-02,MA200,0.03343424825577768,,0.20146505567195636,0.19359928005963553,0.20041660761767963,0,41
CSI1000,中证1000,CSI1000-sideways_market-019,sideways_market,2018-01-02,2018-01-02,2018-04-02,MA20/MA60,0.03343424825577712,,0.2014650556719564,0.1935992800596356,0.20041660761767968,0,0
CSI1000,中证1000,CSI1000-sideways_market-019,sideways_market,2018-01-02,2018-01-02,2018-04-02,Volatility Targeting,0.14193022213509876,,0.9819683826171327,0.46912674712625085,0.5756029810009246,38,879
CSI1000,中证1000,CSI1000-sideways_market-019,sideways_market,2018-01-02,2018-01-02,2018-04-02,Risk Score,0.09350314847980312,,0.6520750916113534,0.1987765090961175,0.6506710948558206,16,249
CSI1000,中证1000,CSI1000-sideways_market-020,sideways_market,2019-06-28,2019-06-28,2019-09-20,Buy & Hold,0.11192138619115666,1.0,1.0,1.0,1.0,0,0
CSI1000,中证1000,CSI1000-sideways_market-020,sideways_market,2019-06-28,2019-06-28,2019-09-20,Constant Exposure - Train Fixed,0.06262191695851427,0.5495979579208562,0.5458275174439858,0.5412739615694925,0.5488402467738132,0,0
CSI1000,中证1000,CSI1000-sideways_market-020,sideways_market,2019-06-28,2019-06-28,2019-09-20,MA200,0.09283574204291078,1.0,1.0,0.19744665873032674,1.0,8,41
CSI1000,中证1000,CSI1000-sideways_market-020,sideways_market,2019-06-28,2019-06-28,2019-09-20,MA20/MA60,0.025120044742398706,0.2003901275854393,0.1979601257298979,0.19506235056885585,1.0,1,0
CSI1000,中证1000,CSI1000-sideways_market-020,sideways_market,2019-06-28,2019-06-28,2019-09-20,Volatility Targeting,0.08444179336097679,0.5995414623818507,0.6281871851483453,0.5671598424347358,0.7874341182617158,60,879
CSI1000,中证1000,CSI1000-sideways_market-020,sideways_market,2019-06-28,2019-06-28,2019-09-20,Risk Score,0.08839271543091565,0.7706768533977119,0.647083105865478,0.3961579613280896,0.8499189167019089,15,249
CSI1000,中证1000,CSI1000-sideways_market-021,sideways_market,2019-12-23,2019-12-23,2020-03-24,Buy & Hold,0.15460440607588077,1.0,1.0,1.0,1.0,0,0
CSI1000,中证1000,CSI1000-sideways_market-021,sideways_market,2019-12-23,2019-12-23,2020-03-24,Constant Exposure - Train Fixed,0.09374746117848531,0.5499233619121963,0.5443657955538548,0.5443657955538548,0.5997981051370335,1,0
CSI1000,中证1000,CSI1000-sideways_market-021,sideways_market,2019-12-23,2019-12-23,2020-03-24,MA200,0.17206769142783307,0.8405848628794154,1.0,0.1999373185948177,0.1999373185948177,5,41
CSI1000,中证1000,CSI1000-sideways_market-021,sideways_market,2019-12-23,2019-12-23,2020-03-24,MA20/MA60,0.15460440607588066,0.20060404173215032,0.197025532757302,0.197025532757302,1.0,1,0
CSI1000,中证1000,CSI1000-sideways_market-021,sideways_market,2019-12-23,2019-12-23,2020-03-24,Volatility Targeting,0.14069433044797375,1.0,1.0,0.3165732000634895,0.36391736104747296,58,879
CSI1000,中证1000,CSI1000-sideways_market-021,sideways_market,2019-12-23,2019-12-23,2020-03-24,Risk Score,0.12152073086607151,1.000014641408431,1.0,0.3938383060486051,0.39978601929178037,17,249
CSI1000,中证1000,CSI1000-sideways_market-022,sideways_market,2021-09-13,2021-09-13,2021-12-14,Buy & Hold,0.09696820808976625,1.0,1.0,1.0,1.0,0,0
CSI1000,中证1000,CSI1000-sideways_market-022,sideways_market,2021-09-13,2021-09-13,2021-12-14,Constant Exposure - Train Fixed,0.062807521025527,0.6421596824210105,0.6405258766523225,0.6327478076224425,0.6406966999323451,0,0
CSI1000,中证1000,CSI1000-sideways_market-022,sideways_market,2021-09-13,2021-09-13,2021-12-14,MA200,0.09696820808976647,1.0,1.0,1.0,1.0,0,41
CSI1000,中证1000,CSI1000-sideways_market-022,sideways_market,2021-09-13,2021-09-13,2021-12-14,MA20/MA60,0.09696820808976658,1.0,1.0,0.19722923211203966,1.0,2,0
CSI1000,中证1000,CSI1000-sideways_market-022,sideways_market,2021-09-13,2021-09-13,2021-12-14,Volatility Targeting,0.08556173619708052,0.7925921870191852,0.7778419598488627,0.5802549287515486,0.9358375023547256,56,879
CSI1000,中证1000,CSI1000-sideways_market-022,sideways_market,2021-09-13,2021-09-13,2021-12-14,Risk Score,0.0717971531465158,0.8510025218796915,0.8501009416074075,0.39481839778601563,0.8501954029066872,8,249
CSI1000,中证1000,CSI1000-sideways_market-023,sideways_market,2022-03-17,2022-03-17,2022-06-16,Buy & Hold,0.24406669567408845,1.0,1.0,1.0,1.0,0,0
CSI1000,中证1000,CSI1000-sideways_market-023,sideways_market,2022-03-17,2022-03-17,2022-06-16,Constant Exposure - Train Fixed,0.17780022061535627,0.7027331398155143,0.7050504173464425,0.6908197915092749,0.7052199530108004,0,0
CSI1000,中证1000,CSI1000-sideways_market-023,sideways_market,2022-03-17,2022-03-17,2022-06-16,MA200,0.05359731157377179,0.19922546497213653,0.2009626084499977,0.19034053979763146,0.2010945958244094,0,41
CSI1000,中证1000,CSI1000-sideways_market-023,sideways_market,2022-03-17,2022-03-17,2022-06-16,MA20/MA60,0.05359731157377223,0.19922546497213653,0.20096260844999772,0.19034053979763144,1.000000000098627,1,0
CSI1000,中证1000,CSI1000-sideways_market-023,sideways_market,2022-03-17,2022-03-17,2022-06-16,Volatility Targeting,0.14359755621244508,0.6024087033645357,0.4684292648122909,0.31790299963319274,0.6559336448189206,60,879
CSI1000,中证1000,CSI1000-sideways_market-023,sideways_market,2022-03-17,2022-03-17,2022-06-16,Risk Score,0.0856777053892459,0.31922819505663336,0.20096260844980773,0.19034053806925638,0.6515517539460098,10,249
CSI1000,中证1000,CSI1000-sideways_market-024,sideways_market,2022-06-17,2022-06-17,2022-09-08,Buy & Hold,0.08628750734227153,1.0,1.0,1.0,1.0,0,0
CSI1000,中证1000,CSI1000-sideways_market-024,sideways_market,2022-06-17,2022-06-17,2022-09-08,Constant Exposure - Train Fixed,0.06121322180917832,0.7060652549226945,0.7075789237610732,0.695801903962179,0.7017360606344941,0,0
CSI1000,中证1000,CSI1000-sideways_market-024,sideways_market,2022-06-17,2022-06-17,2022-09-08,MA200,0.048835267611754274,0.2017568614874568,0.20292823542142543,0.1952845407713929,0.19842447416974202,6,41
CSI1000,中证1000,CSI1000-sideways_market-024,sideways_market,2022-06-17,2022-06-17,2022-09-08,MA20/MA60,0.08628750734227164,0.6814191206614533,1.0000000000000488,1.0,1.0,0,0
CSI1000,中证1000,CSI1000-sideways_market-024,sideways_market,2022-06-17,2022-06-17,2022-09-08,Volatility Targeting,0.0695296900827217,0.6658946483654388,0.6588450498635665,0.6420414766441935,0.6871641212856446,60,879
CSI1000,中证1000,CSI1000-sideways_market-024,sideways_market,2022-06-17,2022-06-17,2022-09-08,Risk Score,0.05470903559279927,0.652488642382308,0.8523899121975643,0.39820406280826265,0.6478302929051046,21,249
CSI1000,中证1000,CSI1000-sideways_market-025,sideways_market,2022-09-09,2022-09-09,2022-12-09,Buy & Hold,0.1343845495943563,1.0,1.0,1.0,1.0,0,0
CSI1000,中证1000,CSI1000-sideways_market-025,sideways_market,2022-09-09,2022-09-09,2022-12-09,Constant Exposure - Train Fixed,0.09615789667005648,0.7048524151944673,0.7039459014588818,0.6963190263488285,0.7043759457904412,0,0
CSI1000,中证1000,CSI1000-sideways_market-025,sideways_market,2022-09-09,2022-09-09,2022-12-09,MA200,0.028104258178617947,0.20081675164747628,0.20011281671152487,0.19436098659098666,0.20052367717528716,4,41
CSI1000,中证1000,CSI1000-sideways_market-025,sideways_market,2022-09-09,2022-09-09,2022-12-09,MA20/MA60,0.03464229070598779,1.0,1.0,0.19443917641649405,1.0,2,0
CSI1000,中证1000,CSI1000-sideways_market-025,sideways_market,2022-09-09,2022-09-09,2022-12-09,Volatility Targeting,0.09247131641754636,0.7065367418168453,0.7024609981870392,0.5270545280995056,1.0,56,879
CSI1000,中证1000,CSI1000-sideways_market-025,sideways_market,2022-09-09,2022-09-09,2022-12-09,Risk Score,0.04095977843220844,0.4512600179755454,0.400218660956778,0.19530305157658395,0.8503530553443172,7,249
CSI1000,中证1000,CSI1000-sideways_market-026,sideways_market,2022-12-12,2022-12-12,2023-03-13,Buy & Hold,0.07436190869753734,1.0,1.0,1.0,1.0,0,0
CSI1000,中证1000,CSI1000-sideways_market-026,sideways_market,2022-12-12,2022-12-12,2023-03-13,Constant Exposure - Train Fixed,0.05280665076466562,0.70394107631526,0.7033762749515434,0.637970860875245,0.6443128604322483,1,0
CSI1000,中证1000,CSI1000-sideways_market-026,sideways_market,2022-12-12,2022-12-12,2023-03-13,MA200,0.03755958997026565,0.680202099106395,1.0004008439185246,0.19675313418934606,1.0,3,41
CSI1000,中证1000,CSI1000-sideways_market-026,sideways_market,2022-12-12,2022-12-12,2023-03-13,MA20/MA60,0.07436190869753734,1.0,1.0,0.1985878114821607,1.0,2,0
CSI1000,中证1000,CSI1000-sideways_market-026,sideways_market,2022-12-12,2022-12-12,2023-03-13,Volatility Targeting,0.07436190869753712,1.0000104285365303,1.0,0.8783234167239468,1.0000000057118776,17,879
CSI1000,中证1000,CSI1000-sideways_market-026,sideways_market,2022-12-12,2022-12-12,2023-03-13,Risk Score,0.04229769575264197,0.8500870522901762,0.8497416771329971,0.3951099549267917,0.651756841004938,9,249
CSI1000,中证1000,CSI1000-sideways_market-027,sideways_market,2023-03-14,2023-03-14,2023-06-09,Buy & Hold,0.08525029723591859,1.0,1.0,1.0,1.0,0,0
CSI1000,中证1000,CSI1000-sideways_market-027,sideways_market,2023-03-14,2023-03-14,2023-06-09,Constant Exposure - Train Fixed,0.05530919694068781,0.6419272762043554,0.6406992067414371,0.6364733880328765,0.6442747268832757,0,0
CSI1000,中证1000,CSI1000-sideways_market-027,sideways_market,2023-03-14,2023-03-14,2023-06-09,MA200,0.05540181723235116,1.0,1.0,0.19671964217764826,0.20121297988769832,5,41
CSI1000,中证1000,CSI1000-sideways_market-027,sideways_market,2023-03-14,2023-03-14,2023-06-09,MA20/MA60,0.06790174638439284,1.0,1.0,0.1967196421776482,0.20121297988769837,1,0
CSI1000,中证1000,CSI1000-sideways_market-027,sideways_market,2023-03-14,2023-03-14,2023-06-09,Volatility Targeting,0.08456095193282454,0.9902320977678546,1.0000000000028824,0.9166094182913161,1.0,19,879
CSI1000,中证1000,CSI1000-sideways_market-027,sideways_market,2023-03-14,2023-03-14,2023-06-09,Risk Score,0.0703393372278559,0.7696608518229223,0.6481775364053259,0.3962678200876625,0.6517190898524179,18,249
CSI1000,中证1000,CSI1000-sideways_market-028,sideways_market,2023-09-06,2023-09-06,2023-12-06,Buy & Hold,0.08994546713078011,1.0,1.0,1.0,1.0,0,0
CSI1000,中证1000,CSI1000-sideways_market-028,sideways_market,2023-09-06,2023-09-06,2023-12-06,Constant Exposure - Train Fixed,0.058499296806116985,0.642861093282239,0.6443608840448046,0.6378471975278721,0.6443066468223164,0,0
CSI1000,中证1000,CSI1000-sideways_market-028,sideways_market,2023-09-06,2023-09-06,2023-12-06,MA200,0.018482854724995335,0.20022636367826396,0.20127334089860213,0.19676049452772834,0.20123482459989928,0,41
CSI1000,中证1000,CSI1000-sideways_market-028,sideways_market,2023-09-06,2023-09-06,2023-12-06,MA20/MA60,0.034659236990456255,0.20022636367826396,0.20127334089860213,0.19676049452772829,1.0,1,0
CSI1000,中证1000,CSI1000-sideways_market-028,sideways_market,2023-09-06,2023-09-06,2023-12-06,Volatility Targeting,0.08156111779498088,0.7381579725334628,0.7139911590400925,0.6883587669792567,1.0000000000000013,47,879
CSI1000,中证1000,CSI1000-sideways_market-028,sideways_market,2023-09-06,2023-09-06,2023-12-06,Risk Score,0.05424305721586753,0.45036251228597457,0.4019566017130212,0.3951212433574217,0.6517507159056483,14,249
CSI1000,中证1000,CSI1000-sideways_market-029,sideways_market,2024-03-11,2024-03-11,2024-06-07,Buy & Hold,0.10469656957023221,1.0,1.0,1.0,1.0,0,0
CSI1000,中证1000,CSI1000-sideways_market-029,sideways_market,2024-03-11,2024-03-11,2024-06-07,Constant Exposure - Train Fixed,0.06699659138135072,0.6327492731506321,0.6373076981505555,0.6241599472141578,0.6324400117001899,0,0
CSI1000,中证1000,CSI1000-sideways_market-029,sideways_market,2024-03-11,2024-03-11,2024-06-07,MA200,0.021457167299360425,0.20004642549064386,0.2032061160896613,0.1942182060765721,0.19982700282497878,0,41
CSI1000,中证1000,CSI1000-sideways_market-029,sideways_market,2024-03-11,2024-03-11,2024-06-07,MA20/MA60,0.1046957878446384,0.20004642549064386,0.20320611608966127,0.19898255710115764,0.19990670540222438,2,0
CSI1000,中证1000,CSI1000-sideways_market-029,sideways_market,2024-03-11,2024-03-11,2024-06-07,Volatility Targeting,0.07735882109659309,0.2885518815869216,0.31049446545530207,0.31049446545530207,0.9282431448403656,60,879
CSI1000,中证1000,CSI1000-sideways_market-029,sideways_market,2024-03-11,2024-03-11,2024-06-07,Risk Score,0.08128083092868299,0.5000892238713522,0.6545184254709873,0.19951044462689246,0.39974086728687247,17,249
CSI1000,中证1000,CSI1000-sideways_market-030,sideways_market,2024-12-05,2024-12-05,2025-03-07,Buy & Hold,0.14564075643604601,1.0,1.0,1.0,1.0,0,0
CSI1000,中证1000,CSI1000-sideways_market-030,sideways_market,2024-12-05,2024-12-05,2025-03-07,Constant Exposure - Train Fixed,0.09187129036990993,0.6334406288609755,0.6363913065972259,0.5684235610298707,0.576073204604655,1,0
CSI1000,中证1000,CSI1000-sideways_market-030,sideways_market,2024-12-05,2024-12-05,2025-03-07,MA200,0.14564075643604635,1.0,1.0,1.0,1.0,0,41
CSI1000,中证1000,CSI1000-sideways_market-030,sideways_market,2024-12-05,2024-12-05,2025-03-07,MA20/MA60,0.13591545828980256,1.0,1.0,0.19665633576503594,1.0,2,0
CSI1000,中证1000,CSI1000-sideways_market-030,sideways_market,2024-12-05,2024-12-05,2025-03-07,Volatility Targeting,0.09475357761034253,0.4534032772838678,0.4863301077853349,0.4820804619890523,0.6436721396199354,60,879
CSI1000,中证1000,CSI1000-sideways_market-030,sideways_market,2024-12-05,2024-12-05,2025-03-07,Risk Score,0.08431162165425987,0.7707059770556324,0.6536844736376989,0.3923292221728421,0.8499033022677134,18,249
CSI1000,中证1000,CSI1000-sideways_market-031,sideways_market,2025-09-01,2025-09-01,2025-12-01,Buy & Hold,0.07588197324435164,1.0,1.0,1.0,1.0,0,0
CSI1000,中证1000,CSI1000-sideways_market-031,sideways_market,2025-09-01,2025-09-01,2025-12-01,Constant Exposure - Train Fixed,0.04346486345164302,0.5764571742002023,0.5771114313770789,0.5691973557324087,0.5772587003309879,0,0
CSI1000,中证1000,CSI1000-sideways_market-031,sideways_market,2025-09-01,2025-09-01,2025-12-01,MA200,0.07588197324435153,1.0,1.0,1.0,1.0,0,41
CSI1000,中证1000,CSI1000-sideways_market-031,sideways_market,2025-09-01,2025-09-01,2025-12-01,MA20/MA60,0.07588197324435153,1.0,1.0,1.0,1.0,0,0
CSI1000,中证1000,CSI1000-sideways_market-031,sideways_market,2025-09-01,2025-09-01,2025-12-01,Volatility Targeting,0.07329445426388848,0.9395430106558325,0.8864689958724494,0.5995662273247566,0.7842428499316527,56,879
CSI1000,中证1000,CSI1000-sideways_market-031,sideways_market,2025-09-01,2025-09-01,2025-12-01,Risk Score,0.06037772033565092,0.9403723131573472,0.85044486270692,0.39937719633892277,0.6510105636648867,19,249
CSI1000,中证1000,CSI1000-sideways_market-032,sideways_market,2026-03-06,2026-03-06,2026-06-03,Buy & Hold,0.11411686616106975,1.0,1.0,1.0,1.0,0,0
CSI1000,中证1000,CSI1000-sideways_market-032,sideways_market,2026-03-06,2026-03-06,2026-06-03,Constant Exposure - Train Fixed,0.0753756503124835,0.6483958288995345,0.6532051747698338,0.6406256531561267,0.6508822401483468,0,0
CSI1000,中证1000,CSI1000-sideways_market-032,sideways_market,2026-03-06,2026-03-06,2026-06-03,MA200,0.11411686616106964,1.0,1.0,1.0,1.0,0,41
CSI1000,中证1000,CSI1000-sideways_market-032,sideways_market,2026-03-06,2026-03-06,2026-06-03,MA20/MA60,0.11411686616106986,1.0,1.0,0.19743865809517963,1.0,2,0
CSI1000,中证1000,CSI1000-sideways_market-032,sideways_market,2026-03-06,2026-03-06,2026-06-03,Volatility Targeting,0.07512348299496507,0.6088475042305429,0.5611444317758999,0.4333662974914263,0.5853765426317556,60,879
CSI1000,中证1000,CSI1000-sideways_market-032,sideways_market,2026-03-06,2026-03-06,2026-06-03,Risk Score,0.05874308061381117,0.6784288324515055,0.4037705541723423,0.20107159089825072,0.40130852463489297,16,249
CSI1000,中证1000,CSI1000-rapid_crash_then_rebound-033,rapid_crash_then_rebound,2018-02-06,2018-02-06,2018-03-12,Buy & Hold,0.029688031727122643,1.0,1.0,1.0,1.0,0,0
CSI1000,中证1000,CSI1000-rapid_crash_then_rebound-033,rapid_crash_then_rebound,2018-02-06,2018-02-06,2018-03-12,Constant Exposure - Train Fixed,0.017138274134457343,0.5708508288167686,0.564751159286555,0.564751159286555,0.5759199506922896,0,0
CSI1000,中证1000,CSI1000-rapid_crash_then_rebound-033,rapid_crash_then_rebound,2018-02-06,2018-02-06,2018-03-12,MA200,0.006020849945672202,0.1986083107975272,0.19466256059796702,0.19466256059796702,0.20190715448389976,0,41
CSI1000,中证1000,CSI1000-rapid_crash_then_rebound-033,rapid_crash_then_rebound,2018-02-06,2018-02-06,2018-03-12,MA20/MA60,0.006020849945672091,0.19860831079752722,0.19466256059796705,0.19466256059796705,0.2019071544838998,0,0
CSI1000,中证1000,CSI1000-rapid_crash_then_rebound-033,rapid_crash_then_rebound,2018-02-06,2018-02-06,2018-03-12,Volatility Targeting,0.01740897734495872,0.8972843215080679,0.742081106664938,0.46912674712625085,0.5541625991110674,20,879
CSI1000,中证1000,CSI1000-rapid_crash_then_rebound-033,rapid_crash_then_rebound,2018-02-06,2018-02-06,2018-03-12,Risk Score,0.01055940534189903,0.4979440693377599,0.3919402530811717,0.1987765090961175,0.8515901502729466,4,249
CSI1000,中证1000,CSI1000-rapid_crash_then_rebound-034,rapid_crash_then_rebound,2018-10-12,2018-10-12,2018-11-06,Buy & Hold,0.0628401724749601,1.0,1.0,1.0,1.0,0,0
CSI1000,中证1000,CSI1000-rapid_crash_then_rebound-034,rapid_crash_then_rebound,2018-10-12,2018-10-12,2018-11-06,Constant Exposure - Train Fixed,0.03636194960583938,0.5701026120497937,0.5737050370896584,0.566570095618691,0.5739494283134168,0,0
CSI1000,中证1000,CSI1000-rapid_crash_then_rebound-034,rapid_crash_then_rebound,2018-10-12,2018-10-12,2018-11-06,MA200,0.012800050925237727,0.19812366198261572,0.20044970985182092,0.19582569253036897,0.20061139855728027,0,41
CSI1000,中证1000,CSI1000-rapid_crash_then_rebound-034,rapid_crash_then_rebound,2018-10-12,2018-10-12,2018-11-06,MA20/MA60,0.012800050925237838,0.19812366198261572,0.20044970985182092,0.19582569253036894,0.20061139855728025,0,0
CSI1000,中证1000,CSI1000-rapid_crash_then_rebound-034,rapid_crash_then_rebound,2018-10-12,2018-10-12,2018-11-06,Volatility Targeting,0.029744659710763233,0.7914256836098447,0.47178991353376887,0.3627087338957738,0.3739396122490162,18,879
CSI1000,中证1000,CSI1000-rapid_crash_then_rebound-034,rapid_crash_then_rebound,2018-10-12,2018-10-12,2018-11-06,Risk Score,0.013851780240981437,0.4472402581653987,0.20046758044796104,0.19582569253036897,0.6509483971786305,5,249
CSI1000,中证1000,CSI1000-rapid_crash_then_rebound-035,rapid_crash_then_rebound,2018-10-16,2018-10-16,2018-11-14,Buy & Hold,0.035043143914476604,1.0,1.0,1.0,1.0,0,0
CSI1000,中证1000,CSI1000-rapid_crash_then_rebound-035,rapid_crash_then_rebound,2018-10-16,2018-10-16,2018-11-14,Constant Exposure - Train Fixed,0.019994738677329038,0.5698952601714338,0.5675072394980473,0.566570095618691,0.5733428934419119,0,0
CSI1000,中证1000,CSI1000-rapid_crash_then_rebound-035,rapid_crash_then_rebound,2018-10-16,2018-10-16,2018-11-14,MA200,0.006951178594716723,0.19798679093458,0.19642734860141906,0.19582569253036897,0.2002133184131894,0,41
CSI1000,中证1000,CSI1000-rapid_crash_then_rebound-035,rapid_crash_then_rebound,2018-10-16,2018-10-16,2018-11-14,MA20/MA60,0.006951178594716501,0.19798679093458,0.196427348601419,0.19582569253036894,0.20021331841318937,0,0
CSI1000,中证1000,CSI1000-rapid_crash_then_rebound-035,rapid_crash_then_rebound,2018-10-16,2018-10-16,2018-11-14,Volatility Targeting,0.015503630064399032,0.6317483854131037,0.46513599395794075,0.3627087338957738,0.5071580731117414,22,879
CSI1000,中证1000,CSI1000-rapid_crash_then_rebound-035,rapid_crash_then_rebound,2018-10-16,2018-10-16,2018-11-14,Risk Score,0.013851780240981437,0.31720523940536943,0.1964273486012444,0.19582569253036897,0.8502516185452458,7,249
CSI1000,中证1000,CSI1000-rapid_crash_then_rebound-036,rapid_crash_then_rebound,2020-02-03,2020-02-03,2020-02-25,Buy & Hold,0.008916514564844213,1.0,1.0,1.0,1.0,0,0
CSI1000,中证1000,CSI1000-rapid_crash_then_rebound-036,rapid_crash_then_rebound,2020-02-03,2020-02-03,2020-02-25,Constant Exposure - Train Fixed,0.00536669462042183,0.5990812080418478,0.600925771723198,0.5978611740716504,0.6065869734495642,0,0
CSI1000,中证1000,CSI1000-rapid_crash_then_rebound-036,rapid_crash_then_rebound,2020-02-03,2020-02-03,2020-02-25,MA200,0.042529809238265326,1.0,1.0,0.20322356850767223,1.0,2,41
CSI1000,中证1000,CSI1000-rapid_crash_then_rebound-036,rapid_crash_then_rebound,2020-02-03,2020-02-03,2020-02-25,MA20/MA60,0.008916514564844324,1.0,1.0,1.0,1.0,0,0
CSI1000,中证1000,CSI1000-rapid_crash_then_rebound-036,rapid_crash_then_rebound,2020-02-03,2020-02-03,2020-02-25,Volatility Targeting,0.01679747696361833,0.9083511885413713,0.7348438065051444,0.34609223299532105,0.34609223299532105,17,879
CSI1000,中证1000,CSI1000-rapid_crash_then_rebound-036,rapid_crash_then_rebound,2020-02-03,2020-02-03,2020-02-25,Risk Score,0.012124913480397681,0.9099041165989042,0.6509172038420903,0.4048174472017563,0.8534692007236335,6,249
CSI1000,中证1000,CSI1000-rapid_crash_then_rebound-037,rapid_crash_then_rebound,2022-04-25,2022-04-25,2022-05-23,Buy & Hold,0.03038812871599217,1.0,1.0,1.0,1.0,0,0
CSI1000,中证1000,CSI1000-rapid_crash_then_rebound-037,rapid_crash_then_rebound,2022-04-25,2022-04-25,2022-05-23,Constant Exposure - Train Fixed,0.021394758912267053,0.7019267296737486,0.6908197915092749,0.6908197915092749,0.7057394064618524,0,0
CSI1000,中证1000,CSI1000-rapid_crash_then_rebound-037,rapid_crash_then_rebound,2022-04-25,2022-04-25,2022-05-23,MA200,0.0060833108457453156,0.19859430678122295,0.19034053979763146,0.19034053979763146,0.20149614058292345,0,41
CSI1000,中证1000,CSI1000-rapid_crash_then_rebound-037,rapid_crash_then_rebound,2022-04-25,2022-04-25,2022-05-23,MA20/MA60,0.006083310845745427,0.19859430678122295,0.19034053979763144,0.19034053979763144,0.20149614058292345,0,0
CSI1000,中证1000,CSI1000-rapid_crash_then_rebound-037,rapid_crash_then_rebound,2022-04-25,2022-04-25,2022-05-23,Volatility Targeting,0.013042248789851163,0.6518907639858132,0.590206321297153,0.31790299963319274,0.33464388012863144,18,879
CSI1000,中证1000,CSI1000-rapid_crash_then_rebound-037,rapid_crash_then_rebound,2022-04-25,2022-04-25,2022-05-23,Risk Score,0.006083310846926926,0.35800012719936725,0.19034053806925638,0.19034053806925638,0.4022403321234971,1,249
CSI1000,中证1000,CSI1000-rapid_crash_then_rebound-038,rapid_crash_then_rebound,2024-01-22,2024-01-22,2024-02-27,Buy & Hold,0.19245447166629515,1.0,1.0,1.0,1.0,0,0
CSI1000,中证1000,CSI1000-rapid_crash_then_rebound-038,rapid_crash_then_rebound,2024-01-22,2024-01-22,2024-02-27,Constant Exposure - Train Fixed,0.12561108571144952,0.6309788016645175,0.6191628839911932,0.6191628839911932,0.6395246078618977,0,0
CSI1000,中证1000,CSI1000-rapid_crash_then_rebound-038,rapid_crash_then_rebound,2024-01-22,2024-01-22,2024-02-27,MA200,0.04119161104553393,0.1988321728305934,0.19091478303502354,0.19091478303502354,0.20476581651548595,0,41
CSI1000,中证1000,CSI1000-rapid_crash_then_rebound-038,rapid_crash_then_rebound,2024-01-22,2024-01-22,2024-02-27,MA20/MA60,0.04119161104553404,0.1988321728305934,0.19091478303502357,0.19091478303502357,0.20476581651548592,0,0
CSI1000,中证1000,CSI1000-rapid_crash_then_rebound-038,rapid_crash_then_rebound,2024-01-22,2024-01-22,2024-02-27,Volatility Targeting,0.09318190030200524,0.7707722622828531,0.7505774993500118,0.27521161421165097,0.2814401980671348,21,879
CSI1000,中证1000,CSI1000-rapid_crash_then_rebound-038,rapid_crash_then_rebound,2024-01-22,2024-01-22,2024-02-27,Risk Score,0.04119161104553404,0.3582130504156528,0.19093361652301072,0.19093361652301072,0.6567672502468458,3,249
CSI1000,中证1000,CSI1000-rapid_crash_then_rebound-039,rapid_crash_then_rebound,2024-02-01,2024-02-01,2024-03-12,Buy & Hold,0.0962803497163709,1.0,1.0,1.0,1.0,0,0
CSI1000,中证1000,CSI1000-rapid_crash_then_rebound-039,rapid_crash_then_rebound,2024-02-01,2024-02-01,2024-03-12,Constant Exposure - Train Fixed,0.061476459182320586,0.6299257193931335,0.6325372159640033,0.6198762779143326,0.6335059794170007,0,0
CSI1000,中证1000,CSI1000-rapid_crash_then_rebound-039,rapid_crash_then_rebound,2024-02-01,2024-02-01,2024-03-12,MA200,0.019642057440706795,0.1981460144006264,0.19989307032985532,0.19138153072088396,0.20056153710982333,0,41
CSI1000,中证1000,CSI1000-rapid_crash_then_rebound-039,rapid_crash_then_rebound,2024-02-01,2024-02-01,2024-03-12,MA20/MA60,0.019642057440706795,0.1981460144006264,0.19989307032985537,0.19138153072088393,0.20056153710982336,0,0
CSI1000,中证1000,CSI1000-rapid_crash_then_rebound-039,rapid_crash_then_rebound,2024-02-01,2024-02-01,2024-03-12,Volatility Targeting,0.042760102142419654,0.4867826214739951,0.4466065808662254,0.27521161421165097,0.3247314537674112,23,879
CSI1000,中证1000,CSI1000-rapid_crash_then_rebound-039,rapid_crash_then_rebound,2024-02-01,2024-02-01,2024-03-12,Risk Score,0.029133216965199216,0.1981460144006264,0.19989307032985534,0.19138153072088393,0.6507982846781308,4,249
CSI1000,中证1000,CSI1000-rapid_crash_then_rebound-040,rapid_crash_then_rebound,2024-10-15,2024-10-15,2024-11-11,Buy & Hold,0.030479248881972065,1.0,1.0,1.0,1.0,0,0
CSI1000,中证1000,CSI1000-rapid_crash_then_rebound-040,rapid_crash_then_rebound,2024-10-15,2024-10-15,2024-11-11,Constant Exposure - Train Fixed,0.019309296043471313,0.6270945052773632,0.6293964695814553,0.6260773104233877,0.6384958963810239,0,0
CSI1000,中证1000,CSI1000-rapid_crash_then_rebound-040,rapid_crash_then_rebound,2024-10-15,2024-10-15,2024-11-11,MA200,0.030479248881971954,1.0000799531916484,1.0,1.0,1.0,0,41
CSI1000,中证1000,CSI1000-rapid_crash_then_rebound-040,rapid_crash_then_rebound,2024-10-15,2024-10-15,2024-11-11,MA20/MA60,0.030479248881972176,0.8389087780955968,1.0,1.0,1.0,0,0
CSI1000,中证1000,CSI1000-rapid_crash_then_rebound-040,rapid_crash_then_rebound,2024-10-15,2024-10-15,2024-11-11,Volatility Targeting,0.006924446827465958,0.25237360082345256,0.22222007395861823,0.22184798587897028,0.5047537919074907,20,879
CSI1000,中证1000,CSI1000-rapid_crash_then_rebound-040,rapid_crash_then_rebound,2024-10-15,2024-10-15,2024-11-11,Risk Score,0.02592124044655697,0.9092983619046062,0.848187504441042,0.6502161173191054,0.8531679746270084,2,249
CSI1000,中证1000,CSI1000-rapid_crash_then_rebound-041,rapid_crash_then_rebound,2025-04-07,2025-04-07,2025-05-08,Buy & Hold,0.017990877938704908,1.0,1.0,1.0,1.0,0,0
CSI1000,中证1000,CSI1000-rapid_crash_then_rebound-041,rapid_crash_then_rebound,2025-04-07,2025-04-07,2025-05-08,Constant Exposure - Train Fixed,0.010374875482061063,0.5760707342836249,0.5625967743390403,0.5625967743390403,0.5788293538677135,0,0
CSI1000,中证1000,CSI1000-rapid_crash_then_rebound-041,rapid_crash_then_rebound,2025-04-07,2025-04-07,2025-05-08,MA200,0.017990877938751315,1.0,1.0,0.2016686813405928,1.0,2,41
CSI1000,中证1000,CSI1000-rapid_crash_then_rebound-041,rapid_crash_then_rebound,2025-04-07,2025-04-07,2025-05-08,MA20/MA60,0.003992407402612641,1.0,1.0,0.19831842584913914,0.20169068577337573,1,0
CSI1000,中证1000,CSI1000-rapid_crash_then_rebound-041,rapid_crash_then_rebound,2025-04-07,2025-04-07,2025-05-08,Volatility Targeting,0.006081337165020462,0.9134993956214202,1.0000106887149012,0.32180277550439274,0.32746431553937133,21,879
CSI1000,中证1000,CSI1000-rapid_crash_then_rebound-041,rapid_crash_then_rebound,2025-04-07,2025-04-07,2025-05-08,Risk Score,0.00720762627385485,0.6498245169709094,0.6372193842662018,0.3974725051497171,0.6523931937052393,2,249
CSI1000,中证1000,CSI1000-rapid_crash_then_rebound-042,rapid_crash_then_rebound,2026-07-17,2026-07-17,2026-08-17,Buy & Hold,0.04947822018128989,1.0,1.0,1.0,1.0,0,0
CSI1000,中证1000,CSI1000-rapid_crash_then_rebound-042,rapid_crash_then_rebound,2026-07-17,2026-07-17,2026-08-17,Constant Exposure - Train Fixed,0.03232448697244472,0.6464975572441068,0.6362287806832974,0.6362287806832974,0.6545704927980062,0,0
CSI1000,中证1000,CSI1000-rapid_crash_then_rebound-042,rapid_crash_then_rebound,2026-07-17,2026-07-17,2026-08-17,MA200,0.010024004499827543,0.5196193813960095,0.19081325720805334,0.19081325720805334,0.2034977777009308,0,41
CSI1000,中证1000,CSI1000-rapid_crash_then_rebound-042,rapid_crash_then_rebound,2026-07-17,2026-07-17,2026-08-17,MA20/MA60,0.010024004499827543,0.8396775931548202,0.19081324960121046,0.19081324960121046,0.2034977777009308,0,0
CSI1000,中证1000,CSI1000-rapid_crash_then_rebound-042,rapid_crash_then_rebound,2026-07-17,2026-07-17,2026-08-17,Volatility Targeting,0.0184499546532787,0.47904925740288196,0.46055530219765667,0.32457127242264283,0.43837372532997004,22,879
CSI1000,中证1000,CSI1000-rapid_crash_then_rebound-042,rapid_crash_then_rebound,2026-07-17,2026-07-17,2026-08-17,Risk Score,0.013430731803803275,0.35688838122913175,0.19081325541455174,0.19081325541455174,0.6549252552476647,4,249
CSI2000,中证2000,CSI2000-rapid_crash-001,rapid_crash,2018-02-06,2018-02-06,2018-02-07,Buy & Hold,-0.0,1.0,1.0,1.0,1.0,0,0
CSI2000,中证2000,CSI2000-rapid_crash-001,rapid_crash,2018-02-06,2018-02-06,2018-02-07,Constant Exposure - Train Fixed,-0.0,0.4125359834800668,0.40645215844572813,0.40645215844572813,0.4132235533917623,0,0
CSI2000,中证2000,CSI2000-rapid_crash-001,rapid_crash,2018-02-06,2018-02-06,2018-02-07,MA200,-0.0,0.1981513596675146,0.19417402222673463,0.19417402222673463,0.19859193943553494,0,38
CSI2000,中证2000,CSI2000-rapid_crash-001,rapid_crash,2018-02-06,2018-02-06,2018-02-07,MA20/MA60,-0.0,0.19815135966751457,0.19417402222673463,0.19417402222673463,0.1985919394355349,0,3
CSI2000,中证2000,CSI2000-rapid_crash-001,rapid_crash,2018-02-06,2018-02-06,2018-02-07,Volatility Targeting,-0.0,0.9007196254350236,0.7488978403832183,0.5895489159814422,0.5895489159814422,2,922
CSI2000,中证2000,CSI2000-rapid_crash-001,rapid_crash,2018-02-06,2018-02-06,2018-02-07,Risk Score,-0.0,0.4972652757547446,0.39119714700363295,0.39119714700363295,0.39788473762205534,0,237
CSI2000,中证2000,CSI2000-rapid_crash-002,rapid_crash,2018-06-19,2018-06-19,2018-06-21,Buy & Hold,0.028094647486606283,1.0,1.0,1.0,1.0,0,0
CSI2000,中证2000,CSI2000-rapid_crash-002,rapid_crash,2018-06-19,2018-06-19,2018-06-21,Constant Exposure - Train Fixed,0.011700667256398178,0.4133918025498601,0.40133331521317767,0.40133331521317767,0.4090437576586072,0,0
CSI2000,中证2000,CSI2000-rapid_crash-002,rapid_crash,2018-06-19,2018-06-19,2018-06-21,MA200,0.005639561376526325,0.19870783022227057,0.19086830444207228,0.19086830444207228,0.19585853942719367,0,38
CSI2000,中证2000,CSI2000-rapid_crash-002,rapid_crash,2018-06-19,2018-06-19,2018-06-21,MA20/MA60,0.005639561376526547,0.1987078302222706,0.19086830444207228,0.19086830444207228,0.19585853942719367,0,3
CSI2000,中证2000,CSI2000-rapid_crash-002,rapid_crash,2018-06-19,2018-06-19,2018-06-21,Volatility Targeting,0.012990215724596244,0.7247744171544099,0.654329330049745,0.453685599282523,0.453685599282523,3,922
CSI2000,中证2000,CSI2000-rapid_crash-002,rapid_crash,2018-06-19,2018-06-19,2018-06-21,Risk Score,0.005639612225883828,0.3980515635253726,0.386145370211092,0.1958585411565138,0.1958585411565138,1,237
CSI2000,中证2000,CSI2000-rapid_crash-003,rapid_crash,2018-10-12,2018-10-12,2018-10-12,Buy & Hold,-0.0,1.0,1.0,1.0,1.0,0,0
CSI2000,中证2000,CSI2000-rapid_crash-003,rapid_crash,2018-10-12,2018-10-12,2018-10-12,Constant Exposure - Train Fixed,-0.0,0.4129416694990563,0.41643385016490836,0.41643385016490836,0.41643385016490836,0,0
CSI2000,中证2000,CSI2000-rapid_crash-003,rapid_crash,2018-10-12,2018-10-12,2018-10-12,MA200,-0.0,0.19842292256559937,0.20070451204258738,0.20070451204258738,0.20070451204258738,0,38
CSI2000,中证2000,CSI2000-rapid_crash-003,rapid_crash,2018-10-12,2018-10-12,2018-10-12,MA20/MA60,-0.0,0.1984229225655994,0.20070451204258744,0.20070451204258744,0.20070451204258744,0,3
CSI2000,中证2000,CSI2000-rapid_crash-003,rapid_crash,2018-10-12,2018-10-12,2018-10-12,Volatility Targeting,-0.0,0.7687877495546193,0.45633227269492493,0.45633227269492493,0.45633227269492493,1,922
CSI2000,中证2000,CSI2000-rapid_crash-003,rapid_crash,2018-10-12,2018-10-12,2018-10-12,Risk Score,-0.0,0.4476885352327124,0.20072224610231898,0.20072224610231898,0.20072224610231898,1,237
CSI2000,中证2000,CSI2000-rapid_crash-004,rapid_crash,2018-10-16,2018-10-16,2018-10-17,Buy & Hold,-0.0,1.0,1.0,1.0,1.0,0,0
CSI2000,中证2000,CSI2000-rapid_crash-004,rapid_crash,2018-10-16,2018-10-16,2018-10-17,Constant Exposure - Train Fixed,-0.0,0.4130399825137324,0.41089394712313376,0.41089394712313376,0.4146306168038103,0,0
CSI2000,中证2000,CSI2000-rapid_crash-004,rapid_crash,2018-10-16,2018-10-16,2018-10-17,MA200,-0.0,0.1984854818280773,0.19706613669116374,0.19706613669116374,0.19951692322372827,0,38
CSI2000,中证2000,CSI2000-rapid_crash-004,rapid_crash,2018-10-16,2018-10-16,2018-10-17,MA20/MA60,-0.0,0.19848548182807732,0.19706613669116377,0.19706613669116377,0.19951692322372827,0,3
CSI2000,中证2000,CSI2000-rapid_crash-004,rapid_crash,2018-10-16,2018-10-16,2018-10-17,Volatility Targeting,-0.0,0.6132097604135864,0.45188193411456296,0.45188193411456296,0.4562797726993096,2,922
CSI2000,中证2000,CSI2000-rapid_crash-004,rapid_crash,2018-10-16,2018-10-16,2018-10-17,Risk Score,-0.0,0.31785006675627253,0.19706613669098952,0.19706613669098952,0.1995169232237283,0,237
CSI2000,中证2000,CSI2000-rapid_crash-005,rapid_crash,2019-04-29,2019-04-29,2019-04-29,Buy & Hold,-0.0,1.0,1.0,1.0,1.0,0,0
CSI2000,中证2000,CSI2000-rapid_crash-005,rapid_crash,2019-04-29,2019-04-29,2019-04-29,Constant Exposure - Train Fixed,-0.0,0.5505770973367973,0.5436178804362117,0.5436178804362117,0.5436178804362117,0,0
CSI2000,中证2000,CSI2000-rapid_crash-005,rapid_crash,2019-04-29,2019-04-29,2019-04-29,MA200,-0.0,1.0,1.0,1.0,1.0,0,38
CSI2000,中证2000,CSI2000-rapid_crash-005,rapid_crash,2019-04-29,2019-04-29,2019-04-29,MA20/MA60,-0.0,1.0,1.0,1.0,1.0,0,3
CSI2000,中证2000,CSI2000-rapid_crash-005,rapid_crash,2019-04-29,2019-04-29,2019-04-29,Volatility Targeting,-0.0,0.6141023064677965,0.5293781970379046,0.5293781970379046,0.5293781970379046,1,922
CSI2000,中证2000,CSI2000-rapid_crash-005,rapid_crash,2019-04-29,2019-04-29,2019-04-29,Risk Score,-0.0,0.7274767864687972,0.6404090303876325,0.6404090303876325,0.6404090303876325,0,237
CSI2000,中证2000,CSI2000-rapid_crash-006,rapid_crash,2019-05-06,2019-05-06,2019-05-07,Buy & Hold,-0.0,1.0,1.0,1.0,1.0,0,0
CSI2000,中证2000,CSI2000-rapid_crash-006,rapid_crash,2019-05-06,2019-05-06,2019-05-07,Constant Exposure - Train Fixed,-0.0,0.5507651657180596,0.5418055107779202,0.5418055107779202,0.5571012909529617,0,0
CSI2000,中证2000,CSI2000-rapid_crash-006,rapid_crash,2019-05-06,2019-05-06,2019-05-07,MA200,-0.0,1.0,1.0,1.0,1.0,0,38
CSI2000,中证2000,CSI2000-rapid_crash-006,rapid_crash,2019-05-06,2019-05-06,2019-05-07,MA20/MA60,-0.0,1.0,1.0,1.0,1.0,0,3
CSI2000,中证2000,CSI2000-rapid_crash-006,rapid_crash,2019-05-06,2019-05-06,2019-05-07,Volatility Targeting,-0.0,0.5652710416157268,0.5509844636684718,0.4105962545284048,0.4105962545284048,2,922
CSI2000,中证2000,CSI2000-rapid_crash-006,rapid_crash,2019-05-06,2019-05-06,2019-05-07,Risk Score,-0.0,0.5970731272736793,0.38825126902026297,0.20203907737783156,0.20203907737783156,1,237
CSI2000,中证2000,CSI2000-rapid_crash-007,rapid_crash,2020-02-03,2020-02-03,2020-02-05,Buy & Hold,0.009374712968170829,1.0,1.0,1.0,1.0,0,0
CSI2000,中证2000,CSI2000-rapid_crash-007,rapid_crash,2020-02-03,2020-02-03,2020-02-05,Constant Exposure - Train Fixed,0.004618260024580989,0.5924817529413722,0.5941448913172307,0.5941448913172307,0.6001967388630264,0,0
CSI2000,中证2000,CSI2000-rapid_crash-007,rapid_crash,2020-02-03,2020-02-03,2020-02-05,MA200,0.05541582983586657,1.0,1.0,0.2042880208634885,0.2042880208634885,1,38
CSI2000,中证2000,CSI2000-rapid_crash-007,rapid_crash,2020-02-03,2020-02-03,2020-02-05,MA20/MA60,0.009374712968170718,1.0,1.0,1.0,1.0,0,3
CSI2000,中证2000,CSI2000-rapid_crash-007,rapid_crash,2020-02-03,2020-02-03,2020-02-05,Volatility Targeting,0.02619612521189052,0.8760061340217596,0.7405183044784514,0.40504155690664595,0.40504155690664595,3,922
CSI2000,中证2000,CSI2000-rapid_crash-007,rapid_crash,2020-02-03,2020-02-03,2020-02-05,Risk Score,0.019933832302047483,0.8794764659453611,0.6503794444655654,0.4063992622043724,0.4063992622043724,2,237
CSI2000,中证2000,CSI2000-rapid_crash-008,rapid_crash,2022-04-25,2022-04-25,2022-04-28,Buy & Hold,0.03923676495410855,1.0,1.0,1.0,1.0,0,0
CSI2000,中证2000,CSI2000-rapid_crash-008,rapid_crash,2022-04-25,2022-04-25,2022-04-28,Constant Exposure - Train Fixed,0.027459118678259897,0.698630038536725,0.6857608600305902,0.6857608600305902,0.6976639714423246,0,0
CSI2000,中证2000,CSI2000-rapid_crash-008,rapid_crash,2022-04-25,2022-04-25,2022-04-28,MA200,0.007841739563438699,0.1989679076081759,0.1894873451504514,0.1894873451504514,0.19820919291135866,0,38
CSI2000,中证2000,CSI2000-rapid_crash-008,rapid_crash,2022-04-25,2022-04-25,2022-04-28,MA20/MA60,0.007841739563438366,0.1989679076081759,0.18948734515045146,0.18948734515045146,0.1982091929113587,0,3
CSI2000,中证2000,CSI2000-rapid_crash-008,rapid_crash,2022-04-25,2022-04-25,2022-04-28,Volatility Targeting,0.016736794712061798,0.6423462565734115,0.5726822180363558,0.3650598670020856,0.3650598670020856,4,922
CSI2000,中证2000,CSI2000-rapid_crash-008,rapid_crash,2022-04-25,2022-04-25,2022-04-28,Risk Score,0.007841739560136562,0.35855916316335246,0.18948734343226048,0.18948734343226048,0.1982091929113587,0,237
CSI2000,中证2000,CSI2000-rapid_crash-009,rapid_crash,2024-01-22,2024-01-22,2024-01-23,Buy & Hold,-0.0,1.0,1.0,1.0,1.0,0,0
CSI2000,中证2000,CSI2000-rapid_crash-009,rapid_crash,2024-01-22,2024-01-22,2024-01-23,Constant Exposure - Train Fixed,-0.0,0.6386735261147916,0.6263619322368871,0.6263619322368871,0.6421882580980273,0,0
CSI2000,中证2000,CSI2000-rapid_crash-009,rapid_crash,2024-01-22,2024-01-22,2024-01-23,MA200,-0.0,0.19860430489217024,0.1903013569618832,0.1903013569618832,0.2010361996363846,0,38
CSI2000,中证2000,CSI2000-rapid_crash-009,rapid_crash,2024-01-22,2024-01-22,2024-01-23,MA20/MA60,-0.0,0.19860430489217024,0.19030135696188322,0.19030135696188322,0.2010361996363846,0,3
CSI2000,中证2000,CSI2000-rapid_crash-009,rapid_crash,2024-01-22,2024-01-22,2024-01-23,Volatility Targeting,-0.0,0.7322482360590039,0.6993707300627974,0.5182927704714615,0.5182927704714615,2,922
CSI2000,中证2000,CSI2000-rapid_crash-009,rapid_crash,2024-01-22,2024-01-22,2024-01-23,Risk Score,0.00031479717940885443,0.35793015813487816,0.3852738832661152,0.20105367224544474,0.20105367224544474,1,237
CSI2000,中证2000,CSI2000-rapid_crash-010,rapid_crash,2024-02-01,2024-02-01,2024-02-07,Buy & Hold,0.14265335449433192,1.0,1.0,1.0,1.0,0,0
CSI2000,中证2000,CSI2000-rapid_crash-010,rapid_crash,2024-02-01,2024-02-01,2024-02-07,Constant Exposure - Train Fixed,0.09173337108496649,0.6371593099068175,0.6384953415054799,0.6201337825101403,0.6336662494042575,0,0
CSI2000,中证2000,CSI2000-rapid_crash-010,rapid_crash,2024-02-01,2024-02-01,2024-02-07,MA200,0.028736782147406714,0.19761612882014576,0.1984734280456588,0.186246369717257,0.19517567364636648,0,38
CSI2000,中证2000,CSI2000-rapid_crash-010,rapid_crash,2024-02-01,2024-02-01,2024-02-07,MA20/MA60,0.028736782147406603,0.19761612882014576,0.19847342804565882,0.18624636971725703,0.19517567364636648,0,3
CSI2000,中证2000,CSI2000-rapid_crash-010,rapid_crash,2024-02-01,2024-02-01,2024-02-07,Volatility Targeting,0.05805658478069253,0.46082732357992084,0.4027963422624209,0.2966689635897447,0.2966689635897447,5,922
CSI2000,中证2000,CSI2000-rapid_crash-010,rapid_crash,2024-02-01,2024-02-01,2024-02-07,Risk Score,0.028736782147406603,0.19761612882018179,0.1984734280456588,0.186246369717257,0.1951756736463665,0,237
CSI2000,中证2000,CSI2000-rapid_crash-011,rapid_crash,2024-04-16,2024-04-16,2024-04-16,Buy & Hold,-0.0,1.0,1.0,1.0,1.0,0,0
CSI2000,中证2000,CSI2000-rapid_crash-011,rapid_crash,2024-04-16,2024-04-16,2024-04-16,Constant Exposure - Train Fixed,-0.0,0.6389341499998455,0.6258644714260738,0.6258644714260738,0.6258644714260738,0,0
CSI2000,中证2000,CSI2000-rapid_crash-011,rapid_crash,2024-04-16,2024-04-16,2024-04-16,MA200,-0.0,0.19880240394644555,0.18997311169860998,0.18997311169860998,0.18997311169860998,0,38
CSI2000,中证2000,CSI2000-rapid_crash-011,rapid_crash,2024-04-16,2024-04-16,2024-04-16,MA20/MA60,-0.0,1.0,1.0,1.0,1.0,0,3
CSI2000,中证2000,CSI2000-rapid_crash-011,rapid_crash,2024-04-16,2024-04-16,2024-04-16,Volatility Targeting,-0.0,0.537594097055774,0.4667280273239619,0.4667280273239619,0.4667280273239619,1,922
CSI2000,中证2000,CSI2000-rapid_crash-011,rapid_crash,2024-04-16,2024-04-16,2024-04-16,Risk Score,-0.0,0.398193955180878,0.18999059701458051,0.18999059701458051,0.18999059701458051,1,237
CSI2000,中证2000,CSI2000-rapid_crash-012,rapid_crash,2024-10-15,2024-10-15,2024-10-15,Buy & Hold,-0.0,1.0,1.0,1.0,1.0,0,0
CSI2000,中证2000,CSI2000-rapid_crash-012,rapid_crash,2024-10-15,2024-10-15,2024-10-15,Constant Exposure - Train Fixed,-0.0,0.6352507586688819,0.6393323375880634,0.6393323375880634,0.6393323375880634,0,0
CSI2000,中证2000,CSI2000-rapid_crash-012,rapid_crash,2024-10-15,2024-10-15,2024-10-15,MA200,-0.0,1.0000799493019579,1.0,1.0,1.0,0,38
CSI2000,中证2000,CSI2000-rapid_crash-012,rapid_crash,2024-10-15,2024-10-15,2024-10-15,MA20/MA60,-0.0,1.0000799493019579,1.0,1.0,1.0,0,3
CSI2000,中证2000,CSI2000-rapid_crash-012,rapid_crash,2024-10-15,2024-10-15,2024-10-15,Volatility Targeting,-0.0,0.25225151159949183,0.21870515945470545,0.21870515945470545,0.21870515945470545,1,922
CSI2000,中证2000,CSI2000-rapid_crash-012,rapid_crash,2024-10-15,2024-10-15,2024-10-15,Risk Score,-0.0,0.8703003887849329,0.8493245109663758,0.8493245109663758,0.8493245109663758,1,237
CSI2000,中证2000,CSI2000-rapid_crash-013,rapid_crash,2025-01-06,2025-01-06,2025-01-06,Buy & Hold,-0.0,1.0,1.0,1.0,1.0,0,0
CSI2000,中证2000,CSI2000-rapid_crash-013,rapid_crash,2025-01-06,2025-01-06,2025-01-06,Constant Exposure - Train Fixed,-0.0,0.6239334662391757,0.5780632941989385,0.5780632941989385,0.5780632941989385,0,0
CSI2000,中证2000,CSI2000-rapid_crash-013,rapid_crash,2025-01-06,2025-01-06,2025-01-06,MA200,-0.0,1.0,1.0,1.0,1.0,0,38
CSI2000,中证2000,CSI2000-rapid_crash-013,rapid_crash,2025-01-06,2025-01-06,2025-01-06,MA20/MA60,-0.0,1.0,1.0,1.0,1.0,0,3
CSI2000,中证2000,CSI2000-rapid_crash-013,rapid_crash,2025-01-06,2025-01-06,2025-01-06,Volatility Targeting,-0.0,0.47000499792494843,0.44079000088060516,0.44079000088060516,0.44079000088060516,1,922
CSI2000,中证2000,CSI2000-rapid_crash-013,rapid_crash,2025-01-06,2025-01-06,2025-01-06,Risk Score,-0.0,0.39558317519718933,0.3992259400138425,0.3992259400138425,0.3992259400138425,0,237
CSI2000,中证2000,CSI2000-rapid_crash-014,rapid_crash,2025-04-07,2025-04-07,2025-04-09,Buy & Hold,0.005176582719922607,1.0,1.0,1.0,1.0,0,0
CSI2000,中证2000,CSI2000-rapid_crash-014,rapid_crash,2025-04-07,2025-04-07,2025-04-09,Constant Exposure - Train Fixed,0.002835199711111014,0.5786804970148374,0.5621631809020833,0.5621631809020833,0.590798955068605,0,0
CSI2000,中证2000,CSI2000-rapid_crash-014,rapid_crash,2025-04-07,2025-04-07,2025-04-09,MA200,0.015208207708200194,1.0,1.0,0.2080732038464043,0.2080732038464043,1,38
CSI2000,中证2000,CSI2000-rapid_crash-014,rapid_crash,2025-04-07,2025-04-07,2025-04-09,MA20/MA60,0.005176582719922496,1.0,1.0,1.0,1.0,0,3
CSI2000,中证2000,CSI2000-rapid_crash-014,rapid_crash,2025-04-07,2025-04-07,2025-04-09,Volatility Targeting,0.006817780624945202,0.730697324323067,0.8283448026984748,0.3129179270075327,0.32394353297179895,3,922
CSI2000,中证2000,CSI2000-rapid_crash-014,rapid_crash,2025-04-07,2025-04-07,2025-04-09,Risk Score,0.004425928401767143,0.6498422082653368,0.6343532091228136,0.4011127335681198,0.4118684010804104,1,237
CSI2000,中证2000,CSI2000-rapid_crash-015,rapid_crash,2026-03-23,2026-03-23,2026-03-23,Buy & Hold,-0.0,1.0,1.0,1.0,1.0,0,0
CSI2000,中证2000,CSI2000-rapid_crash-015,rapid_crash,2026-03-23,2026-03-23,2026-03-23,Constant Exposure - Train Fixed,-0.0,0.6431849093770108,0.6377216540305083,0.6377216540305083,0.6377216540305083,0,0
CSI2000,中证2000,CSI2000-rapid_crash-015,rapid_crash,2026-03-23,2026-03-23,2026-03-23,MA200,-0.0,1.0,1.0,1.0,1.0,0,38
CSI2000,中证2000,CSI2000-rapid_crash-015,rapid_crash,2026-03-23,2026-03-23,2026-03-23,MA20/MA60,-0.0,1.0,1.0,1.0,1.0,0,3
CSI2000,中证2000,CSI2000-rapid_crash-015,rapid_crash,2026-03-23,2026-03-23,2026-03-23,Volatility Targeting,-0.0,0.6104952936264298,0.5361723668613156,0.5361723668613156,0.5361723668613156,1,922
CSI2000,中证2000,CSI2000-rapid_crash-015,rapid_crash,2026-03-23,2026-03-23,2026-03-23,Risk Score,-0.0,0.49742752759438097,0.3916832904859835,0.3916832904859835,0.3916832904859835,0,237
CSI2000,中证2000,CSI2000-rapid_crash-016,rapid_crash,2026-07-17,2026-07-17,2026-07-22,Buy & Hold,0.0406361541416399,1.0,1.0,1.0,1.0,0,0
CSI2000,中证2000,CSI2000-rapid_crash-016,rapid_crash,2026-07-17,2026-07-17,2026-07-22,Constant Exposure - Train Fixed,0.02626429084613402,0.643339846694089,0.6319067386836789,0.6319067386836789,0.6447127100399404,0,0
CSI2000,中证2000,CSI2000-rapid_crash-016,rapid_crash,2026-07-17,2026-07-17,2026-07-22,MA200,0.008144185807523963,0.19838128357364768,0.19059463194801482,0.19059463194801482,0.1992993697551526,0,38
CSI2000,中证2000,CSI2000-rapid_crash-016,rapid_crash,2026-07-17,2026-07-17,2026-07-22,MA20/MA60,0.008144185807523963,0.1983812835738057,0.1905946319480148,0.1905946319480148,0.19929936975515267,0,3
CSI2000,中证2000,CSI2000-rapid_crash-016,rapid_crash,2026-07-17,2026-07-17,2026-07-22,Volatility Targeting,0.016431168478920677,0.5021607486867131,0.4779499208686827,0.3851551560981129,0.3851551560981129,4,922
CSI2000,中证2000,CSI2000-rapid_crash-016,rapid_crash,2026-07-17,2026-07-17,2026-07-22,Risk Score,0.008144185807523963,0.27753776658761453,0.19059463194801485,0.19059463194801485,0.1992993697551527,0,237
CSI2000,中证2000,CSI2000-high_volatility-017,high_volatility,2024-02-08,2024-02-08,2024-03-11,Buy & Hold,0.06838111056326523,1.0,1.0,1.0,1.0,0,0
CSI2000,中证2000,CSI2000-high_volatility-017,high_volatility,2024-02-08,2024-02-08,2024-03-11,Constant Exposure - Train Fixed,0.04375599881075487,0.6348566427164946,0.659272650250507,0.6236430435992969,0.6457367622347113,0,0
CSI2000,中证2000,CSI2000-high_volatility-017,high_volatility,2024-02-08,2024-02-08,2024-03-11,MA200,0.01363696740114273,0.19612589044663448,0.2133848059697251,0.18851963649496548,0.2035356677638783,0,38
CSI2000,中证2000,CSI2000-high_volatility-017,high_volatility,2024-02-08,2024-02-08,2024-03-11,MA20/MA60,0.013636967401142841,0.19612589044663448,0.21338480596972506,0.18851963649496548,0.20353566776387824,0,3
CSI2000,中证2000,CSI2000-high_volatility-017,high_volatility,2024-02-08,2024-02-08,2024-03-11,Volatility Targeting,0.015756271452177062,0.3565110413979552,0.3195691267800526,0.2126783199938113,0.23494402107062254,17,922
CSI2000,中证2000,CSI2000-high_volatility-017,high_volatility,2024-02-08,2024-02-08,2024-03-11,Risk Score,0.04439258157438719,0.19612589044663448,0.2133848059697251,0.2026257496158864,0.6549783337424863,4,237
CSI2000,中证2000,CSI2000-high_volatility-018,high_volatility,2024-10-08,2024-10-08,2024-11-04,Buy & Hold,0.13069450762400003,1.0,1.0,1.0,1.0,0,0
CSI2000,中证2000,CSI2000-high_volatility-018,high_volatility,2024-10-08,2024-10-08,2024-11-04,Constant Exposure - Train Fixed,0.08497000399642973,0.6483163627264503,0.631707752865972,0.6254675980734578,0.6465255671036375,0,0
CSI2000,中证2000,CSI2000-high_volatility-018,high_volatility,2024-10-08,2024-10-08,2024-11-04,MA200,0.13070624573008616,0.20539882344041568,1.000399525997595,1.0,1.0,1,38
CSI2000,中证2000,CSI2000-high_volatility-018,high_volatility,2024-10-08,2024-10-08,2024-11-04,MA20/MA60,0.13070624573008605,0.20539882344041568,1.000399525997595,1.0,1.0,1,3
CSI2000,中证2000,CSI2000-high_volatility-018,high_volatility,2024-10-08,2024-10-08,2024-11-04,Volatility Targeting,0.036619379019873444,0.6493801036724494,0.31470850963995195,0.2153379605908821,0.22179053883371622,20,922
CSI2000,中证2000,CSI2000-high_volatility-018,high_volatility,2024-10-08,2024-10-08,2024-11-04,Risk Score,0.12407979921899315,0.8147834897005017,1.0000663305444084,0.6569241617724432,0.853211126131863,4,237
CSI2000,中证2000,CSI2000-high_volatility-019,high_volatility,2025-04-21,2025-04-21,2025-04-21,Buy & Hold,-0.0,1.0,1.0,1.0,1.0,0,0
CSI2000,中证2000,CSI2000-high_volatility-019,high_volatility,2025-04-21,2025-04-21,2025-04-21,Constant Exposure - Train Fixed,-0.0,0.5790193465776211,0.5849045554212163,0.5849045554212163,0.5849045554212163,0,0
CSI2000,中证2000,CSI2000-high_volatility-019,high_volatility,2025-04-21,2025-04-21,2025-04-21,MA200,-0.0,1.0000000000189087,1.0,1.0,1.0,0,38
CSI2000,中证2000,CSI2000-high_volatility-019,high_volatility,2025-04-21,2025-04-21,2025-04-21,MA20/MA60,-0.0,0.5199458833691663,0.20401218845305724,0.20401218845305724,0.20401218845305724,0,3
CSI2000,中证2000,CSI2000-high_volatility-019,high_volatility,2025-04-21,2025-04-21,2025-04-21,Volatility Targeting,-0.0,0.29077940365004723,0.2955023110479035,0.2955023110479035,0.2955023110479035,1,922
CSI2000,中证2000,CSI2000-high_volatility-019,high_volatility,2025-04-21,2025-04-21,2025-04-21,Risk Score,-0.0,0.4001708267444369,0.4059883079191357,0.4059883079191357,0.4059883079191357,0,237
CSI2000,中证2000,CSI2000-high_volatility-020,high_volatility,2025-04-23,2025-04-23,2025-04-23,Buy & Hold,-0.0,1.0,1.0,1.0,1.0,0,0
CSI2000,中证2000,CSI2000-high_volatility-020,high_volatility,2025-04-23,2025-04-23,2025-04-23,Constant Exposure - Train Fixed,-0.0,0.579977986208325,0.580507409560076,0.580507409560076,0.580507409560076,0,0
CSI2000,中证2000,CSI2000-high_volatility-020,high_volatility,2025-04-23,2025-04-23,2025-04-23,MA200,-0.0,1.0,1.0,1.0,1.0,0,38
CSI2000,中证2000,CSI2000-high_volatility-020,high_volatility,2025-04-23,2025-04-23,2025-04-23,MA20/MA60,-0.0,0.20076799076368562,0.2010912071423765,0.2010912071423765,0.2010912071423765,0,3
CSI2000,中证2000,CSI2000-high_volatility-020,high_volatility,2025-04-23,2025-04-23,2025-04-23,Volatility Targeting,-0.0,0.2907609553214062,0.28950980480331334,0.28950980480331334,0.28950980480331334,1,922
CSI2000,中证2000,CSI2000-high_volatility-020,high_volatility,2025-04-23,2025-04-23,2025-04-23,Risk Score,-0.0,0.4011194303935568,0.40163471277427826,0.40163471277427826,0.40163471277427826,0,237
CSI2000,中证2000,CSI2000-high_volatility-021,high_volatility,2025-04-30,2025-04-30,2025-05-07,Buy & Hold,-0.0,1.0,1.0,1.0,1.0,0,0
CSI2000,中证2000,CSI2000-high_volatility-021,high_volatility,2025-04-30,2025-04-30,2025-05-07,Constant Exposure - Train Fixed,-0.0,0.5789364019891503,0.5815967987427629,0.5778862268747887,0.5778862268747887,0,0
CSI2000,中证2000,CSI2000-high_volatility-021,high_volatility,2025-04-30,2025-04-30,2025-05-07,MA200,-0.0,1.0,1.0,1.0,1.0,0,38
CSI2000,中证2000,CSI2000-high_volatility-021,high_volatility,2025-04-30,2025-04-30,2025-05-07,MA20/MA60,-0.0,0.20006283473047431,0.20181082723170077,0.19936811504011698,0.19936811504011698,0,3
CSI2000,中证2000,CSI2000-high_volatility-021,high_volatility,2025-04-30,2025-04-30,2025-05-07,Volatility Targeting,-0.0,0.2879446311234982,0.2901396440954126,0.27904670586029895,0.27904670586029895,3,922
CSI2000,中证2000,CSI2000-high_volatility-021,high_volatility,2025-04-30,2025-04-30,2025-05-07,Risk Score,-0.0,0.40009000694260405,0.40271046868718197,0.40271046868718197,0.6491777390949083,1,237
CSI2000,中证2000,CSI2000-bear_market-022,bear_market,2018-01-05,2018-01-05,2020-07-13,Buy & Hold,0.39227181106065834,1.0,1.0,1.0,1.0,0,0
CSI2000,中证2000,CSI2000-bear_market-022,bear_market,2018-01-05,2018-01-05,2020-07-13,Constant Exposure - Train Fixed,0.18253816907734632,0.2777893423682527,0.4157982552147767,0.40133331521317767,0.6008862292160266,2,0
CSI2000,中证2000,CSI2000-bear_market-022,bear_market,2018-01-05,2018-01-05,2020-07-13,MA200,0.3455133054913657,0.20098248094185037,0.20028618717056262,0.19086830444207228,1.0,25,38
CSI2000,中证2000,CSI2000-bear_market-022,bear_market,2018-01-05,2018-01-05,2020-07-13,MA20/MA60,0.2683137145732256,0.20098248094185034,0.2002861871705626,0.19086830444207228,1.0,13,3
CSI2000,中证2000,CSI2000-bear_market-022,bear_market,2018-01-05,2018-01-05,2020-07-13,Volatility Targeting,0.3719039281131089,0.9723339321789068,1.0000000075631827,0.317718529848357,0.8235072619466602,564,922
CSI2000,中证2000,CSI2000-bear_market-022,bear_market,2018-01-05,2018-01-05,2020-07-13,Risk Score,0.2765849478341158,0.7180325345201398,0.8502278312779836,0.19575520298644242,1.0,134,237
CSI2000,中证2000,CSI2000-bear_market-023,bear_market,2020-09-02,2020-09-02,2021-08-11,Buy & Hold,0.23763112306323753,1.0,1.0,1.0,1.0,0,0
CSI2000,中证2000,CSI2000-bear_market-023,bear_market,2020-09-02,2020-09-02,2021-08-11,Constant Exposure - Train Fixed,0.15230698824765498,0.594489829599681,0.5958206652769229,0.5811440612579117,0.6397126300490082,1,0
CSI2000,中证2000,CSI2000-bear_market-023,bear_market,2020-09-02,2020-09-02,2021-08-11,MA200,0.16633657179171568,1.0,1.0,0.19548937276020598,1.0,6,38
CSI2000,中证2000,CSI2000-bear_market-023,bear_market,2020-09-02,2020-09-02,2021-08-11,MA20/MA60,0.12183553470581787,1.0,1.0,0.1947224556894925,1.0,2,3
CSI2000,中证2000,CSI2000-bear_market-023,bear_market,2020-09-02,2020-09-02,2021-08-11,Volatility Targeting,0.19803554320527172,0.6788194110519703,0.7639794440539872,0.444335405324071,0.6039043039788013,159,922
CSI2000,中证2000,CSI2000-bear_market-023,bear_market,2020-09-02,2020-09-02,2021-08-11,Risk Score,0.18252174737806193,0.6911149605481677,0.6519078165943015,0.39520798046916256,0.8515139316224375,35,237
CSI2000,中证2000,CSI2000-bear_market-024,bear_market,2022-01-04,2022-01-04,2025-03-17,Buy & Hold,0.4069739756992652,1.0,1.0,1.0,1.0,0,0
CSI2000,中证2000,CSI2000-bear_market-024,bear_market,2022-01-04,2022-01-04,2025-03-17,Constant Exposure - Train Fixed,0.28052616032145483,0.6384855071881177,0.6390338182567703,0.5672082081451604,0.5799503907241995,4,0
CSI2000,中证2000,CSI2000-bear_market-024,bear_market,2022-01-04,2022-01-04,2025-03-17,MA200,0.38346789265117087,1.0,1.0,0.186246369717257,1.0,38,38
CSI2000,中证2000,CSI2000-bear_market-024,bear_market,2022-01-04,2022-01-04,2025-03-17,MA20/MA60,0.3362558736687107,1.0,1.0,0.18624636971725703,1.0,18,3
CSI2000,中证2000,CSI2000-bear_market-024,bear_market,2022-01-04,2022-01-04,2025-03-17,Volatility Targeting,0.38833842722300105,0.8425363005121337,0.8787122532562065,0.2126783199938113,0.5535752701291764,678,922
CSI2000,中证2000,CSI2000-bear_market-024,bear_market,2022-01-04,2022-01-04,2025-03-17,Risk Score,0.2627763403967418,0.6513640969147094,0.8511418513531606,0.186246369717257,0.8505757961213741,181,237
CSI2000,中证2000,CSI2000-bear_market_unrecovered-025,bear_market_unrecovered,2026-05-13,2026-05-13,2026-09-01,Buy & Hold,0.2747273953798566,1.0,1.0,1.0,1.0,0,0
CSI2000,中证2000,CSI2000-bear_market_unrecovered-025,bear_market_unrecovered,2026-05-13,2026-05-13,2026-09-01,Constant Exposure - Train Fixed,0.18530558340024927,0.6474507509750419,0.6500676471440889,0.6319067386836789,0.6452120072457607,0,0
CSI2000,中证2000,CSI2000-bear_market_unrecovered-025,bear_market_unrecovered,2026-05-13,2026-05-13,2026-09-01,MA200,0.15017455119271905,1.0,1.0,0.19059463194801482,0.19964730250593388,1,38
CSI2000,中证2000,CSI2000-bear_market_unrecovered-025,bear_market_unrecovered,2026-05-13,2026-05-13,2026-09-01,MA20/MA60,0.10827150176176814,0.8404738246381784,1.0,0.1905946319480148,0.19964730250593388,1,3
CSI2000,中证2000,CSI2000-bear_market_unrecovered-025,bear_market_unrecovered,2026-05-13,2026-05-13,2026-09-01,Volatility Targeting,0.16206881019490926,0.7205971197088277,0.906932404021309,0.319334018515969,0.49599286580855567,79,922
CSI2000,中证2000,CSI2000-bear_market_unrecovered-025,bear_market_unrecovered,2026-05-13,2026-05-13,2026-09-01,Risk Score,0.12034083195887602,0.8112262365361506,0.8524162907640614,0.19059463194801485,0.6494991124437718,11,237
CSI2000,中证2000,CSI2000-sideways_market-026,sideways_market,2018-01-02,2018-01-02,2018-04-02,Buy & Hold,0.17106173458252782,,1.0,1.0,1.0,0,0
CSI2000,中证2000,CSI2000-sideways_market-026,sideways_market,2018-01-02,2018-01-02,2018-04-02,Constant Exposure - Train Fixed,0.07439887917895072,,0.0,0.0,0.41566894875346516,0,0
CSI2000,中证2000,CSI2000-sideways_market-026,sideways_market,2018-01-02,2018-01-02,2018-04-02,MA200,0.03643858282622103,,0.2012622138881468,0.1934720965806754,0.20020067219563348,0,38
CSI2000,中证2000,CSI2000-sideways_market-026,sideways_market,2018-01-02,2018-01-02,2018-04-02,MA20/MA60,0.03643858282622092,,0.20126221388814683,0.19347209658067535,0.20020067219563342,0,3
CSI2000,中证2000,CSI2000-sideways_market-026,sideways_market,2018-01-02,2018-01-02,2018-04-02,Volatility Targeting,0.15341215199271951,,0.9472554310628917,0.4649848306831916,0.576674149855571,36,922
CSI2000,中证2000,CSI2000-sideways_market-026,sideways_market,2018-01-02,2018-01-02,2018-04-02,Risk Score,0.09923854252360387,,0.6517887792499242,0.19896244438224034,0.6503648514899187,15,237
CSI2000,中证2000,CSI2000-sideways_market-027,sideways_market,2019-06-28,2019-06-28,2019-09-20,Buy & Hold,0.11892519016159675,1.0,1.0,1.0,1.0,0,0
CSI2000,中证2000,CSI2000-sideways_market-027,sideways_market,2019-06-28,2019-06-28,2019-09-20,Constant Exposure - Train Fixed,0.06719032965434679,0.5543679629165278,0.5503587598396443,0.5451993420623872,0.5535470089618075,0,0
CSI2000,中证2000,CSI2000-sideways_market-027,sideways_market,2019-06-28,2019-06-28,2019-09-20,MA200,0.1026886742479759,1.0,1.0,0.19736527207344287,1.0,8,38
CSI2000,中证2000,CSI2000-sideways_market-027,sideways_market,2019-06-28,2019-06-28,2019-09-20,MA20/MA60,0.025731939898554823,0.20024549181726536,0.19765901597782415,0.1943767055100596,1.0,1,3
CSI2000,中证2000,CSI2000-sideways_market-027,sideways_market,2019-06-28,2019-06-28,2019-09-20,Volatility Targeting,0.08330169642397856,0.5848186493017973,0.6102493435383894,0.5467711724555595,0.7557305316365531,60,922
CSI2000,中证2000,CSI2000-sideways_market-027,sideways_market,2019-06-28,2019-06-28,2019-09-20,Risk Score,0.09222621788396868,0.7705165443092368,0.646649501983671,0.3960350636292042,0.849770186189311,13,237
CSI2000,中证2000,CSI2000-sideways_market-028,sideways_market,2019-09-23,2019-09-23,2019-12-20,Buy & Hold,0.09026780460514283,1.0,1.0,1.0,1.0,0,0
CSI2000,中证2000,CSI2000-sideways_market-028,sideways_market,2019-09-23,2019-09-23,2019-12-20,Constant Exposure - Train Fixed,0.050358247469546646,0.5533574719811029,0.5530548440027525,0.5453784687928684,0.5510277287522908,0,0
CSI2000,中证2000,CSI2000-sideways_market-028,sideways_market,2019-09-23,2019-09-23,2019-12-20,MA200,0.08662920324195122,1.0,1.0,0.1965968216495069,1.000000000099891,8,38
CSI2000,中证2000,CSI2000-sideways_market-028,sideways_market,2019-09-23,2019-09-23,2019-12-20,MA20/MA60,0.08179809310146091,1.0000000000199383,1.0,0.19792026350721703,0.19808797087765379,1,3
CSI2000,中证2000,CSI2000-sideways_market-028,sideways_market,2019-09-23,2019-09-23,2019-12-20,Volatility Targeting,0.06929150657788852,0.778724962833329,0.7539394566088045,0.6101692273988945,1.0,51,922
CSI2000,中证2000,CSI2000-sideways_market-028,sideways_market,2019-09-23,2019-09-23,2019-12-20,Risk Score,0.08434499693830622,0.9102658815008485,0.8495156552789811,0.39943677772518354,1.0,13,237
CSI2000,中证2000,CSI2000-sideways_market-029,sideways_market,2019-12-23,2019-12-23,2020-03-24,Buy & Hold,0.1369009343794233,1.0,1.0,1.0,1.0,0,0
CSI2000,中证2000,CSI2000-sideways_market-029,sideways_market,2019-12-23,2019-12-23,2020-03-24,Constant Exposure - Train Fixed,0.0811688113613418,0.555198484343318,0.5487620738182409,0.5487620738182409,0.5939834179035339,1,0
CSI2000,中证2000,CSI2000-sideways_market-029,sideways_market,2019-12-23,2019-12-23,2020-03-24,MA200,0.1770150375310816,0.6808975171242484,1.0000000000000513,0.20084941652024166,1.0,4,38
CSI2000,中证2000,CSI2000-sideways_market-029,sideways_market,2019-12-23,2019-12-23,2020-03-24,MA20/MA60,0.1369009343794233,0.2007869062668831,0.19663774339414689,0.19663774339414689,1.0,1,3
CSI2000,中证2000,CSI2000-sideways_market-029,sideways_market,2019-12-23,2019-12-23,2020-03-24,Volatility Targeting,0.14809793317286934,1.0,1.0,0.317718529848357,0.38024482829618617,55,922
CSI2000,中证2000,CSI2000-sideways_market-029,sideways_market,2019-12-23,2019-12-23,2020-03-24,Risk Score,0.12905838402318814,1.0000146763800328,1.0,0.39412350335591134,0.40018541579828387,13,237
CSI2000,中证2000,CSI2000-sideways_market-030,sideways_market,2021-09-13,2021-09-13,2021-12-14,Buy & Hold,0.10720178285926663,1.0,1.0,1.0,1.0,0,0
CSI2000,中证2000,CSI2000-sideways_market-030,sideways_market,2021-09-13,2021-09-13,2021-12-14,Constant Exposure - Train Fixed,0.06896327241329625,0.6381709786694627,0.6387081041469277,0.6274509937899564,0.6387384438668476,0,0
CSI2000,中证2000,CSI2000-sideways_market-030,sideways_market,2021-09-13,2021-09-13,2021-12-14,MA200,0.10720178285926663,1.0,1.0,1.0,1.0,0,38
CSI2000,中证2000,CSI2000-sideways_market-030,sideways_market,2021-09-13,2021-09-13,2021-12-14,MA20/MA60,0.10015505145738235,1.0,1.0,0.1967157482707858,1.0,2,3
CSI2000,中证2000,CSI2000-sideways_market-030,sideways_market,2021-09-13,2021-09-13,2021-12-14,Volatility Targeting,0.08747014588004398,0.7629541860944351,0.7491700806196657,0.5372842583234053,0.8947473260805713,56,922
CSI2000,中证2000,CSI2000-sideways_market-030,sideways_market,2021-09-13,2021-09-13,2021-12-14,Risk Score,0.0726596966596249,0.8505823208506265,0.8508791295101847,0.3950536423402669,0.8508958006573091,10,237
CSI2000,中证2000,CSI2000-sideways_market-031,sideways_market,2022-03-17,2022-03-17,2022-06-16,Buy & Hold,0.24058238716483182,1.0,1.0,1.0,1.0,0,0
CSI2000,中证2000,CSI2000-sideways_market-031,sideways_market,2022-03-17,2022-03-17,2022-06-16,Constant Exposure - Train Fixed,0.1741860217526492,0.6988882062928409,0.7021640948683701,0.6857608600305902,0.7022775013700371,0,0
CSI2000,中证2000,CSI2000-sideways_market-031,sideways_market,2022-03-17,2022-03-17,2022-06-16,MA200,0.05966336155321983,0.36003245651168264,0.20163684089990797,0.1894873451504514,0.2017248385393417,4,38
CSI2000,中证2000,CSI2000-sideways_market-031,sideways_market,2022-03-17,2022-03-17,2022-06-16,MA20/MA60,0.05265497437482569,0.19918173937268685,0.20163684090070746,0.18948734515045146,0.2017248385393417,0,3
CSI2000,中证2000,CSI2000-sideways_market-031,sideways_market,2022-03-17,2022-03-17,2022-06-16,Volatility Targeting,0.1395512283504955,0.5943552594266909,0.4659992657136175,0.3197536844146389,0.631174939066188,60,922
CSI2000,中证2000,CSI2000-sideways_market-031,sideways_market,2022-03-17,2022-03-17,2022-06-16,Risk Score,0.0797689294880658,0.35845971316051073,0.20163684283137917,0.18948734343226048,0.6524411080652373,7,237
CSI2000,中证2000,CSI2000-sideways_market-032,sideways_market,2022-09-09,2022-09-09,2022-12-09,Buy & Hold,0.13418795673675865,1.0,1.0,1.0,1.0,0,0
CSI2000,中证2000,CSI2000-sideways_market-032,sideways_market,2022-09-09,2022-09-09,2022-12-09,Constant Exposure - Train Fixed,0.09547623489292234,0.701365686545673,0.6986789292314102,0.6927804141399456,0.699480722828316,0,0
CSI2000,中证2000,CSI2000-sideways_market-032,sideways_market,2022-09-09,2022-09-09,2022-12-09,MA200,0.0335664210941371,0.5212070367770737,1.0000000001007017,0.1946360680176437,1.0,2,38
CSI2000,中证2000,CSI2000-sideways_market-032,sideways_market,2022-09-09,2022-09-09,2022-12-09,MA20/MA60,0.0819986125953619,1.0,1.0,0.19463606801764372,1.0,2,3
CSI2000,中证2000,CSI2000-sideways_market-032,sideways_market,2022-09-09,2022-09-09,2022-12-09,Volatility Targeting,0.0814757702883242,0.6259777049470588,0.6190954063806257,0.486481478368138,1.0,56,922
CSI2000,中证2000,CSI2000-sideways_market-032,sideways_market,2022-09-09,2022-09-09,2022-12-09,Risk Score,0.040685908213300426,0.4515870790483344,0.6485415785335138,0.19496901910167153,0.8496691593416531,13,237
CSI2000,中证2000,CSI2000-sideways_market-033,sideways_market,2022-12-12,2022-12-12,2023-03-13,Buy & Hold,0.0681612254173426,1.0,1.0,1.0,1.0,0,0
CSI2000,中证2000,CSI2000-sideways_market-033,sideways_market,2022-12-12,2022-12-12,2023-03-13,Constant Exposure - Train Fixed,0.04808926869439589,0.6997910142143583,0.7000748803711465,0.6422169763857931,0.6493226042747037,1,0
CSI2000,中证2000,CSI2000-sideways_market-033,sideways_market,2022-12-12,2022-12-12,2023-03-13,MA200,0.04472618958739771,1.0,1.0,0.19670345411137902,1.0,2,38
CSI2000,中证2000,CSI2000-sideways_market-033,sideways_market,2022-12-12,2022-12-12,2023-03-13,MA20/MA60,0.06816122541734237,1.0,1.0,0.19853655852196386,1.0,2,3
CSI2000,中证2000,CSI2000-sideways_market-033,sideways_market,2022-12-12,2022-12-12,2023-03-13,Volatility Targeting,0.0681612254173426,1.0000020164720969,1.0,0.8003032550669368,0.8938959066246445,33,922
CSI2000,中证2000,CSI2000-sideways_market-033,sideways_market,2022-12-12,2022-12-12,2023-03-13,Risk Score,0.04031152588508491,0.849857549499718,0.8500300500173859,0.39503481909216975,0.651197574438442,7,237
CSI2000,中证2000,CSI2000-sideways_market-034,sideways_market,2023-06-12,2023-06-12,2023-09-05,Buy & Hold,0.110932460550345,1.0,1.0,1.0,1.0,0,0
CSI2000,中证2000,CSI2000-sideways_market-034,sideways_market,2023-06-12,2023-06-12,2023-09-05,Constant Exposure - Train Fixed,0.07287717126288562,0.6480650498159333,0.6502897903746656,0.6384986072139861,0.647747559255042,0,0
CSI2000,中证2000,CSI2000-sideways_market-034,sideways_market,2023-06-12,2023-06-12,2023-09-05,MA200,0.06062134980153733,1.0,1.0,0.1933290990291992,0.19969251107320773,3,38
CSI2000,中证2000,CSI2000-sideways_market-034,sideways_market,2023-06-12,2023-06-12,2023-09-05,MA20/MA60,0.05481283815437554,0.19992322359764567,0.20148214969627679,0.19332909902919918,0.19969251107320773,2,3
CSI2000,中证2000,CSI2000-sideways_market-034,sideways_market,2023-06-12,2023-06-12,2023-09-05,Volatility Targeting,0.11213651643072098,1.0000000000012723,1.0,0.6614110143812849,0.6614110143812849,28,922
CSI2000,中证2000,CSI2000-sideways_market-034,sideways_market,2023-06-12,2023-06-12,2023-09-05,Risk Score,0.08289938796839214,0.7301725268980511,0.6520990263347667,0.38991027656976135,0.6496428290193526,18,237
CSI2000,中证2000,CSI2000-sideways_market-035,sideways_market,2023-09-06,2023-09-06,2023-12-06,Buy & Hold,0.08441600809938787,1.0,1.0,1.0,1.0,0,0
CSI2000,中证2000,CSI2000-sideways_market-035,sideways_market,2023-09-06,2023-09-06,2023-12-06,Constant Exposure - Train Fixed,0.055275171488096686,0.6487698398801018,0.6503472709612537,0.6434108045473347,0.6498551603390244,0,0
CSI2000,中证2000,CSI2000-sideways_market-035,sideways_market,2023-09-06,2023-09-06,2023-12-06,MA200,0.03218158397607773,0.20041253091803696,0.20152287770786176,0.1966804775468445,1.0,3,38
CSI2000,中证2000,CSI2000-sideways_market-035,sideways_market,2023-09-06,2023-09-06,2023-12-06,MA20/MA60,0.03218158397607762,0.20041253091803696,0.20152287770786176,0.19668047754684453,1.0,1,3
CSI2000,中证2000,CSI2000-sideways_market-035,sideways_market,2023-09-06,2023-09-06,2023-12-06,Volatility Targeting,0.07723137453539208,0.6795744299692672,0.6633737656520728,0.6462667065514844,1.0000000022202624,54,922
CSI2000,中证2000,CSI2000-sideways_market-035,sideways_market,2023-09-06,2023-09-06,2023-12-06,Risk Score,0.047577737229917316,0.4506377867572424,0.6521563423486794,0.3950002664015116,0.6517280147327785,12,237
CSI2000,中证2000,CSI2000-sideways_market-036,sideways_market,2025-03-10,2025-03-10,2025-06-06,Buy & Hold,0.19646736496959727,1.0,1.0,1.0,1.0,0,0
CSI2000,中证2000,CSI2000-sideways_market-036,sideways_market,2025-03-10,2025-03-10,2025-06-06,Constant Exposure - Train Fixed,0.11763985579873182,0.5811023828056194,0.5793696501965832,0.5621631809020833,0.5788450541522044,0,0
CSI2000,中证2000,CSI2000-sideways_market-036,sideways_market,2025-03-10,2025-03-10,2025-06-06,MA200,0.204570047235065,1.0,1.0,0.2080732038464043,1.0,2,38
CSI2000,中证2000,CSI2000-sideways_market-036,sideways_market,2025-03-10,2025-03-10,2025-06-06,MA20/MA60,0.19646736496959716,1.0,1.0,0.19782595769685524,1.0,2,3
CSI2000,中证2000,CSI2000-sideways_market-036,sideways_market,2025-03-10,2025-03-10,2025-06-06,Volatility Targeting,0.15280927016927115,0.5336938346827227,0.5525991567543065,0.27904670586029895,0.8542243012886654,60,922
CSI2000,中证2000,CSI2000-sideways_market-036,sideways_market,2025-03-10,2025-03-10,2025-06-06,Risk Score,0.14064720511355566,0.8511849280996462,0.8502722359919729,0.3967307123198286,0.8499980995479194,6,237
CSI2000,中证2000,CSI2000-sideways_market-037,sideways_market,2025-09-01,2025-09-01,2025-12-01,Buy & Hold,0.07399913392713109,1.0,1.0,1.0,1.0,0,0
CSI2000,中证2000,CSI2000-sideways_market-037,sideways_market,2025-09-01,2025-09-01,2025-12-01,Constant Exposure - Train Fixed,0.04335533591983021,0.5784536960119027,0.5808695623928922,0.5720419279638258,0.5802180429884123,0,0
CSI2000,中证2000,CSI2000-sideways_market-037,sideways_market,2025-09-01,2025-09-01,2025-12-01,MA200,0.07399913392713098,1.0,1.0,1.0,1.0,0,38
CSI2000,中证2000,CSI2000-sideways_market-037,sideways_market,2025-09-01,2025-09-01,2025-12-01,MA20/MA60,0.07836427607150864,1.0,1.0,0.19998537064171407,1.0,2,3
CSI2000,中证2000,CSI2000-sideways_market-037,sideways_market,2025-09-01,2025-09-01,2025-12-01,Volatility Targeting,0.07367282080195359,0.8712773374317713,0.8086740145754694,0.6206559227929824,0.7015846827469839,56,922
CSI2000,中证2000,CSI2000-sideways_market-037,sideways_market,2025-09-01,2025-09-01,2025-12-01,Risk Score,0.062249515989856063,0.9401662771032194,0.851054498306873,0.39956800819502397,0.6513561788921952,17,237
CSI2000,中证2000,CSI2000-sideways_market-038,sideways_market,2026-03-06,2026-03-06,2026-06-03,Buy & Hold,0.1322030259584982,1.0,1.0,1.0,1.0,0,0
CSI2000,中证2000,CSI2000-sideways_market-038,sideways_market,2026-03-06,2026-03-06,2026-06-03,Constant Exposure - Train Fixed,0.08699176232250172,0.6447581644187739,0.6498616505946445,0.6367153589143366,0.6463649877387959,0,0
CSI2000,中证2000,CSI2000-sideways_market-038,sideways_market,2026-03-06,2026-03-06,2026-06-03,MA200,0.13220302595849853,1.0,1.0,1.0,1.0,0,38
CSI2000,中证2000,CSI2000-sideways_market-038,sideways_market,2026-03-06,2026-03-06,2026-06-03,MA20/MA60,0.1322030259584981,1.0,1.0,0.19633226421579103,1.0,2,3
CSI2000,中证2000,CSI2000-sideways_market-038,sideways_market,2026-03-06,2026-03-06,2026-06-03,Volatility Targeting,0.07949065786499954,0.6776529705542018,0.5943183641448097,0.38436833192382147,0.5374839659200398,60,922
CSI2000,中证2000,CSI2000-sideways_market-038,sideways_market,2026-03-06,2026-03-06,2026-06-03,Risk Score,0.07131715655491644,0.6788485409487433,0.4043688180508895,0.20192182111242515,0.4006815685048504,16,237
CSI2000,中证2000,CSI2000-rapid_crash_then_rebound-039,rapid_crash_then_rebound,2018-02-06,2018-02-06,2018-03-12,Buy & Hold,0.027364264952026485,1.0,1.0,1.0,1.0,0,0
CSI2000,中证2000,CSI2000-rapid_crash_then_rebound-039,rapid_crash_then_rebound,2018-02-06,2018-02-06,2018-03-12,Constant Exposure - Train Fixed,0.011482287584470785,0.4125359834800668,0.40645215844572813,0.40645215844572813,0.4184032833125999,0,0
CSI2000,中证2000,CSI2000-rapid_crash_then_rebound-039,rapid_crash_then_rebound,2018-02-06,2018-02-06,2018-03-12,MA200,0.005549649200465301,0.1981513596675146,0.19417402222673463,0.19417402222673463,0.20200758917254702,0,38
CSI2000,中证2000,CSI2000-rapid_crash_then_rebound-039,rapid_crash_then_rebound,2018-02-06,2018-02-06,2018-03-12,MA20/MA60,0.005549649200465079,0.19815135966751457,0.19417402222673463,0.19417402222673463,0.20200758917254705,0,3
CSI2000,中证2000,CSI2000-rapid_crash_then_rebound-039,rapid_crash_then_rebound,2018-02-06,2018-02-06,2018-03-12,Volatility Targeting,0.01592487573691126,0.9007196254350236,0.7488978403832183,0.4649848306831916,0.5593805110062465,20,922
CSI2000,中证2000,CSI2000-rapid_crash_then_rebound-039,rapid_crash_then_rebound,2018-02-06,2018-02-06,2018-03-12,Risk Score,0.009849702354568057,0.4972652757547446,0.39119714700363295,0.19896244438224034,0.8516692471334265,4,237
CSI2000,中证2000,CSI2000-rapid_crash_then_rebound-040,rapid_crash_then_rebound,2018-10-12,2018-10-12,2018-11-05,Buy & Hold,0.05327503566345415,1.0,1.0,1.0,1.0,0,0
CSI2000,中证2000,CSI2000-rapid_crash_then_rebound-040,rapid_crash_then_rebound,2018-10-12,2018-10-12,2018-11-05,Constant Exposure - Train Fixed,0.0223618780337147,0.4129416694990563,0.41643385016490836,0.40888481941343807,0.41784050382462684,0,0
CSI2000,中证2000,CSI2000-rapid_crash_then_rebound-040,rapid_crash_then_rebound,2018-10-12,2018-10-12,2018-11-05,MA200,0.010808969808834723,0.19842292256559937,0.20070451204258738,0.1957552029864424,0.20163500847780927,0,38
CSI2000,中证2000,CSI2000-rapid_crash_then_rebound-040,rapid_crash_then_rebound,2018-10-12,2018-10-12,2018-11-05,MA20/MA60,0.010808969808834723,0.1984229225655994,0.20070451204258744,0.19575520298644244,0.2016350084778093,0,3
CSI2000,中证2000,CSI2000-rapid_crash_then_rebound-040,rapid_crash_then_rebound,2018-10-12,2018-10-12,2018-11-05,Volatility Targeting,0.024504714360724655,0.7687877495546193,0.45633227269492493,0.36968500207695293,0.36968500207695293,17,922
CSI2000,中证2000,CSI2000-rapid_crash_then_rebound-040,rapid_crash_then_rebound,2018-10-12,2018-10-12,2018-11-05,Risk Score,0.01103356186611526,0.4476885352327124,0.20072224610231898,0.19575520298644242,0.40244786646775155,4,237
CSI2000,中证2000,CSI2000-rapid_crash_then_rebound-041,rapid_crash_then_rebound,2018-10-16,2018-10-16,2018-11-14,Buy & Hold,0.03205678218301666,1.0,1.0,1.0,1.0,0,0
CSI2000,中证2000,CSI2000-rapid_crash_then_rebound-041,rapid_crash_then_rebound,2018-10-16,2018-10-16,2018-11-14,Constant Exposure - Train Fixed,0.013349381381249192,0.4130399825137324,0.41089394712313376,0.40888481941343807,0.4152749613717875,0,0
CSI2000,中证2000,CSI2000-rapid_crash_then_rebound-041,rapid_crash_then_rebound,2018-10-16,2018-10-16,2018-11-14,MA200,0.006433839185189916,0.1984854818280773,0.19706613669116374,0.1957552029864424,0.19994081082037363,0,38
CSI2000,中证2000,CSI2000-rapid_crash_then_rebound-041,rapid_crash_then_rebound,2018-10-16,2018-10-16,2018-11-14,MA20/MA60,0.006433839185189916,0.19848548182807732,0.19706613669116377,0.19575520298644244,0.1999408108203736,0,3
CSI2000,中证2000,CSI2000-rapid_crash_then_rebound-041,rapid_crash_then_rebound,2018-10-16,2018-10-16,2018-11-14,Volatility Targeting,0.01462538124870394,0.6132097604135864,0.45188193411456296,0.36968500207695293,0.5373453816482098,22,922
CSI2000,中证2000,CSI2000-rapid_crash_then_rebound-041,rapid_crash_then_rebound,2018-10-16,2018-10-16,2018-11-14,Risk Score,0.01103356186611526,0.31785006675627253,0.19706613669098952,0.19575520298644242,0.8499540110333604,5,237
CSI2000,中证2000,CSI2000-rapid_crash_then_rebound-042,rapid_crash_then_rebound,2020-02-03,2020-02-03,2020-02-25,Buy & Hold,0.010173169290843886,1.0,1.0,1.0,1.0,0,0
CSI2000,中证2000,CSI2000-rapid_crash_then_rebound-042,rapid_crash_then_rebound,2020-02-03,2020-02-03,2020-02-25,Constant Exposure - Train Fixed,0.006041059093887413,0.5924817529413722,0.5941448913172307,0.5912559168582305,0.5996435630204237,0,0
CSI2000,中证2000,CSI2000-rapid_crash_then_rebound-042,rapid_crash_then_rebound,2020-02-03,2020-02-03,2020-02-25,MA200,0.05541582983586657,1.0,1.0,0.20168044549760447,1.0,2,38
CSI2000,中证2000,CSI2000-rapid_crash_then_rebound-042,rapid_crash_then_rebound,2020-02-03,2020-02-03,2020-02-25,MA20/MA60,0.010173169290843997,1.0,1.0,1.0,1.0,0,3
CSI2000,中证2000,CSI2000-rapid_crash_then_rebound-042,rapid_crash_then_rebound,2020-02-03,2020-02-03,2020-02-25,Volatility Targeting,0.02619612521189052,0.8760061340217596,0.7405183044784514,0.34303618963539567,0.34303618963539567,17,922
CSI2000,中证2000,CSI2000-rapid_crash_then_rebound-042,rapid_crash_then_rebound,2020-02-03,2020-02-03,2020-02-25,Risk Score,0.019933832302047483,0.8794764659453611,0.6503794444655654,0.40251610152304523,0.8530714147085254,4,237
CSI2000,中证2000,CSI2000-rapid_crash_then_rebound-043,rapid_crash_then_rebound,2022-04-25,2022-04-25,2022-05-23,Buy & Hold,0.03923676495410855,1.0,1.0,1.0,1.0,0,0
CSI2000,中证2000,CSI2000-rapid_crash_then_rebound-043,rapid_crash_then_rebound,2022-04-25,2022-04-25,2022-05-23,Constant Exposure - Train Fixed,0.027459118678259897,0.698630038536725,0.6857608600305902,0.6857608600305902,0.7031792590807059,0,0
CSI2000,中证2000,CSI2000-rapid_crash_then_rebound-043,rapid_crash_then_rebound,2022-04-25,2022-04-25,2022-05-23,MA200,0.007841739563438699,0.1989679076081759,0.1894873451504514,0.1894873451504514,0.20242081561294537,0,38
CSI2000,中证2000,CSI2000-rapid_crash_then_rebound-043,rapid_crash_then_rebound,2022-04-25,2022-04-25,2022-05-23,MA20/MA60,0.007841739563438366,0.1989679076081759,0.18948734515045146,0.18948734515045146,0.20242081561294542,0,3
CSI2000,中证2000,CSI2000-rapid_crash_then_rebound-043,rapid_crash_then_rebound,2022-04-25,2022-04-25,2022-05-23,Volatility Targeting,0.016736794712061798,0.6423462565734115,0.5726822180363558,0.3197536844146389,0.33696622581016705,18,922
CSI2000,中证2000,CSI2000-rapid_crash_then_rebound-043,rapid_crash_then_rebound,2022-04-25,2022-04-25,2022-05-23,Risk Score,0.007841739560136562,0.35855916316335246,0.18948734343226048,0.18948734343226048,0.40362050217066703,1,237
CSI2000,中证2000,CSI2000-rapid_crash_then_rebound-044,rapid_crash_then_rebound,2024-01-22,2024-01-22,2024-02-27,Buy & Hold,0.2559197362680704,1.0,1.0,1.0,1.0,0,0
CSI2000,中证2000,CSI2000-rapid_crash_then_rebound-044,rapid_crash_then_rebound,2024-01-22,2024-01-22,2024-02-27,Constant Exposure - Train Fixed,0.17000958364837693,0.6386735261147916,0.6263619322368871,0.6201337825101403,0.6482905619882471,0,0
CSI2000,中证2000,CSI2000-rapid_crash_then_rebound-044,rapid_crash_then_rebound,2024-01-22,2024-01-22,2024-02-27,MA200,0.05544806411653902,0.19860430489217024,0.1903013569618832,0.186246369717257,0.20535447997783343,0,38
CSI2000,中证2000,CSI2000-rapid_crash_then_rebound-044,rapid_crash_then_rebound,2024-01-22,2024-01-22,2024-02-27,MA20/MA60,0.05544806411653891,0.19860430489217024,0.19030135696188322,0.18624636971725703,0.20535447997783346,0,3
CSI2000,中证2000,CSI2000-rapid_crash_then_rebound-044,rapid_crash_then_rebound,2024-01-22,2024-01-22,2024-02-27,Volatility Targeting,0.11589677537488396,0.7322482360590039,0.6993707300627974,0.22422785814052648,0.2268589906517628,21,922
CSI2000,中证2000,CSI2000-rapid_crash_then_rebound-044,rapid_crash_then_rebound,2024-01-22,2024-01-22,2024-02-27,Risk Score,0.05544806411653935,0.35793015813487816,0.3852738832661152,0.186246369717257,0.6575801006704025,3,237
CSI2000,中证2000,CSI2000-rapid_crash_then_rebound-045,rapid_crash_then_rebound,2024-02-01,2024-02-01,2024-03-13,Buy & Hold,0.14265335449433192,1.0,1.0,1.0,1.0,0,0
CSI2000,中证2000,CSI2000-rapid_crash_then_rebound-045,rapid_crash_then_rebound,2024-02-01,2024-02-01,2024-03-13,Constant Exposure - Train Fixed,0.09173337108496649,0.6371593099068175,0.6384953415054799,0.6201337825101403,0.6416686390025856,0,0
CSI2000,中证2000,CSI2000-rapid_crash_then_rebound-045,rapid_crash_then_rebound,2024-02-01,2024-02-01,2024-03-13,MA200,0.028736782147406714,0.19761612882014576,0.1984734280456588,0.186246369717257,0.20067534700518544,0,38
CSI2000,中证2000,CSI2000-rapid_crash_then_rebound-045,rapid_crash_then_rebound,2024-02-01,2024-02-01,2024-03-13,MA20/MA60,0.028736782147406603,0.19761612882014576,0.19847342804565882,0.18624636971725703,0.20067534700518544,0,3
CSI2000,中证2000,CSI2000-rapid_crash_then_rebound-045,rapid_crash_then_rebound,2024-02-01,2024-02-01,2024-03-13,Volatility Targeting,0.05805658478069253,0.46082732357992084,0.4027963422624209,0.2126783199938113,0.3085356173825055,24,922
CSI2000,中证2000,CSI2000-rapid_crash_then_rebound-045,rapid_crash_then_rebound,2024-02-01,2024-02-01,2024-03-13,Risk Score,0.04439258157438719,0.19761612882018179,0.1984734280456588,0.186246369717257,0.8506203139639515,5,237
CSI2000,中证2000,CSI2000-rapid_crash_then_rebound-046,rapid_crash_then_rebound,2024-04-16,2024-04-16,2024-05-07,Buy & Hold,0.013539949939017748,1.0,1.0,1.0,1.0,0,0
CSI2000,中证2000,CSI2000-rapid_crash_then_rebound-046,rapid_crash_then_rebound,2024-04-16,2024-04-16,2024-05-07,Constant Exposure - Train Fixed,0.008701742705323756,0.6389341499998455,0.6258644714260738,0.6258644714260738,0.6421745361997367,0,0
CSI2000,中证2000,CSI2000-rapid_crash_then_rebound-046,rapid_crash_then_rebound,2024-04-16,2024-04-16,2024-05-07,MA200,0.0027268128514591483,0.19880240394644555,0.18997311169860998,0.18997311169860998,0.20102862831001006,0,38
CSI2000,中证2000,CSI2000-rapid_crash_then_rebound-046,rapid_crash_then_rebound,2024-04-16,2024-04-16,2024-05-07,MA20/MA60,0.013539949939017637,1.0,1.0,1.0,1.0,0,3
CSI2000,中证2000,CSI2000-rapid_crash_then_rebound-046,rapid_crash_then_rebound,2024-04-16,2024-04-16,2024-05-07,Volatility Targeting,0.004524090452625473,0.537594097055774,0.4667280273239619,0.3270719589557412,0.34122948755520416,13,922
CSI2000,中证2000,CSI2000-rapid_crash_then_rebound-046,rapid_crash_then_rebound,2024-04-16,2024-04-16,2024-05-07,Risk Score,0.0039404203070841914,0.398193955180878,0.18999059701458051,0.18999059701458051,0.40154121347555893,4,237
CSI2000,中证2000,CSI2000-rapid_crash_then_rebound-047,rapid_crash_then_rebound,2024-10-15,2024-10-15,2024-11-11,Buy & Hold,0.04309163754104017,1.0,1.0,1.0,1.0,0,0
CSI2000,中证2000,CSI2000-rapid_crash_then_rebound-047,rapid_crash_then_rebound,2024-10-15,2024-10-15,2024-11-11,Constant Exposure - Train Fixed,0.027648770352906915,0.6352507586688819,0.6393323375880634,0.6311814174321309,0.6464484845507863,0,0
CSI2000,中证2000,CSI2000-rapid_crash_then_rebound-047,rapid_crash_then_rebound,2024-10-15,2024-10-15,2024-11-11,MA200,0.04309163754104006,1.0000799493019579,1.0,1.0,1.0,0,38
CSI2000,中证2000,CSI2000-rapid_crash_then_rebound-047,rapid_crash_then_rebound,2024-10-15,2024-10-15,2024-11-11,MA20/MA60,0.04309163754104006,1.0000799493019579,1.0,1.0,1.0,0,3
CSI2000,中证2000,CSI2000-rapid_crash_then_rebound-047,rapid_crash_then_rebound,2024-10-15,2024-10-15,2024-11-11,Volatility Targeting,0.009609478528559201,0.25225151159949183,0.21870515945470545,0.2153379605908821,0.4874847443256391,20,922
CSI2000,中证2000,CSI2000-rapid_crash_then_rebound-047,rapid_crash_then_rebound,2024-10-15,2024-10-15,2024-11-11,Risk Score,0.03664998654870355,0.8703003887849329,0.8493245109663758,0.6510729470901176,0.8531683467616469,3,237
CSI2000,中证2000,CSI2000-rapid_crash_then_rebound-048,rapid_crash_then_rebound,2025-01-06,2025-01-06,2025-02-10,Buy & Hold,0.030714017042065445,1.0,1.0,1.0,1.0,0,0
CSI2000,中证2000,CSI2000-rapid_crash_then_rebound-048,rapid_crash_then_rebound,2025-01-06,2025-01-06,2025-02-10,Constant Exposure - Train Fixed,0.0176639854970303,0.6239334662391757,0.5780632941989385,0.5718775271470706,0.583545979565043,0,0
CSI2000,中证2000,CSI2000-rapid_crash_then_rebound-048,rapid_crash_then_rebound,2025-01-06,2025-01-06,2025-02-10,MA200,0.030714017042065445,1.0,1.0,1.0,1.0,0,38
CSI2000,中证2000,CSI2000-rapid_crash_then_rebound-048,rapid_crash_then_rebound,2025-01-06,2025-01-06,2025-02-10,MA20/MA60,0.04237445626698444,1.0,1.0,0.19686261970059335,0.20310498445809252,1,3
CSI2000,中证2000,CSI2000-rapid_crash_then_rebound-048,rapid_crash_then_rebound,2025-01-06,2025-01-06,2025-02-10,Volatility Targeting,0.013136969798117626,0.47000499792494843,0.44079000088060516,0.36081405705531455,0.44777031597044004,20,922
CSI2000,中证2000,CSI2000-rapid_crash_then_rebound-048,rapid_crash_then_rebound,2025-01-06,2025-01-06,2025-02-10,Risk Score,0.012213508359461334,0.39558317519718933,0.3992259400138425,0.20451185004309255,0.8525254409128181,8,237
CSI2000,中证2000,CSI2000-rapid_crash_then_rebound-049,rapid_crash_then_rebound,2025-04-07,2025-04-07,2025-05-12,Buy & Hold,0.02154483989970357,1.0,1.0,1.0,1.0,0,0
CSI2000,中证2000,CSI2000-rapid_crash_then_rebound-049,rapid_crash_then_rebound,2025-04-07,2025-04-07,2025-05-12,Constant Exposure - Train Fixed,0.012506557984158007,0.5786804970148374,0.5621631809020833,0.5621631809020833,0.58101407066511,0,0
CSI2000,中证2000,CSI2000-rapid_crash_then_rebound-049,rapid_crash_then_rebound,2025-04-07,2025-04-07,2025-05-12,MA200,0.02154483989970357,1.0,1.0,0.2080732038464043,1.0,2,38
CSI2000,中证2000,CSI2000-rapid_crash_then_rebound-049,rapid_crash_then_rebound,2025-04-07,2025-04-07,2025-05-12,MA20/MA60,0.0071771562500443364,1.0,1.0,0.19782595769685524,0.20142568715583112,1,3
CSI2000,中证2000,CSI2000-rapid_crash_then_rebound-049,rapid_crash_then_rebound,2025-04-07,2025-04-07,2025-05-12,Volatility Targeting,0.009414534915069162,0.730697324323067,0.8283448026984748,0.27904670586029895,0.6277785378774652,23,922
CSI2000,中证2000,CSI2000-rapid_crash_then_rebound-049,rapid_crash_then_rebound,2025-04-07,2025-04-07,2025-05-12,Risk Score,0.01251271954353117,0.6498422082653368,0.6343532091228136,0.3967307123198286,0.8511297934727772,3,237
CSI2000,中证2000,CSI2000-rapid_crash_then_rebound-050,rapid_crash_then_rebound,2026-03-23,2026-03-23,2026-04-20,Buy & Hold,0.03780087784918529,1.0,1.0,1.0,1.0,0,0
CSI2000,中证2000,CSI2000-rapid_crash_then_rebound-050,rapid_crash_then_rebound,2026-03-23,2026-03-23,2026-04-20,Constant Exposure - Train Fixed,0.024501916140817315,0.6431849093770108,0.6377216540305083,0.6377216540305083,0.6476872051104144,0,0
CSI2000,中证2000,CSI2000-rapid_crash_then_rebound-050,rapid_crash_then_rebound,2026-03-23,2026-03-23,2026-04-20,MA200,0.03780087784918529,1.0,1.0,1.0,1.0,0,38
CSI2000,中证2000,CSI2000-rapid_crash_then_rebound-050,rapid_crash_then_rebound,2026-03-23,2026-03-23,2026-04-20,MA20/MA60,0.016013305685691925,1.0,1.0,0.19633226421579103,0.20138391676202175,1,3
CSI2000,中证2000,CSI2000-rapid_crash_then_rebound-050,rapid_crash_then_rebound,2026-03-23,2026-03-23,2026-04-20,Volatility Targeting,0.016174572272513954,0.6104952936264298,0.5361723668613156,0.38436833192382147,0.41081360703311787,20,922
CSI2000,中证2000,CSI2000-rapid_crash_then_rebound-050,rapid_crash_then_rebound,2026-03-23,2026-03-23,2026-04-20,Risk Score,0.018570408632153534,0.49742752759438097,0.3916832904859835,0.20192182111242515,0.6519605281257355,7,237
CSI2000,中证2000,CSI2000-rapid_crash_then_rebound-051,rapid_crash_then_rebound,2026-07-17,2026-07-17,2026-08-17,Buy & Hold,0.05198966640442626,1.0,1.0,1.0,1.0,0,0
CSI2000,中证2000,CSI2000-rapid_crash_then_rebound-051,rapid_crash_then_rebound,2026-07-17,2026-07-17,2026-08-17,Constant Exposure - Train Fixed,0.033506055590126316,0.643339846694089,0.6319067386836789,0.6319067386836789,0.6506228391591451,0,0
CSI2000,中证2000,CSI2000-rapid_crash_then_rebound-051,rapid_crash_then_rebound,2026-07-17,2026-07-17,2026-08-17,MA200,0.01034900773246683,0.19838128357364768,0.19059463194801482,0.19059463194801482,0.20346492196836763,0,38
CSI2000,中证2000,CSI2000-rapid_crash_then_rebound-051,rapid_crash_then_rebound,2026-07-17,2026-07-17,2026-08-17,MA20/MA60,0.010349007732466942,0.1983812835738057,0.1905946319480148,0.1905946319480148,0.20346492196836757,0,3
CSI2000,中证2000,CSI2000-rapid_crash_then_rebound-051,rapid_crash_then_rebound,2026-07-17,2026-07-17,2026-08-17,Volatility Targeting,0.019614802142523535,0.5021607486867131,0.4779499208686827,0.319334018515969,0.43091528437600896,22,922
CSI2000,中证2000,CSI2000-rapid_crash_then_rebound-051,rapid_crash_then_rebound,2026-07-17,2026-07-17,2026-08-17,Risk Score,0.010349007732467386,0.27753776658761453,0.19059463194801485,0.19059463194801485,0.6548795281478172,4,237
